ticker,name,country,category
2802.T,Ajinomoto,Japan,Food ingredients
5285.KL,SD Guthrie,Malaysia,Palm oil
A,"Agilent Technologies, Inc. Common Stock",United States,Broad US equity universe
AA,Alcoa Corporation Common Stock ,United States,Broad US equity universe
AACB,Artius II Acquisition Inc. - Class A Ordinary Shares,United States,Broad US equity universe
AACI,Armada Acquisition Corp. III - Class A Ordinary Share,United States,Broad US equity universe
AACO,Abony Acquisition Corp. I - Class A Ordinary Share,United States,Broad US equity universe
AACP,Apogee Acquisition Corp - Class A Ordinary Shares,United States,Broad US equity universe
AADX,"Applied Aerospace & Defense, Inc. Common Stock",United States,Broad US equity universe
AAL,"American Airlines Group, Inc. - Common Stock",United States,Broad US equity universe
AALI.JK,Astra Agro Lestari,Indonesia,Palm oil
AAME,Atlantic American Corporation - Common Stock,United States,Broad US equity universe
AAMI,Acadian Asset Management Inc. Common Stock,United States,Broad US equity universe
AAOI,"Applied Optoelectronics, Inc. - Common Stock",United States,Broad US equity universe
AAON,"AAON, Inc. - Common Stock",United States,Broad US equity universe
AAP,Advance Auto Parts Inc.,United States,Broad US equity universe
AAPG,Ascentage Pharma Group International - American Depository Shares,United States,Broad US equity universe
AAPL,Apple Inc. - Common Stock,United States,Broad US equity universe
AARD,"Aardvark Therapeutics, Inc. - Common Stock",United States,Broad US equity universe
AAT,"American Assets Trust, Inc. Common Stock",United States,Broad US equity universe
AAUC,Allied Gold Corporation Common Shares,United States,Broad US equity universe
ABAT,American Battery Technology Company - Common Stock,United States,Broad US equity universe
ABBV,AbbVie Inc. Common Stock,United States,Broad US equity universe
ABCB,Ameris Bancorp Common Stock,United States,Broad US equity universe
ABCL,AbCellera Biologics Inc. - Common Shares,United States,Broad US equity universe
ABEO,Abeona Therapeutics Inc. - Common Stock,United States,Broad US equity universe
ABG,Asbury Automotive Group Inc Common Stock,United States,Broad US equity universe
ABLV,Able View Global Inc. - Class B Ordinary Shares,United States,Broad US equity universe
ABM,ABM Industries Incorporated Common Stock,United States,Broad US equity universe
ABNB,"Airbnb, Inc. - Class A Common Stock",United States,Broad US equity universe
ABOS,"Acumen Pharmaceuticals, Inc. - Common Stock",United States,Broad US equity universe
ABR,Arbor Realty Trust Common Stock,United States,Broad US equity universe
ABSI,Absci Corporation - Common Stock,United States,Broad US equity universe
ABT,Abbott Laboratories Common Stock,United States,Broad US equity universe
ABTC,American Bitcoin Corp. - Class A Common Stock,United States,Broad US equity universe
ABTS,Abits Group Inc - Ordinary Shares,United States,Broad US equity universe
ABUS,Arbutus Biopharma Corporation - Common Stock,United States,Broad US equity universe
ABVC,"ABVC BioPharma, Inc. - Common Stock",United States,Broad US equity universe
ABX,"Abacus Global Management, Inc. Class A Common Stock",United States,Broad US equity universe
ACA,"Arcosa, Inc. Common Stock ",United States,Broad US equity universe
ACAA,Averin Capital Acquisition Corp. - Class A Ordinary Shares,United States,Broad US equity universe
ACAD,ACADIA Pharmaceuticals Inc. - Common Stock,United States,Broad US equity universe
ACB,Aurora Cannabis Inc. - Common Shares,United States,Broad US equity universe
ACCL,Acco Group Holdings Limited - Class A Ordinary Shares,United States,Broad US equity universe
ACCO,Acco Brands Corporation Common Stock,United States,Broad US equity universe
ACCS,ACCESS Newswire Inc. Common Stock,United States,Broad US equity universe
ACDC,ProFrac Holding Corp. - Class A Common Stock,United States,Broad US equity universe
ACEL,"Accel Entertainment, Inc. ",United States,Broad US equity universe
ACET,"Adicet Bio, Inc. - Common Stock",United States,Broad US equity universe
ACFN,"Acorn Energy, Inc. - Common Stock",United States,Broad US equity universe
ACGC,ACP Holdings Acquisition Corp. - Class A Ordinary Shares,United States,Broad US equity universe
ACGL,Arch Capital Group Ltd. - Common Stock,United States,Broad US equity universe
ACH,"Accendra Health, Inc. Common Stock",United States,Broad US equity universe
ACHC,"Acadia Healthcare Company, Inc. - Common Stock",United States,Broad US equity universe
ACHR,Archer Aviation Inc. Class A Common Stock,United States,Broad US equity universe
ACHV,"Achieve Life Sciences, Inc.  - Common Shares",United States,Broad US equity universe
ACI,"Albertsons Companies, Inc. Class A Common Stock",United States,Broad US equity universe
ACIC,American Coastal Insurance Corporation - Common Stock,United States,Broad US equity universe
ACIU,AC Immune SA - Common Stock,United States,Broad US equity universe
ACIW,"ACI Worldwide, Inc. - Common Stock",United States,Broad US equity universe
ACLS,"Axcelis Technologies, Inc. - Common Stock",United States,Broad US equity universe
ACM,AECOM Common Stock,United States,Broad US equity universe
ACMR,"ACM Research, Inc. - Class A Common Stock",United States,Broad US equity universe
ACN,Accenture plc Class A Ordinary Shares (Ireland),United States,Broad US equity universe
ACNB,ACNB Corporation - Common Stock,United States,Broad US equity universe
ACNT,Ascent Industries Co. - Common Stock,United States,Broad US equity universe
ACOG,Alpha Cognition Inc. - Common Stock,United States,Broad US equity universe
ACON,"Aclarion, Inc. - Common Stock",United States,Broad US equity universe
ACP,abrdn Income Credit Strategies Fund Common Shares,United States,Broad US equity universe
ACR,ACRES Commercial Realty Corp. Common Stock,United States,Broad US equity universe
ACRE,Ares Commercial Real Estate Corporation Common Stock,United States,Broad US equity universe
ACRS,"Aclaris Therapeutics, Inc. - Common Stock",United States,Broad US equity universe
ACRV,"Acrivon Therapeutics, Inc. - Common Stock",United States,Broad US equity universe
ACT,"Enact Holdings, Inc. - Common Stock",United States,Broad US equity universe
ACTG,Acacia Research Corporation - Common Stock,United States,Broad US equity universe
ACTU,"Actuate Therapeutics, Inc. - Common stock",United States,Broad US equity universe
ACU,Acme United Corporation. Common Stock,United States,Broad US equity universe
ACV,Virtus Diversified Income & Convertible Fund Common Shares of Beneficial Interest,United States,Broad US equity universe
ACVA,ACV Auctions Inc. Class A Common Stock,United States,Broad US equity universe
ACXP,"Acurx Pharmaceuticals, Inc. - Common Stock",United States,Broad US equity universe
AD,"Array Digital Infrastructure, Inc. Common Shares",United States,Broad US equity universe
ADAC,American Drive Acquisition Company - Class A Ordinary Shares,United States,Broad US equity universe
ADAG,"Adagene Inc. - ADS, each representing 1.25 ordinary shares",United States,Broad US equity universe
ADAM,"Adamas Trust, Inc. - Common Stock",United States,Broad US equity universe
ADBE,Adobe Inc. - Common Stock,United States,Broad US equity universe
ADC,Agree Realty Corporation Common Stock,United States,Broad US equity universe
ADCT,ADC Therapeutics SA Common Shares,United States,Broad US equity universe
ADEA,Adeia Inc.  - Common Stock,United States,Broad US equity universe
ADGM,"Adagio Medical Holdings, Inc - Common Stock",United States,Broad US equity universe
ADI,"Analog Devices, Inc. - Common Stock",United States,Broad US equity universe
ADIG,ADI Global Distribution Inc. Common Stock,United States,Broad US equity universe
ADIL,"Adial Pharmaceuticals, Inc - Common Stock",United States,Broad US equity universe
ADM,Archer-Daniels-Midland,United States,Crop processing
ADMA,ADMA Biologics Inc - Common Stock,United States,Broad US equity universe
ADNT,Adient plc Ordinary Shares ,United States,Broad US equity universe
ADP,"Automatic Data Processing, Inc. - Common Stock",United States,Broad US equity universe
ADPT,Adaptive Biotechnologies Corporation - Common Stock,United States,Broad US equity universe
ADSE,ADS-TEC ENERGY PLC - Ordinary Shares,United States,Broad US equity universe
ADSK,"Autodesk, Inc. - Common Stock",United States,Broad US equity universe
ADT,ADT Inc. Common Stock,United States,Broad US equity universe
ADTN,"ADTRAN Holdings, Inc. - Common Stock",United States,Broad US equity universe
ADUR,Aduro Clean Technologies Inc. - Common Stock,United States,Broad US equity universe
ADUS,Addus HomeCare Corporation - Common Stock,United States,Broad US equity universe
ADV,Advantage Solutions Inc.  - Class A Common Stock,United States,Broad US equity universe
ADVB,Advanced Biomed Inc. - Common Stock,United States,Broad US equity universe
ADX,Adams Diversified Equity Fund Inc.,United States,Broad US equity universe
AEAQ,Activate Energy Acquisition Corp. - Class A Ordinary Share,United States,Broad US equity universe
AEBI,Aebi Schmidt Holding AG - Common Stock,United States,Broad US equity universe
AEC,Anfield Energy Inc. - Common Shares,United States,Broad US equity universe
AEE,Ameren Corporation Common Stock,United States,Broad US equity universe
AEF,"abrdn Emerging Markets ex-China Fund, Inc. Common Stock",United States,Broad US equity universe
AEG,Aegon Ltd. New York Registry Shares,United States,Broad US equity universe
AEHL,Antelope Enterprise Holdings Limited - Class A Ordinary Shares,United States,Broad US equity universe
AEHR,Aehr Test Systems - Common Stock,United States,Broad US equity universe
AEI,Alset Inc. - Common Stock,United States,Broad US equity universe
AEIS,"Advanced Energy Industries, Inc. - Common Stock",United States,Broad US equity universe
AEM,Agnico Eagle Mines Limited Common Stock,United States,Broad US equity universe
AEMD,"Aethlon Medical, Inc. - Common Stock",United States,Broad US equity universe
AENT,Alliance Entertainment Holding Corporation - common stock,United States,Broad US equity universe
AEO,"American Eagle Outfitters, Inc. Common Stock",United States,Broad US equity universe
AEON,"AEON Biopharma, Inc. Class A Common Stock",United States,Broad US equity universe
AEP,"American Electric Power Company, Inc. - Common Stock",United States,Broad US equity universe
AER,AerCap Holdings N.V. Ordinary Shares,United States,Broad US equity universe
AERT,"Aeries Technology, Inc. - Class A Ordinary Share",United States,Broad US equity universe
AES,The AES Corporation Common Stock,United States,Broad US equity universe
AESI,Atlas Energy Solutions Inc. Common Stock,United States,Broad US equity universe
AESP,Aeon Acquisition I Corp. - Class A Ordinary Shares,United States,Broad US equity universe
AEVA,"Aeva Technologies, Inc. - Common Stock",United States,Broad US equity universe
AEXA,American Exceptionalism Acquisition Corp. A Class A Ordinary Shares,United States,Broad US equity universe
AEYE,"AudioEye, Inc. - Common Stock",United States,Broad US equity universe
AFB,AllianceBernstein National Municipal Income Fund Inc,United States,Broad US equity universe
AFCG,Advanced Flower Capital Inc. - Common Stock,United States,Broad US equity universe
AFG,"American Financial Group, Inc. Common Stock",United States,Broad US equity universe
AFJK,"Aimei Health Technology Co., Ltd - Ordinary Share",United States,Broad US equity universe
AFL,AFLAC Incorporated Common Stock,United States,Broad US equity universe
AFRI,Forafric Global PLC - Ordinary Shares,United States,Broad US equity universe
AFRM,"Affirm Holdings, Inc. - Class A Common Stock",United States,Broad US equity universe
AFYA,Afya Limited - Class A Common Shares,United States,Broad US equity universe
AG,First Majestic Silver Corp. Ordinary Shares (Canada),United States,Broad US equity universe
AGBK,AGI Inc Class A Common Shares,United States,Broad US equity universe
AGCC,Agencia Comercial Spirits Ltd - Class A Ordinary Share,United States,Broad US equity universe
AGCO,AGCO Corporation Common Stock,United States,Broad US equity universe
AGD,abrdn Global Dynamic Dividend Fund Common Shares of Beneficial Interest,United States,Broad US equity universe
AGEN,Agenus Inc. - Common Stock,United States,Broad US equity universe
AGI,Alamos Gold Inc. Class A Common Shares,United States,Broad US equity universe
AGIG,Abundia Global Impact Group Inc. Common stock,United States,Broad US equity universe
AGIO,"Agios Pharmaceuticals, Inc. - Common Stock",United States,Broad US equity universe
AGL,"agilon health, inc. Common Stock",United States,Broad US equity universe
AGM,Federal Agricultural Mortgage Corporation Common Stock,United States,Broad US equity universe
AGM-A,Federal Agricultural Mortgage Corporation Common Stock,United States,Broad US equity universe
AGMB,AgomAb Therapeutics NV - ADRs representing one common share.,United States,Broad US equity universe
AGMH,AGM Group Holdings Inc. - Class A Ordinary Shares,United States,Broad US equity universe
AGNC,AGNC Investment Corp. - Common Stock,United States,Broad US equity universe
AGNT,"AGNT, Inc. - Common Stock",United States,Broad US equity universe
AGO,Assured Guaranty Ltd. Common Stock,United States,Broad US equity universe
AGPU,Axe Compute Inc. - Common Stock,United States,Broad US equity universe
AGRO,Adecoagro S.A. Common Shares,United States,Broad US equity universe
AGRZ,Agroz Inc. - Class A Ordinary Shares,United States,Broad US equity universe
AGX,"Argan, Inc. Common Stock",United States,Broad US equity universe
AGYS,"Agilysys, Inc. - Common Stock",United States,Broad US equity universe
AHCO,AdaptHealth Corp.  - Common Stock,United States,Broad US equity universe
AHMA,Ambitions Enterprise Management Co. L.L.C - Class A Ordinary Shares,United States,Broad US equity universe
AHR,"American Healthcare REIT, Inc. Common Stock",United States,Broad US equity universe
AHRT,"AH Realty Trust, Inc. Common Stock",United States,Broad US equity universe
AHT,Ashford Hospitality Trust Inc Common Stock,United States,Broad US equity universe
AI,"C3.ai, Inc. Class A Common Stock",United States,Broad US equity universe
AIAI,AIAI Holdings Corporation - Class A common stock,United States,Broad US equity universe
AIB,AIB Data Centers Inc. Common Stock,United States,Broad US equity universe
AIBZ,Bitzero Holdings Inc. - Common Shares,United States,Broad US equity universe
AIDX,"20/20 Biolabs, Inc. - Common Stock",United States,Broad US equity universe
AIFA,"All In FutureTech Alliance, Inc. - Common Stock",United States,Broad US equity universe
AIFC,AI Financial Corporation - Common Stock,United States,Broad US equity universe
AIFF,"Firefly Neuroscience, Inc.  - Common Stock",United States,Broad US equity universe
AIFU,AIFU Inc. - Class A Ordinary Share,United States,Broad US equity universe
AIG,"American International Group, Inc. New Common Stock",United States,Broad US equity universe
AIHS,Senmiao Technology Limited - Common Stock,United States,Broad US equity universe
AII,"American Integrity Insurance Group, Inc. Common Stock",United States,Broad US equity universe
AIIA,AI Infrastructure Acquisition Corp. Class A Ordinary Shares,United States,Broad US equity universe
AIIO,Robo.ai Inc. - Class B Ordinary Shares,United States,Broad US equity universe
AIIR,Air Global PLC - Ordinary shares,United States,Broad US equity universe
AIM,AIM ImmunoTech Inc. Common Stock,United States,Broad US equity universe
AIMD,"Ainos, Inc. - Common Stock",United States,Broad US equity universe
AIN,Albany International Corporation Common Stock,United States,Broad US equity universe
AIO,Virtus Artificial Intelligence & Technology Opportunities Fund Common Shares of Beneficial Interest,United States,Broad US equity universe
AIOS,AIOS Tech Inc. - Class A Common Shares,United States,Broad US equity universe
AIOT,"PowerFleet, Inc. - Common Stock",United States,Broad US equity universe
AIP,"Arteris, Inc.  - Common Stock",United States,Broad US equity universe
AIR,AAR Corp. Common Stock,United States,Broad US equity universe
AIRE,reAlpha Tech Corp. - Common Stock,United States,Broad US equity universe
AIRG,"Airgain, Inc. - Common Stock",United States,Broad US equity universe
AIRI,Air Industries Group Common Stock,United States,Broad US equity universe
AIRJ,AirJoule Technologies Corporation - Class A Common Stock,United States,Broad US equity universe
AIRO,"AIRO Group Holdings, Inc. - Common Stock",United States,Broad US equity universe
AIRS,"AirSculpt Technologies, Inc. - Common Stock",United States,Broad US equity universe
AIRT,"Air T, Inc. - Common Stock",United States,Broad US equity universe
AISP,"Airship AI Holdings, Inc - Class A Common Stock",United States,Broad US equity universe
AIT,"Applied Industrial Technologies, Inc. Common Stock",United States,Broad US equity universe
AIV,Apartment Investment and Management Company Common Stock,United States,Broad US equity universe
AIXC,"AIxCrypto Holdings, Inc. - Common Stock",United States,Broad US equity universe
AIZ,"Assurant, Inc. Common Stock",United States,Broad US equity universe
AJG,Arthur J. Gallagher & Co. Common Stock,United States,Broad US equity universe
AKA,a.k.a. Brands Holding Corp. Common Stock,United States,Broad US equity universe
AKAM,"Akamai Technologies, Inc. - Common Stock",United States,Broad US equity universe
AKAN,Akanda Corp. - Common Shares,United States,Broad US equity universe
AKBA,"Akebia Therapeutics, Inc. - Common Stock",United States,Broad US equity universe
AKO-A,Embotelladora Andina S.A. Common Stock,United States,Broad US equity universe
AKO-B,Embotelladora Andina S.A. Common Stock,United States,Broad US equity universe
AKR,Acadia Realty Trust Common Stock,United States,Broad US equity universe
AKTS,"Aktis Oncology, Inc. - Common stock",United States,Broad US equity universe
ALAB,"Astera Labs, Inc. - Common Stock",United States,Broad US equity universe
ALB,Albemarle Corporation Common Stock,United States,Broad US equity universe
ALC,Alcon Inc. Ordinary Shares,United States,Broad US equity universe
ALCO,"Alico, Inc. - Common Stock",United States,Broad US equity universe
ALDF,Aldel Financial II Inc. - Class A Ordinary Shares,United States,Broad US equity universe
ALDX,"Aldeyra Therapeutics, Inc. - Common Stock",United States,Broad US equity universe
ALEC,"Alector, Inc. - Common Stock",United States,Broad US equity universe
ALF,Centurion Acquisition Corp. - Class A Ordinary Shares,United States,Broad US equity universe
ALG,"Alamo Group, Inc. Common Stock",United States,Broad US equity universe
ALGM,"Allegro MicroSystems, Inc. - Common Stock",United States,Broad US equity universe
ALGN,"Align Technology, Inc. - Common Stock",United States,Broad US equity universe
ALGS,"Aligos Therapeutics, Inc. - Common stock",United States,Broad US equity universe
ALGT,Allegiant Travel Company - Common Stock,United States,Broad US equity universe
ALH,Alliance Laundry Holdings Inc. Common Stock,United States,Broad US equity universe
ALHC,"Alignment Healthcare, Inc. - Common Stock",United States,Broad US equity universe
ALIS,Calisa Acquisition Corp - Ordinary shares,United States,Broad US equity universe
ALIT,"Alight, Inc. Class A Common Stock",United States,Broad US equity universe
ALK,"Alaska Air Group, Inc. Common Stock",United States,Broad US equity universe
ALKS,Alkermes plc - Ordinary Shares,United States,Broad US equity universe
ALKT,"Alkami Technology, Inc. - Common Stock",United States,Broad US equity universe
ALL,Allstate Corporation (The) Common Stock,United States,Broad US equity universe
ALLE,Allegion plc Ordinary Shares,United States,Broad US equity universe
ALLO,"Allogene Therapeutics, Inc. - Common Stock",United States,Broad US equity universe
ALLR,"Allarity Therapeutics, Inc. - Common stock",United States,Broad US equity universe
ALLT,Allot Ltd. - Ordinary Shares,United States,Broad US equity universe
ALLY,Ally Financial Inc. Common Stock,United States,Broad US equity universe
ALM,Almonty Industries Inc. - Common Shares,United States,Broad US equity universe
ALMR,"Alamar Biosciences, Inc. - Class A common stock",United States,Broad US equity universe
ALMS,Alumis Inc. - Common Stock,United States,Broad US equity universe
ALMU,"Aeluma, Inc. - Common Stock",United States,Broad US equity universe
ALNT,Allient Inc. - Common Stock,United States,Broad US equity universe
ALNY,"Alnylam Pharmaceuticals, Inc. - Common Stock",United States,Broad US equity universe
ALOT,"AstroNova, Inc. - Common Stock",United States,Broad US equity universe
ALOV,"Aldabra 4 Liquidity Opportunity Vehicle, Inc. - Class A Ordinary Shares",United States,Broad US equity universe
ALOY,REalloys Inc. - Common Stock,United States,Broad US equity universe
ALP,Alpha Compute Corp  - Common Stock,United States,Broad US equity universe
ALPS,ALPS Group Inc - Ordinary Share,United States,Broad US equity universe
ALPX,Alpex Acquisition Corporation - Class A Ordinary Shares,United States,Broad US equity universe
ALRM,"Alarm.com Holdings, Inc. - Common Stock",United States,Broad US equity universe
ALRS,Alerus Financial Corporation - Common Stock,United States,Broad US equity universe
ALSN,"Allison Transmission Holdings, Inc. Common Stock",United States,Broad US equity universe
ALT,"Altimmune, Inc. - Common Stock",United States,Broad US equity universe
ALTG,Alta Equipment Group Inc. Class A Common Stock,United States,Broad US equity universe
ALTI,"AlTi Global, Inc. - Class A Common Stock",United States,Broad US equity universe
ALTO,"Alto Ingredients, Inc. - Common Stock",United States,Broad US equity universe
ALUB,Alussa Energy Acquisition Corp. II Class A Ordinary Shares,United States,Broad US equity universe
ALV,"Autoliv, Inc. Common Stock",United States,Broad US equity universe
ALVO,Alvotech - Ordinary Shares,United States,Broad US equity universe
ALX,"Alexander's, Inc. Common Stock",United States,Broad US equity universe
ALXO,ALX Oncology Holdings Inc. - Common Stock,United States,Broad US equity universe
ALZN,"Alzamend Neuro, Inc. - Common Stock",United States,Broad US equity universe
AM,Antero Midstream Corporation Common Stock,United States,Broad US equity universe
AMAL,Amalgamated Financial Corp. - Common Stock,United States,Broad US equity universe
AMAN,Amanat Acquisition Corp - Class A Ordinary Shares,United States,Broad US equity universe
AMAT,"Applied Materials, Inc. - Common Stock",United States,Broad US equity universe
AMBA,"Ambarella, Inc. - Ordinary Shares",United States,Broad US equity universe
AMBO,Ambow Education Holding Ltd. American Depository Shares (each representing twenty (20) Class A Ordinary Shares),United States,Broad US equity universe
AMBP,Ardagh Metal Packaging S.A. Ordinary Shares,United States,Broad US equity universe
AMBQ,"Ambiq Micro, Inc. Common Stock",United States,Broad US equity universe
AMC,"AMC Entertainment Holdings, Inc. Class A Common Stock",United States,Broad US equity universe
AMCI,AMC Robotics Corporation - Common Stock,United States,Broad US equity universe
AMCR,Amcor plc Ordinary Shares,United States,Broad US equity universe
AMCX,AMC Global Media Inc. - Class A Common Stock,United States,Broad US equity universe
AMD,"Advanced Micro Devices, Inc. - Common Stock",United States,Broad US equity universe
AME,"AMETEK, Inc.",United States,Broad US equity universe
AMG,"Affiliated Managers Group, Inc. Common Stock",United States,Broad US equity universe
AMGN,Amgen Inc. - Common Stock,United States,Broad US equity universe
AMH,American Homes 4 Rent Common Shares of Beneficial Interest,United States,Broad US equity universe
AMIX,"Autonomix Medical, Inc. - Common Stock",United States,Broad US equity universe
AMKR,"Amkor Technology, Inc. - Common Stock",United States,Broad US equity universe
AMLX,"Amylyx Pharmaceuticals, Inc. - Common Stock",United States,Broad US equity universe
AMN,AMN Healthcare Services Inc,United States,Broad US equity universe
AMOD,"Alpha Modus Holdings, Inc. - Class A Common Stock",United States,Broad US equity universe
AMP,"Ameriprise Financial, Inc. Common Stock",United States,Broad US equity universe
AMPG,"Amplitech Group, Inc. - Common Stock",United States,Broad US equity universe
AMPH,"Amphastar Pharmaceuticals, Inc. - Common Stock",United States,Broad US equity universe
AMPL,"Amplitude, Inc. - Class A Common Stock",United States,Broad US equity universe
AMPX,"Amprius Technologies, Inc. Common Stock",United States,Broad US equity universe
AMPY,Amplify Energy Corp. Common Stock,United States,Broad US equity universe
AMR,"Alpha Metallurgical Resources, Inc. Common Stock",United States,Broad US equity universe
AMRC,"Ameresco, Inc. Class A Common Stock",United States,Broad US equity universe
AMRX,"Amneal Pharmaceuticals, Inc. - Class A Common Stock",United States,Broad US equity universe
AMRZ,Amrize Ltd Ordinary Shares,United States,Broad US equity universe
AMS,American Shared Hospital Services Common Stock,United States,Broad US equity universe
AMSC,American Superconductor Corporation - Common Stock,United States,Broad US equity universe
AMSF,"AMERISAFE, Inc. - Common Stock",United States,Broad US equity universe
AMSS,AMASS Brands Inc. - Common Stock,United States,Broad US equity universe
AMST,Amesite Inc. - Common Stock,United States,Broad US equity universe
AMT,American Tower Corporation (REIT) Common Stock,United States,Broad US equity universe
AMTB,Amerant Bancorp Inc. Class A Common Stock,United States,Broad US equity universe
AMTM,"Amentum Holdings, Inc. Common Stock",United States,Broad US equity universe
AMTX,"Aemetis, Inc - Common Stock",United States,Broad US equity universe
AMUB,"ETRACS Alerian MLP Index ETN Series B due July 18, 2042",United States,Broad US equity universe
AMWL,American Well Corporation Class A Common Stock,United States,Broad US equity universe
AMZE,"Amaze Holdings, Inc. Common Stock",United States,Broad US equity universe
AMZN,"Amazon.com, Inc. - Common Stock",United States,Broad US equity universe
AN,"AutoNation, Inc. Common Stock",United States,Broad US equity universe
ANAB,"AnaptysBio, Inc. - Common Stock",United States,Broad US equity universe
ANDE,"The Andersons, Inc. - Common Stock",United States,Broad US equity universe
ANDG,Andersen Group Inc. Class A Common Stock,United States,Broad US equity universe
ANET,"Arista Networks, Inc. Common Stock",United States,Broad US equity universe
ANF,Abercrombie & Fitch Company Common Stock,United States,Broad US equity universe
ANGH,Anghami Inc. - Ordinary Shares,United States,Broad US equity universe
ANGI,Angi Inc. - Class A Common Stock,United States,Broad US equity universe
ANGO,"AngioDynamics, Inc. - Common Stock",United States,Broad US equity universe
ANGX,"Angel Studios, Inc. Class A Common Stock",United States,Broad US equity universe
ANIK,Anika Therapeutics Inc. - Common Stock,United States,Broad US equity universe
ANIP,"ANI Pharmaceuticals, Inc. - Common Stock",United States,Broad US equity universe
ANIX,"Anixa Biosciences, Inc. - Common Stock",United States,Broad US equity universe
ANNA,"AleAnna, Inc. - Class A Common Stock",United States,Broad US equity universe
ANNX,"Annexon, Inc. - common stock",United States,Broad US equity universe
ANPA,Rich Sparkle Holdings Limited - Ordinary Shares,United States,Broad US equity universe
ANRO,"Alto Neuroscience, Inc. Common Stock",United States,Broad US equity universe
ANTA,Antalpha Platform Holding Company - Class A Ordinary Shares,United States,Broad US equity universe
ANTX,"AN2 Therapeutics, Inc. - Common Stock",United States,Broad US equity universe
ANVS,"Annovis Bio, Inc. Common Stock",United States,Broad US equity universe
ANY,Sphere 3D Corp. - Common Shares,United States,Broad US equity universe
AOD,abrdn Total Dynamic Dividend Fund Common Shares of Beneficial Interest,United States,Broad US equity universe
AOMR,"Angel Oak Mortgage REIT, Inc. Common Stock",United States,Broad US equity universe
AON,Aon plc Class A Ordinary Shares (Ireland),United States,Broad US equity universe
AORT,"Artivion, Inc. Common Stock",United States,Broad US equity universe
AOS,A.O. Smith Corporation Common Stock,United States,Broad US equity universe
AOSL,Alpha and Omega Semiconductor Limited - Common Shares,United States,Broad US equity universe
AOUT,"American Outdoor Brands, Inc. - Common Stock",United States,Broad US equity universe
AP,Ampco-Pittsburgh Corporation Common Stock,United States,Broad US equity universe
APA,APA Corporation - Common Stock,United States,Broad US equity universe
APAC,StoneBridge Acquisition II Corporation - Class A Ordinary Shares,United States,Broad US equity universe
APAM,Artisan Partners Asset Management Inc. Class A Common Stock,United States,Broad US equity universe
APC,ARKO Petroleum Corp. - Class A Common Stock,United States,Broad US equity universe
APD,"Air Products and Chemicals, Inc. Common Stock",United States,Broad US equity universe
APEI,"American Public Education, Inc. - Common Stock",United States,Broad US equity universe
APG,APi Group Corporation Common Stock,United States,Broad US equity universe
APGE,"Apogee Therapeutics, Inc. - Common Stock",United States,Broad US equity universe
APH,Amphenol Corporation Common Stock,United States,Broad US equity universe
API,"Agora, Inc. - ADS",United States,Broad US equity universe
APLD,Applied Digital Corporation - Common Stock,United States,Broad US equity universe
APLE,"Apple Hospitality REIT, Inc. Common Shares",United States,Broad US equity universe
APLM,Apollomics Inc. - Class A Ordinary Shares,United States,Broad US equity universe
APMC,AmperCap Acquisition Company - Ordinary Shares,United States,Broad US equity universe
APMD,"Apnimed, Inc. - Common Stock",United States,Broad US equity universe
APO,"Apollo Global Management, Inc. (New) Common Stock",United States,Broad US equity universe
APOG,"Apogee Enterprises, Inc. - Common Stock",United States,Broad US equity universe
APP,Applovin Corporation - Class A Common Stock,United States,Broad US equity universe
APPF,"AppFolio, Inc. - Class A Common Stock",United States,Broad US equity universe
APPN,Appian Corporation - Class A Common Stock,United States,Broad US equity universe
APPS,"Digital Turbine, Inc. - Common Stock",United States,Broad US equity universe
APRE,"Aprea Therapeutics, Inc. - Common Stock",United States,Broad US equity universe
APT,"Alpha Pro Tech, Ltd. Common Stock",United States,Broad US equity universe
APTV,Aptiv PLC Ordinary Shares,United States,Broad US equity universe
APUR,Aperture AC - Class A Ordinary Shares,United States,Broad US equity universe
APUS,"Apimeds Pharmaceuticals US, Inc. Common Stock",United States,Broad US equity universe
APVO,Aptevo Therapeutics Inc. - Common Stock,United States,Broad US equity universe
APWC,"Asia Pacific Wire & Cable Corporation Limited  - Common shares, Par value .01 per share",United States,Broad US equity universe
APXT,Apex Treasury Corporation - Class A Ordinary Share,United States,Broad US equity universe
APYX,Apyx Medical Corporation - Common Stock,United States,Broad US equity universe
AQB,"AquaBounty Technologies, Inc. - Common Stock",United States,Broad US equity universe
AQMS,"Aqua Metals, Inc. - Common Stock",United States,Broad US equity universe
AQN,Algonquin Power & Utilities Corp. Common Shares,United States,Broad US equity universe
AQNB,"Algonquin Power & Utilities Corp. 6.20% Fixed-to-Floating Subordinated Notes Series 2019-A due July 1, 2079",United States,Broad US equity universe
AQST,"Aquestive Therapeutics, Inc. - Common Stock",United States,Broad US equity universe
AR,Antero Resources Corporation Common Stock,United States,Broad US equity universe
ARAI,Arrive AI Inc. - Common Stock,United States,Broad US equity universe
ARAY,Accuray Incorporated - Common Stock,United States,Broad US equity universe
ARBB,ARB IOT Group Limited - Ordinary Shares,United States,Broad US equity universe
ARBE,Arbe Robotics Ltd. - Ordinary Shares,United States,Broad US equity universe
ARCB,ArcBest Corporation - Common Stock,United States,Broad US equity universe
ARCC,Ares Capital Corporation - Closed End Fund,United States,Broad US equity universe
ARCI,Archimedes Tech SPAC Partners III Co. - Ordinary Share,United States,Broad US equity universe
ARCL,ARC Group Acquisition I Corp - Class A Ordinary Shares,United States,Broad US equity universe
ARCO,Arcos Dorados Holdings Inc. Class A Shares,United States,Broad US equity universe
ARCT,Arcturus Therapeutics Holdings Inc. - Common Stock,United States,Broad US equity universe
ARDC,"Ares Dynamic Credit Allocation Fund, Inc. Common Shares",United States,Broad US equity universe
ARDT,"Ardent Health, Inc. Common Stock",United States,Broad US equity universe
ARDX,"Ardelyx, Inc. - Common Stock",United States,Broad US equity universe
ARE,"Alexandria Real Estate Equities, Inc. Common Stock",United States,Broad US equity universe
AREC,American Resources Corporation - Class A Common Stock,United States,Broad US equity universe
AREN,"The Arena Group Holdings, Inc. Common Stock",United States,Broad US equity universe
ARES,Ares Management Corporation Class A Common Stock,United States,Broad US equity universe
ARHS,"Arhaus, Inc. - Class A Common Stock",United States,Broad US equity universe
ARI,"Apollo Commercial Real Estate Finance, Inc",United States,Broad US equity universe
ARIS,Aris Mining Corporation Common Shares,United States,Broad US equity universe
ARKO,ARKO Corp. - Common Stock,United States,Broad US equity universe
ARKR,Ark Restaurants Corp. - Common Stock,United States,Broad US equity universe
ARL,"American Realty Investors, Inc. Common Stock",United States,Broad US equity universe
ARLO,"Arlo Technologies, Inc. Common Stock",United States,Broad US equity universe
ARMK,Aramark Common Stock,United States,Broad US equity universe
ARMP,"Armata Pharmaceuticals, Inc. Common Stock",United States,Broad US equity universe
AROC,"Archrock, Inc. Common Stock",United States,Broad US equity universe
AROW,Arrow Financial Corporation - Common Stock,United States,Broad US equity universe
ARQ,"Arq, Inc. - Common Stock",United States,Broad US equity universe
ARQQ,Arqit Quantum Inc. - Ordinary Shares,United States,Broad US equity universe
ARQT,"Arcutis Biotherapeutics, Inc. - Common stock",United States,Broad US equity universe
ARR,"ARMOUR Residential REIT, Inc.",United States,Broad US equity universe
ARRY,"Array Technologies, Inc. - Common Stock",United States,Broad US equity universe
ARTC,Art Technology Acquisition Corp. - Class A Ordinary Shares,United States,Broad US equity universe
ARTL,"Artelo Biosciences, Inc. - Common Stock",United States,Broad US equity universe
ARTNA,Artesian Resources Corporation - Class A Non-Voting Common Stock,United States,Broad US equity universe
ARTV,"Artiva Biotherapeutics, Inc. - Common Stock",United States,Broad US equity universe
ARTW,"Art's-Way Manufacturing Co., Inc. - Common Stock",United States,Broad US equity universe
ARVN,"Arvinas, Inc. - Common Stock",United States,Broad US equity universe
ARW,"Arrow Electronics, Inc. Common Stock",United States,Broad US equity universe
ARWR,"Arrowhead Pharmaceuticals, Inc. - Common Stock",United States,Broad US equity universe
ARX,Accelerant Holdings Class A Common Shares,United States,Broad US equity universe
ARXS,"Arxis, Inc. - Class A Common Stock",United States,Broad US equity universe
AS,"Amer Sports, Inc. Ordinary Shares",United States,Broad US equity universe
ASA,ASA  Gold and Precious Metals Limited,United States,Broad US equity universe
ASAN,"Asana, Inc. Class A Common Stock",United States,Broad US equity universe
ASB,Associated Banc-Corp Common Stock,United States,Broad US equity universe
ASBP,"Aspire Biopharma Holdings, Inc.  - Common Stock",United States,Broad US equity universe
ASC,Ardmore Shipping Corporation Common Stock,United States,Broad US equity universe
ASG,"Liberty All-Star Growth Fund, Inc.",United States,Broad US equity universe
ASGI,abrdn Global Infrastructure Income Fund Common Shares of Beneficial Interest,United States,Broad US equity universe
ASH,Ashland Inc. Common Stock,United States,Broad US equity universe
ASIC,Ategrity Specialty Insurance Company Holdings Common Stock,United States,Broad US equity universe
ASIX,AdvanSix Inc. Common Stock ,United States,Broad US equity universe
ASLE,AerSale Corporation - Common Stock,United States,Broad US equity universe
ASM,Avino Silver & Gold Mines Ltd. Common Shares (Canada),United States,Broad US equity universe
ASMB,"Assembly Biosciences, Inc. - Common Stock",United States,Broad US equity universe
ASML,ASML Holding N.V. - New York Registry Shares,United States,Broad US equity universe
ASND,Ascendis Pharma A/S - Ordinary Share,United States,Broad US equity universe
ASO,"Academy Sports and Outdoors, Inc. - Common Stock",United States,Broad US equity universe
ASPC,A SPAC III Acquisition Corp. - Class A Ordinary Shares,United States,Broad US equity universe
ASPI,ASP Isotopes Inc. - Common Stock,United States,Broad US equity universe
ASPN,"Aspen Aerogels, Inc. Common Stock",United States,Broad US equity universe
ASPS,Altisource Portfolio Solutions S.A. - Common Stock,United States,Broad US equity universe
ASR,"Grupo Aeroportuario del Sureste, S.A. de C.V. Common Stock",United States,Broad US equity universe
ASRV,AmeriServ Financial Inc. - Common Stock,United States,Broad US equity universe
ASST,"Strive, Inc. - Class A Common Stock",United States,Broad US equity universe
ASTC,Astrotech Corporation - Common Stock,United States,Broad US equity universe
ASTE,"Astec Industries, Inc. - Common Stock",United States,Broad US equity universe
ASTH,Astrana Health Inc. - Common Stock,United States,Broad US equity universe
ASTI,"Ascent Solar Technologies, Inc - Common Stock",United States,Broad US equity universe
ASTL,Algoma Steel Group Inc. - Common Shares,United States,Broad US equity universe
ASTS,"AST SpaceMobile, Inc. - Class A Common Stock",United States,Broad US equity universe
ASUR,Asure Software Inc - Common Stock,United States,Broad US equity universe
ASYS,"Amtech Systems, Inc. - Common Stock",United States,Broad US equity universe
ATAI,AtaiBeckley Inc. - Common Stock,United States,Broad US equity universe
ATCH,"AtlasClear Holdings, Inc. Common Stock",United States,Broad US equity universe
ATCX,Atlas Critical Minerals Corporation - Common Stock,United States,Broad US equity universe
ATEC,"Alphatec Holdings, Inc. - Common Stock",United States,Broad US equity universe
ATEN,"A10 Networks, Inc. Common Stock",United States,Broad US equity universe
ATER,"Aterian, Inc. - Common Stock",United States,Broad US equity universe
ATEX,Anterix Inc. - Common Stock,United States,Broad US equity universe
ATGL,Alpha Technology Group Limited - Class A Ordinary Shares,United States,Broad US equity universe
ATHR,"Aether Holdings, Inc. - Common Stock",United States,Broad US equity universe
ATI,ATI Inc. Common Stock,United States,Broad US equity universe
ATII,Archimedes Tech SPAC Partners II Co. - Ordinary Shares,United States,Broad US equity universe
ATKR,Atkore Inc. Common Stock,United States,Broad US equity universe
ATLC,Atlanticus Holdings Corporation - Common Stock,United States,Broad US equity universe
ATLO,Ames National Corporation - Common Stock,United States,Broad US equity universe
ATLX,Atlas Lithium Corporation - Common Stock,United States,Broad US equity universe
ATMP,iPath Select MLP ETN,United States,Broad US equity universe
ATMU,Atmus Filtration Technologies Inc. Common Stock,United States,Broad US equity universe
ATNI,"ATN International, Inc. - Common Stock",United States,Broad US equity universe
ATNM,"Actinium Pharmaceuticals, Inc. (Delaware) Common Stock",United States,Broad US equity universe
ATO,Atmos Energy Corporation Common Stock,United States,Broad US equity universe
ATOM,Atomera Incorporated - Common Stock,United States,Broad US equity universe
ATOS,"Atossa Therapeutics, Inc. - Common Stock",United States,Broad US equity universe
ATPC,Agape ATP Corporation - Common Stock,United States,Broad US equity universe
ATR,"AptarGroup, Inc. Common Stock",United States,Broad US equity universe
ATRA,"Atara Biotherapeutics, Inc. - Common Stock",United States,Broad US equity universe
ATRC,"AtriCure, Inc. - Common Stock",United States,Broad US equity universe
ATRO,Astronics Corporation - Common Stock,United States,Broad US equity universe
ATS,ATS Corporation Common Shares,United States,Broad US equity universe
ATTO,"Attovia Therapeutics, Inc. - Common Stock",United States,Broad US equity universe
ATXG,Addentax Group Corp. - Common Stock,United States,Broad US equity universe
ATYR,"aTyr Pharma, Inc. - Common Stock",United States,Broad US equity universe
AU,AngloGold Ashanti PLC Ordinary Shares,United States,Broad US equity universe
AUB,Atlantic Union Bankshares Corporation Common Stock,United States,Broad US equity universe
AUBN,"Auburn National Bancorporation, Inc. - Common Stock",United States,Broad US equity universe
AUC,ATIF Holdings Limited - Ordinary Shares,United States,Broad US equity universe
AUDC,AudioCodes Ltd. - Ordinary Shares,United States,Broad US equity universe
AUGO,Aura Minerals Inc. - Common Shares,United States,Broad US equity universe
AUID,authID Inc. - Common Stock,United States,Broad US equity universe
AUNA,Auna SA Class A Ordinary Shares,United States,Broad US equity universe
AUPH,Aurinia Pharmaceuticals Inc - Common Shares,United States,Broad US equity universe
AUR,"Aurora Innovation, Inc.  - Class A Common Stock",United States,Broad US equity universe
AURA,"Aura Biosciences, Inc. - Common Stock",United States,Broad US equity universe
AURE,Aurelion Inc.  - Class A Ordinary Shares,United States,Broad US equity universe
AUST,Austin Gold Corp. Common Shares,United States,Broad US equity universe
AUUD,Auddia Inc. - Common Stock,United States,Broad US equity universe
AVA,Avista Corporation Common Stock,United States,Broad US equity universe
AVAH,Aveanna Healthcare Holdings Inc. - Common Stock,United States,Broad US equity universe
AVAT,Avalanche Treasury Corporation - Class A Common Stock,United States,Broad US equity universe
AVAV,"AeroVironment, Inc. - Common Stock",United States,Broad US equity universe
AVB,"AvalonBay Communities, Inc. Common Stock",United States,Broad US equity universe
AVBC,"Avidia Bancorp, Inc. Common Stock",United States,Broad US equity universe
AVBH,"Avidbank Holdings, Inc. - Common Stock",United States,Broad US equity universe
AVBP,"ArriVent BioPharma, Inc. - Common Stock",United States,Broad US equity universe
AVD,American Vanguard Corporation Common Stock ($0.10 Par Value),United States,Broad US equity universe
AVEX,AEVEX Corp. Class A Common Stock,United States,Broad US equity universe
AVGO,Broadcom Inc. - Common Stock,United States,Broad US equity universe
AVIR,"Atea Pharmaceuticals, Inc. - common stock",United States,Broad US equity universe
AVK,Advent Convertible and Income Fund,United States,Broad US equity universe
AVLN,Avalyn Pharma Inc. - common stock,United States,Broad US equity universe
AVNT,Avient Corporation Common Stock,United States,Broad US equity universe
AVNW,"Aviat Networks, Inc. - Common Stock",United States,Broad US equity universe
AVO,"Mission Produce, Inc. - Common Stock",United States,Broad US equity universe
AVPT,"AvePoint, Inc. - Class A Common Stock",United States,Broad US equity universe
AVR,Anteris Technologies Global Corp. - Common Stock,United States,Broad US equity universe
AVT,"Avnet, Inc. - Common Stock",United States,Broad US equity universe
AVTR,"Avantor, Inc. Common Stock",United States,Broad US equity universe
AVTX,"Avalo Therapeutics, Inc. - Common Stock",United States,Broad US equity universe
AVX,Avax One Technology Ltd. - Common Shares,United States,Broad US equity universe
AVXL,Anavex Life Sciences Corp. - Common Stock,United States,Broad US equity universe
AVY,Avery Dennison Corporation Common Stock,United States,Broad US equity universe
AWF,Alliancebernstein Global High Income Fund,United States,Broad US equity universe
AWI,Armstrong World Industries Inc Common Stock,United States,Broad US equity universe
AWK,"American Water Works Company, Inc. Common Stock",United States,Broad US equity universe
AWP,abrdn Global Premier Properties Fund Common Shares of Beneficial Interest,United States,Broad US equity universe
AWR,American States Water Company Common Stock,United States,Broad US equity universe
AWRE,"Aware, Inc. - Common Stock",United States,Broad US equity universe
AWX,Avalon Holdings Corporation Common Stock,United States,Broad US equity universe
AX,"Axos Financial, Inc. Common Stock",United States,Broad US equity universe
AXG,Solowin Holdings - Class A Ordinary Share,United States,Broad US equity universe
AXGN,"Axogen, Inc. - Common Stock",United States,Broad US equity universe
AXIL,"AXIL Brands, Inc. Common Stock",United States,Broad US equity universe
AXIN,Axiom Intelligence Acquisition Corp 1 - Class A Ordinary Shares,United States,Broad US equity universe
AXON,"Axon Enterprise, Inc. - Common Stock",United States,Broad US equity universe
AXP,American Express Company Common Stock,United States,Broad US equity universe
AXR,AMREP Corporation Common Stock,United States,Broad US equity universe
AXS,Axis Capital Holdings Limited Common Stock,United States,Broad US equity universe
AXSM,"Axsome Therapeutics, Inc. - Common Stock",United States,Broad US equity universe
AXTA,Axalta Coating Systems Ltd. Common Shares,United States,Broad US equity universe
AXTI,AXT Inc - Common Stock,United States,Broad US equity universe
AYA,Aya Gold & Silver Inc. - Common Shares,United States,Broad US equity universe
AYI,Acuity Inc. Common Stock,United States,Broad US equity universe
AYTU,"Aytu BioPharma, Inc.  - Common Stock",United States,Broad US equity universe
AZ,A2Z Cust2Mate Solutions Corp. - Common Shares,United States,Broad US equity universe
AZI,Autozi Internet Technology (Global) Ltd. - Class A Ordinary Shares,United States,Broad US equity universe
AZIO,"Azio AI Holdings, Inc. - Common stock",United States,Broad US equity universe
AZN,AstraZeneca PLC Ordinary Shares,United States,Broad US equity universe
AZO,"AutoZone, Inc. Common Stock",United States,Broad US equity universe
AZTA,"Azenta, Inc. - Common Stock",United States,Broad US equity universe
AZTR,Azitra Inc Common Stock,United States,Broad US equity universe
AZZ,AZZ Inc.,United States,Broad US equity universe
B,Barrick Mining Corporation Common Shares,United States,Broad US equity universe
BA,Boeing Company (The) Common Stock,United States,Broad US equity universe
BAC,Bank of America Corporation Common Stock,United States,Broad US equity universe
BACC,Blue Acquisition Corp. - Class A Ordinary Shares,United States,Broad US equity universe
BAER,"Bridger Aerospace Group Holdings, Inc. - Common Stock",United States,Broad US equity universe
BAFN,BayFirst Financial Corp. - Common Stock,United States,Broad US equity universe
BAH,Booz Allen Hamilton Holding Corporation Common Stock,United States,Broad US equity universe
BAK,Braskem SA ADR,United States,Broad US equity universe
BALL,Ball Corporation Common Stock,United States,Broad US equity universe
BALY,Bally's Corporation Common Stock,United States,Broad US equity universe
BAM,Brookfield Asset Management Inc Class A Limited Voting Shares,United States,Broad US equity universe
BANC,"Banc of California, Inc. Common Stock",United States,Broad US equity universe
BAND,Bandwidth Inc. - Class A Common Stock,United States,Broad US equity universe
BANF,BancFirst Corporation - Common Stock,United States,Broad US equity universe
BANL,CBL International Limited - Class B Ordinary Shares,United States,Broad US equity universe
BANR,Banner Corporation - Common Stock,United States,Broad US equity universe
BANX,ArrowMark Financial Corp. - Closed End Fund,United States,Broad US equity universe
BAOS,Baosheng Media Group Holdings Limited - Ordinary shares,United States,Broad US equity universe
BAP,Credicorp Ltd. Common Stock,United States,Broad US equity universe
BAR,GraniteShares Gold Trust Shares of Beneficial Interest,United States,Broad US equity universe
BARK,"BARK, Inc. Class A Common Stock",United States,Broad US equity universe
BATL,Battalion Oil Corporation Common Stock,United States,Broad US equity universe
BATRA,"Atlanta Braves Holdings, Inc. - Series A Common Stock",United States,Broad US equity universe
BATRK,"Atlanta Braves Holdings, Inc. - Series C Common Stock",United States,Broad US equity universe
BAX,Baxter International Inc. Common Stock,United States,Broad US equity universe
BB,BlackBerry Limited Common Stock,United States,Broad US equity universe
BBAI,"BigBear.ai, Inc. Common Stock",United States,Broad US equity universe
BBAR,Banco BBVA Argentina S.A. ADS,United States,Broad US equity universe
BBBY,"Bed Bath & Beyond, Inc. Common Stock",United States,Broad US equity universe
BBCP,"Concrete Pumping Holdings, Inc.  - Common Stock",United States,Broad US equity universe
BBCQ,Bleichroeder Acquisition Corp. II - Class A Ordinary Shares,United States,Broad US equity universe
BBDC,"Barings BDC, Inc. Common Stock",United States,Broad US equity universe
BBGI,"Beasley Broadcast Group, Inc. - Class A Common Stock",United States,Broad US equity universe
BBIO,"BridgeBio Pharma, Inc. - Common Stock",United States,Broad US equity universe
BBLG,Bone Biologics Corp - Common Stock,United States,Broad US equity universe
BBNX,"Beta Bionics, Inc. - Common Stock",United States,Broad US equity universe
BBOT,"BridgeBio Oncology Therapeutics, Inc. - Common Stock",United States,Broad US equity universe
BBSI,"Barrett Business Services, Inc. - Common Stock",United States,Broad US equity universe
BBT,Beacon Financial Corporation Common stock,United States,Broad US equity universe
BBUC,Brookfield Business Corporation Class A Subordinate Voting Shares,United States,Broad US equity universe
BBVA,Banco Bilbao Vizcaya Argentaria S.A. Common Stock,United States,Broad US equity universe
BBW,"Build-A-Bear Workshop, Inc. Common Stock",United States,Broad US equity universe
BBWI,"Bath & Body Works, Inc.",United States,Broad US equity universe
BBY,"Best Buy Co., Inc. Common Stock",United States,Broad US equity universe
BC,Brunswick Corporation Common Stock,United States,Broad US equity universe
BCAB,"BioAtla, Inc. - Common Stock",United States,Broad US equity universe
BCAL,California BanCorp - Common Stock,United States,Broad US equity universe
BCAR,D. Boral ARC Acquisition I Corp. - Class A Ordinary Shares,United States,Broad US equity universe
BCAT,BlackRock Capital Allocation Term Trust Common Shares of Beneficial Interest,United States,Broad US equity universe
BCAX,Bicara Therapeutics Inc. - Common Stock,United States,Broad US equity universe
BCBP,"BCB Bancorp, Inc. (NJ) - Common Stock",United States,Broad US equity universe
BCC,"Boise Cascade, L.L.C. Common Stock",United States,Broad US equity universe
BCCQ,Bleichroeder Acquisition Corp. III - Class A Ordinary Shares,United States,Broad US equity universe
BCDA,"BioCardia, Inc. - Common Stock",United States,Broad US equity universe
BCE,"BCE, Inc. Common Stock",United States,Broad US equity universe
BCG,"Binah Capital Group, Inc. - Common Stock",United States,Broad US equity universe
BCH,Banco De Chile ADS,United States,Broad US equity universe
BCHT,Birchtech Corp. Common Stock,United States,Broad US equity universe
BCIC,BCP Investment Corporation - Closed End Fund,United States,Broad US equity universe
BCML,BayCom Corp - Common Stock,United States,Broad US equity universe
BCO,Brinks Company (The) Common Stock,United States,Broad US equity universe
BCPC,Balchem Corporation - Common Stock,United States,Broad US equity universe
BCRX,"BioCryst Pharmaceuticals, Inc. - Common Stock",United States,Broad US equity universe
BCS,Barclays PLC Common Stock,United States,Broad US equity universe
BCSF,"Bain Capital Specialty Finance, Inc. Common Stock",United States,Broad US equity universe
BCSS,Bain Capital GSS Investment Corp. Class A Ordinary Shares,United States,Broad US equity universe
BCTX,BriaCell Therapeutics Corp. - Common Shares,United States,Broad US equity universe
BCV,"Bancroft Fund, Ltd.",United States,Broad US equity universe
BCX,BlackRock Resources Common Shares of Beneficial Interest,United States,Broad US equity universe
BDC,Belden Inc Common Stock,United States,Broad US equity universe
BDCI,BTC Development Corp. - Class A Ordinary Shares,United States,Broad US equity universe
BDCZ,"ETRACS MarketVector Business Development Companies Liquid Index ETN due April 26, 2041",United States,Broad US equity universe
BDJ,Blackrock Enhanced Equity Dividend Trust,United States,Broad US equity universe
BDL,"Flanigan's Enterprises, Inc. Common Stock",United States,Broad US equity universe
BDMD,Baird Medical Investment Holdings Ltd - Ordinary Share,United States,Broad US equity universe
BDN,Brandywine Realty Trust Common Stock,United States,Broad US equity universe
BDSX,"Biodesix, Inc. - Common Stock",United States,Broad US equity universe
BDTX,"Black Diamond Therapeutics, Inc. - Common Stock",United States,Broad US equity universe
BDX,"Becton, Dickinson and Company Common Stock",United States,Broad US equity universe
BE,Bloom Energy Corporation Class A Common Stock,United States,Broad US equity universe
BEAG,Bold Eagle Acquisition Corp. - Class A Ordinary Shares,United States,Broad US equity universe
BEAM,Beam Therapeutics Inc. - Common Stock,United States,Broad US equity universe
BEAT,"Heartbeam, Inc. - Common Stock",United States,Broad US equity universe
BEBE,TGE Value Creative Solutions Corp Class A Ordinary Shares,United States,Broad US equity universe
BEEM,Beam Global - Common Stock,United States,Broad US equity universe
BEEP,Mobile Infrastructure Corporation - Common Stock,United States,Broad US equity universe
BELFA,Bel Fuse Inc. - Class A Common Stock,United States,Broad US equity universe
BELFB,Bel Fuse Inc. - Class B Common Stock,United States,Broad US equity universe
BEN,"Franklin Resources, Inc. Common Stock",United States,Broad US equity universe
BENF,Beneficient - Class A Common Stock,United States,Broad US equity universe
BEPC,Brookfield Renewable Corporation Brookfield Renewable Corporation Class A Subordinate Voting Shares,United States,Broad US equity universe
BEPH,Brookfield BRP Holdings (Canada) Inc. 4.625% Perpetual Subordinated Notes,United States,Broad US equity universe
BEPI,Brookfield BRP Holdings (Canada) Inc. 4.875% Perpetual Subordinated Notes,United States,Broad US equity universe
BEPJ,Brookfield BRP Holdings (Canada) Inc. 7.250% Perpetual Subordinated Notes,United States,Broad US equity universe
BESS,Bimergen Energy Corporation Common Stock,United States,Broad US equity universe
BETA,"Beta Technologies, Inc. Class A Common Stock",United States,Broad US equity universe
BETR,Better Home & Finance Holding Company - Class A Common Stock,United States,Broad US equity universe
BF-A,Brown Forman Inc Class A Common Stock,United States,Broad US equity universe
BF-B,Brown Forman Inc Class B Common Stock,United States,Broad US equity universe
BFC,Bank First Corporation - Common Stock,United States,Broad US equity universe
BFH,"Bread Financial Holdings, Inc. Common Stock",United States,Broad US equity universe
BFLY,"Butterfly Network, Inc. Class A Common Stock",United States,Broad US equity universe
BFRG,"Bullfrog AI Holdings, Inc. - Common Stock",United States,Broad US equity universe
BFRI,Biofrontera Inc. - Common Stock,United States,Broad US equity universe
BFS,"Saul Centers, Inc. Common Stock",United States,Broad US equity universe
BFST,"Business First Bancshares, Inc. - Common Stock",United States,Broad US equity universe
BG,Bunge Global,United States,Crop processing
BGB,Blackstone Strategic Credit 2027 Term Fund Common Shares of Beneficial Interest,United States,Broad US equity universe
BGC,"BGC Group, Inc. - Class A Common Stock",United States,Broad US equity universe
BGDE,"Big Digital Energy, Inc. - Common Stock",United States,Broad US equity universe
BGH,Barings Global Short Duration High Yield Fund Common Shares of Beneficial Interests,United States,Broad US equity universe
BGI,Birks Group Inc. Common Stock,United States,Broad US equity universe
BGIN,Bgin Blockchain Limited - Class A Ordinary Shares,United States,Broad US equity universe
BGL,Blue Gold Limited - Class A ordinary shares,United States,Broad US equity universe
BGLC,BioNexus Gene Lab Corp - Common stock,United States,Broad US equity universe
BGM,BGM Group Ltd. - Class A Ordinary Shares,United States,Broad US equity universe
BGMS,"Bio Green Med Solution, Inc. - Common Stock",United States,Broad US equity universe
BGR,BlackRock Energy and Resources Trust,United States,Broad US equity universe
BGS,"B&G Foods, Inc. Common Stock",United States,Broad US equity universe
BGSF,"BGSF, Inc. Common Stock",United States,Broad US equity universe
BGSI,Boyd Group Services Inc. Common Shares,United States,Broad US equity universe
BGT,BlackRock Floating Rate Income Trust,United States,Broad US equity universe
BGX,Blackstone Long Short Credit Income Fund Common Shares,United States,Broad US equity universe
BGY,Blackrock Enhanced International Dividend Trust,United States,Broad US equity universe
BH,Biglari Holdings Inc. Class B Common Stock,United States,Broad US equity universe
BH-A,Biglari Holdings Inc. Class A Common Stock,United States,Broad US equity universe
BHAV,BHAV Acquisition Corp - Class A Ordinary Shares,United States,Broad US equity universe
BHB,"Bar Harbor Bankshares, Inc. Common Stock",United States,Broad US equity universe
BHC,Bausch Health Companies Inc. Common Stock,United States,Broad US equity universe
BHE,"Benchmark Electronics, Inc. Common Stock",United States,Broad US equity universe
BHF,"Brighthouse Financial, Inc. - Common Stock",United States,Broad US equity universe
BHM,"Bluerock Homes Trust, Inc. Class A Common Stock",United States,Broad US equity universe
BHR,Braemar Hotels & Resorts Inc. Common Stock,United States,Broad US equity universe
BHRB,Burke & Herbert Financial Services Corp. - Common Stock,United States,Broad US equity universe
BHST,BioHarvest Sciences Inc. - Common Stock,United States,Broad US equity universe
BHVN,Biohaven Ltd. Common Shares ,United States,Broad US equity universe
BIAF,"bioAffinity Technologies, Inc. - Common Stock",United States,Broad US equity universe
BID,Tribeca Strategic Acquisition Corp. - Class A Ordinary Shares,United States,Broad US equity universe
BIIB,Biogen Inc. - Common Stock,United States,Broad US equity universe
BIII,Black Spade Acquisition III Co Class A Ordinary Shares,United States,Broad US equity universe
BILL,"BILL Holdings, Inc. Common Stock",United States,Broad US equity universe
BIO,"Bio-Rad Laboratories, Inc. Class A Common Stock",United States,Broad US equity universe
BIO-B,"Bio-Rad Laboratories, Inc. Class B  Common Stock",United States,Broad US equity universe
BIOA,"BioAge Labs, Inc. - Common Stock",United States,Broad US equity universe
BIOT,Instinct Bio Technical Company Holdings Inc. - Common stock,United States,Broad US equity universe
BIOX,Bioceres Crop Solutions Corp. - Ordinary Shares,United States,Broad US equity universe
BIPC,Brookfield Infrastructure Corporation Brookfield Infrastructure Corporation,United States,Broad US equity universe
BIPI,BIP Bermuda Holdings I Limited 5.125% Perpetual Subordinated Notes,United States,Broad US equity universe
BIRD,"Smartbird, Inc. - Class A Common Stock",United States,Broad US equity universe
BIRK,Birkenstock Holding plc Ordinary Shares,United States,Broad US equity universe
BIT,BlackRock Multi-Sector Income Trust Common Shares of Beneficial Interest,United States,Broad US equity universe
BIVI,BioVie Inc. - Common stock,United States,Broad US equity universe
BIXI,Bitcoin Infrastructure Acquisition Corp Ltd. - Class A Ordinary Shares,United States,Broad US equity universe
BIYA,Baiya International Group Inc.  - Ordinary Shares,United States,Broad US equity universe
BJ,"BJ's Wholesale Club Holdings, Inc. Common Stock",United States,Broad US equity universe
BJDX,"Bluejay Diagnostics, Inc. - Common Stock",United States,Broad US equity universe
BJRI,"BJ's Restaurants, Inc. - Common Stock",United States,Broad US equity universe
BKD,Brookdale Senior Living Inc. Common Stock,United States,Broad US equity universe
BKE,"Buckle, Inc. (The) Common Stock",United States,Broad US equity universe
BKH,Black Hills Corporation Common Stock,United States,Broad US equity universe
BKHA,Black Hawk Acquisition Corporation - Class A Ordinary Shares,United States,Broad US equity universe
BKKT,"Bakkt, Inc. Class A Common Stock",United States,Broad US equity universe
BKNG,Booking Holdings Inc. - Common Stock,United States,Broad US equity universe
BKR,Baker Hughes Company - Common Stock,United States,Broad US equity universe
BKSY,BlackSky Technology Inc. Class A Common Stock,United States,Broad US equity universe
BKT,BlackRock Income Trust Inc. (The),United States,Broad US equity universe
BKTI,BK Technologies Corporation Common Stock,United States,Broad US equity universe
BKU,"BankUnited, Inc. Common Stock",United States,Broad US equity universe
BKV,BKV Corporation Common Stock,United States,Broad US equity universe
BKYI,"BIO-key International, Inc. - Common Stock",United States,Broad US equity universe
BL,"BlackLine, Inc. - Common Stock",United States,Broad US equity universe
BLBD,Blue Bird Corporation - Common Stock,United States,Broad US equity universe
BLCO,Bausch + Lomb Corporation Common Shares,United States,Broad US equity universe
BLDP,"Ballard Power Systems, Inc. - Common Shares",United States,Broad US equity universe
BLDR,"Builders FirstSource, Inc. Common Stock",United States,Broad US equity universe
BLFS,"BioLife Solutions, Inc. - Common Stock",United States,Broad US equity universe
BLIN,"Bridgeline Digital, Inc. - Common Stock",United States,Broad US equity universe
BLIV,BeLive Holdings - ordinary shares,United States,Broad US equity universe
BLK,"BlackRock, Inc. Common Stock",United States,Broad US equity universe
BLKB,"Blackbaud, Inc. - Common Stock",United States,Broad US equity universe
BLLN,"BillionToOne, Inc. - Class A common stock",United States,Broad US equity universe
BLMN,"Bloomin' Brands, Inc. - Common Stock",United States,Broad US equity universe
BLND,"Blend Labs, Inc. Class A Common Stock",United States,Broad US equity universe
BLNE,"Beeline Holdings, Inc. - Common Stock",United States,Broad US equity universe
BLNK,Blink Charging Co. - Common Stock,United States,Broad US equity universe
BLRK,Bluerock Acquisition Corp. - Class A Ordinary Shares,United States,Broad US equity universe
BLSH,Bullish Ordinary Shares,United States,Broad US equity universe
BLSM,"BlossomHill Therapeutics, Inc. - Common Stock",United States,Broad US equity universe
BLUW,Blue Water Acquisition Corp. III - Class A Ordinary Shares,United States,Broad US equity universe
BLUWU,Blue Water Acquisition Corp. III - Unit.,United States,Broad US equity universe
BLW,Blackrock Limited Duration Income Trust,United States,Broad US equity universe
BLX,"Bladex, Inc. Class E Common Stock",United States,Broad US equity universe
BLZE,"Backblaze, Inc. - Common Stock",United States,Broad US equity universe
BLZR,Trailblazer Acquisition Corp. - Class A Ordinary Shares,United States,Broad US equity universe
BMA,Banco Macro S.A.  ADR (representing Ten Class B Common Shares),United States,Broad US equity universe
BMBL,Bumble Inc. - common stock,United States,Broad US equity universe
BME,Blackrock Health Sciences Trust,United States,Broad US equity universe
BMEA,"Biomea Fusion, Inc. - Common Stock",United States,Broad US equity universe
BMEZ,BlackRock Health Sciences Term Trust Common Shares of Beneficial Interest,United States,Broad US equity universe
BMGL,Basel Medical Group Ltd - ordinary shares,United States,Broad US equity universe
BMHL,Bluemount Holdings Limited - Class B Ordinary Shares,United States,Broad US equity universe
BMI,"Badger Meter, Inc. Common Stock",United States,Broad US equity universe
BMM,Blue Moon Metals Inc. - Common Shares,United States,Broad US equity universe
BMN,BlackRock 2037 Municipal Target Term Trust Common Shares of Beneficial Interest,United States,Broad US equity universe
BMNR,"BitMine Immersion Technologies, Inc. Common Stock",United States,Broad US equity universe
BMO,Bank Of Montreal Common Stock,United States,Broad US equity universe
BMR,Beamr Imaging Ltd. - Ordinary Share,United States,Broad US equity universe
BMRA,"Biomerica, Inc. - Common Stock",United States,Broad US equity universe
BMRC,Bank of Marin Bancorp - Common Stock,United States,Broad US equity universe
BMRN,BioMarin Pharmaceutical Inc. - Common Stock,United States,Broad US equity universe
BMY,Bristol-Myers Squibb Company Common Stock,United States,Broad US equity universe
BN,Brookfield Corporation Class A Limited Voting Shares,United States,Broad US equity universe
BNAI,Brand Engagement Network Inc. - Common Stock,United States,Broad US equity universe
BNC,CEA Industries Inc. - Common Stock,United States,Broad US equity universe
BNED,"Barnes & Noble Education, Inc Common Stock",United States,Broad US equity universe
BNGO,"Bionano Genomics, Inc. - Common Stock",United States,Broad US equity universe
BNJ,Brookfield Finance Inc. 4.50% Perpetual Subordinated Notes,United States,Broad US equity universe
BNKK,"Bonk, Inc. - Common Stock",United States,Broad US equity universe
BNL,"Broadstone Net Lease, Inc. Common Stock",United States,Broad US equity universe
BNS,Bank Nova Scotia Halifax Pfd 3 Ordinary Shares,United States,Broad US equity universe
BNT,Brookfield Wealth Solutions Ltd. Class A Exchangeable Limited Voting Shares,United States,Broad US equity universe
BNTC,Benitec Biopharma Inc. - Common Stock,United States,Broad US equity universe
BNY,The Bank of New York Mellon Corporation Common Stock,United States,Broad US equity universe
BOBS,"Bob's Discount Furniture, Inc. Common Stock",United States,Broad US equity universe
BOC,Boston Omaha Corporation Class A Common Stock,United States,Broad US equity universe
BODI,"The Beachbody Company, Inc. - Class A Common Stock",United States,Broad US equity universe
BOE,Blackrock Enhanced Global Dividend Trust Common Shares of Beneficial Interest,United States,Broad US equity universe
BOF,BranchOut Food Inc. - Common Stock,United States,Broad US equity universe
BOH,Bank of Hawaii Corporation Common Stock,United States,Broad US equity universe
BOKF,BOK Financial Corporation - Common Stock,United States,Broad US equity universe
BOLD,"Boundless Bio, Inc. - Common Stock",United States,Broad US equity universe
BOLT,"Bolt Biotherapeutics, Inc. - Common Stock",United States,Broad US equity universe
BON,Bon Natural Life Limited - Class A Ordinary Shares,United States,Broad US equity universe
BOOM,DMC Global Inc. - Common Stock,United States,Broad US equity universe
BOOT,"Boot Barn Holdings, Inc. Common Stock",United States,Broad US equity universe
BORR,Borr Drilling Limited Common Shares,United States,Broad US equity universe
BOSC,B.O.S. Better Online Solutions - Ordinary Shares,United States,Broad US equity universe
BOT,"RoboStrategy, Inc. - Common Stock",United States,Broad US equity universe
BOTJ,"Bank of the James Financial Group, Inc. - Common Stock",United States,Broad US equity universe
BOW,Bowhead Specialty Holdings Inc. Common Stock,United States,Broad US equity universe
BOX,"Box, Inc. Class A Common Stock",United States,Broad US equity universe
BOXL,Boxlight Corporation - Class A Common Stock,United States,Broad US equity universe
BP,BP p.l.c. Common Stock,United States,Broad US equity universe
BPAC,Blueport Acquisition Ltd - Class A Ordinary Shares,United States,Broad US equity universe
BPOP,"Popular, Inc. - Common Stock",United States,Broad US equity universe
BPRE,Bluerock Private Real Estate Fund Common Shares of Beneficial Interest,United States,Broad US equity universe
BPRN,"Princeton Bancorp, Inc. - Common Stock",United States,Broad US equity universe
BQ,Boqii Holding Limited Class A Ordinary Shares,United States,Broad US equity universe
BR,"Broadridge Financial Solutions, Inc. Common Stock",United States,Broad US equity universe
BRAG,Bragg Gaming Group Inc. - Common Shares,United States,Broad US equity universe
BRAI,Braiin Limited - Common Stock,United States,Broad US equity universe
BRBI,BRBI BR Partners S.A. - ADSs,United States,Broad US equity universe
BRBR,"BellRing Brands, Inc. Common Stock ",United States,Broad US equity universe
BRBS,"Blue Ridge Bankshares, Inc. Common Stock",United States,Broad US equity universe
BRC,Brady Corporation Common Stock,United States,Broad US equity universe
BRCB,"Black Rock Coffee Bar, Inc. - Class A Common Stock",United States,Broad US equity universe
BRCC,BRC Inc. Class A Common Stock,United States,Broad US equity universe
BREZ,Breeze Acquisition Corp. II - Ordinary Shares,United States,Broad US equity universe
BRFH,Barfresh Food Group Inc. - Common Stock,United States,Broad US equity universe
BRIA,BrilliA Inc Class A Ordinary Shares,United States,Broad US equity universe
BRID,Bridgford Foods Corporation - Common Stock,United States,Broad US equity universe
BRK-A,Berkshire Hathaway Inc. Common Stock,United States,Broad US equity universe
BRK-B,Berkshire Hathaway Inc. New Common Stock,United States,Broad US equity universe
BRKH,Burtech Acquisition Corp II - Class A Ordinary Shares,United States,Broad US equity universe
BRKR,Bruker Corporation - Common Stock,United States,Broad US equity universe
BRLS,Borealis Foods Inc. - Class A Common Shares,United States,Broad US equity universe
BRLT,"Brilliant Earth Group, Inc. - Class A Common Stock",United States,Broad US equity universe
BRN,"Barnwell Industries, Inc. Common Stock",United States,Broad US equity universe
BRNX,BrenX Ltd. - Ordinary Shares,United States,Broad US equity universe
BRO,"Brown & Brown, Inc. Common Stock",United States,Broad US equity universe
BROS,Dutch Bros Inc. Class A Common Stock,United States,Broad US equity universe
BRR,"ProCap Financial, Inc. - Common Stock",United States,Broad US equity universe
BRSL,"Brightstar Lottery PLC Trading under the Legal Name to begin at the market open on July 21, 2025. Ordinary Shares",United States,Broad US equity universe
BRSP,"BrightSpire Capital, Inc. Class A Common Stock",United States,Broad US equity universe
BRT,BRT Apartments Corp. (MD) Common Stock,United States,Broad US equity universe
BRTX,"BioRestorative Therapies, Inc. - Common Stock",United States,Broad US equity universe
BRUN,Boost Run Inc. - Class A Common Stock,United States,Broad US equity universe
BRVE,"Braveheart Bio, Inc. - Common Stock",United States,Broad US equity universe
BRW,Saba Capital Income & Opportunities Fund SBI,United States,Broad US equity universe
BRX,Brixmor Property Group Inc. Common Stock,United States,Broad US equity universe
BRZE,"Braze, Inc. - Class A Common Stock",United States,Broad US equity universe
BSAA,BEST SPAC I Acquisition Corp. - Class A Ordinary Shares,United States,Broad US equity universe
BSAC,Banco Santander - Chile ADS,United States,Broad US equity universe
BSBK,Bogota Financial Corp. - Common Stock,United States,Broad US equity universe
BSEM,"BioStem Technologies, Inc. - Common Stock",United States,Broad US equity universe
BSET,"Bassett Furniture Industries, Incorporated - Common Stock",United States,Broad US equity universe
BSIN,Big Sky Industrial Inc. - Common Stock,United States,Broad US equity universe
BSL,Blackstone Senior Floating Rate 2027 Term Fund Common Shares of Beneficial Interest,United States,Broad US equity universe
BSP,Bending Spoons S.p.A. - Ordinary Shares,United States,Broad US equity universe
BSRR,Sierra Bancorp - Common Stock,United States,Broad US equity universe
BST,BlackRock Science and Technology Trust Common Shares of Beneficial Interest,United States,Broad US equity universe
BSTZ,BlackRock Science and Technology Term Trust Common Shares of Beneficial Interest,United States,Broad US equity universe
BSVN,Bank7 Corp. - Common stock,United States,Broad US equity universe
BSX,Boston Scientific Corporation Common Stock,United States,Broad US equity universe
BSY,"Bentley Systems, Incorporated - Class B Common Stock",United States,Broad US equity universe
BTAI,"BioXcel Therapeutics, Inc. - Common Stock",United States,Broad US equity universe
BTBD,"BT Brands, Inc. - Common Stock",United States,Broad US equity universe
BTBT,"Bit Digital, Inc. - Ordinary Share",United States,Broad US equity universe
BTCS,BTCS Inc. - Common Stock,United States,Broad US equity universe
BTCT,BTC Digital Ltd. - Ordinary Shares,United States,Broad US equity universe
BTDR,Bitdeer Technologies Group - Ordinary Shares,United States,Broad US equity universe
BTE,Baytex Energy Corp Common Shares,United States,Broad US equity universe
BTG,B2Gold Corp Common shares (Canada),United States,Broad US equity universe
BTGO,"BitGo Holdings, Inc. Class A Common Stock",United States,Broad US equity universe
BTI,"British American Tobacco  Industries, p.l.c. Common Stock ADR",United States,Broad US equity universe
BTMD,Biote Corp. - Class A common stock,United States,Broad US equity universe
BTO,John Hancock Financial Opportunities Fund Common Stock,United States,Broad US equity universe
BTOC,Armlogi Holding Corp. - common stock,United States,Broad US equity universe
BTOG,Bit Origin Limited - Class A Ordinary Shares,United States,Broad US equity universe
BTQ,BTQ Technologies Corp. - Common Stock,United States,Broad US equity universe
BTSG,"BrightSpring Health Services, Inc. - Common Stock",United States,Broad US equity universe
BTT,BlackRock Municipal 2030 Target Term Trust,United States,Broad US equity universe
BTTC,Black Titan Corp - Ordinary Shares,United States,Broad US equity universe
BTU,Peabody Energy Corporation Common Stock ,United States,Broad US equity universe
BTX,BlackRock Technology and Private Equity Term Trust Common Shares of Beneficial Interest,United States,Broad US equity universe
BTZ,BlackRock Credit Allocation Income Trust,United States,Broad US equity universe
BUD,Anheuser-Busch Inbev SA Sponsored ADR (Belgium),United States,Broad US equity universe
BUDA,"Buda Juice, Inc. Common Stock",United States,Broad US equity universe
BUI,"BlackRock Utility, Infrastructure & Power Opportunities Trust",United States,Broad US equity universe
BULL,Webull Corporation - Class A Ordinary Shares,United States,Broad US equity universe
BUR,Burford Capital Limited Ordinary Shares,United States,Broad US equity universe
BURL,"Burlington Stores, Inc. Common Stock",United States,Broad US equity universe
BUSE,First Busey Corporation - Common Stock,United States,Broad US equity universe
BUUU,BUUU Group Limited - Class A Ordinary Share,United States,Broad US equity universe
BV,"BrightView Holdings, Inc. Common Stock",United States,Broad US equity universe
BVC,BitVentures Limited - Ordinary Share,United States,Broad US equity universe
BVFL,"BV Financial, Inc. - Common Stock",United States,Broad US equity universe
BVN,Buenaventura Mining Company Inc.,United States,Broad US equity universe
BVS,Bioventus Inc. - Class A Common Stock,United States,Broad US equity universe
BW,"Babcock & Wilcox Enterprises, Inc. Common Stock",United States,Broad US equity universe
BWA,BorgWarner Inc. Common Stock,United States,Broad US equity universe
BWB,"Bridgewater Bancshares, Inc. - Common Stock",United States,Broad US equity universe
BWEN,"Broadwind, Inc. - Common Stock",United States,Broad US equity universe
BWFG,"Bankwell Financial Group, Inc. - Common Stock",United States,Broad US equity universe
BWG,BrandywineGLOBAL Global Income Opportunities Fund Inc.,United States,Broad US equity universe
BWIN,"The Baldwin Insurance Group, Inc. - Class A Common Stock",United States,Broad US equity universe
BWIV,Blue Water Acquisition Corp. IV Class A Ordinary Shares,United States,Broad US equity universe
BWLP,BW LPG Limited Common Shares,United States,Broad US equity universe
BWMN,Bowman Consulting Group Ltd. - Common Stock,United States,Broad US equity universe
BWMX,"Betterware de Mexico, S.A.P.I. de C.V. Ordinary Shares",United States,Broad US equity universe
BWXT,"BWX Technologies, Inc. Common Stock",United States,Broad US equity universe
BX,Blackstone Inc. Common Stock,United States,Broad US equity universe
BXBL,"BOXABL, Inc.  - Common stock",United States,Broad US equity universe
BXC,Bluelinx Holdings Inc. Common Stock,United States,Broad US equity universe
BXDC,Blackstone Digital Infrastructure Trust Inc. Common Stock,United States,Broad US equity universe
BXMT,"Blackstone Mortgage Trust, Inc. Common Stock",United States,Broad US equity universe
BXP,"BXP, Inc. Common Stock",United States,Broad US equity universe
BXSL,Blackstone Secured Lending Fund Common Shares of Beneficial Interest,United States,Broad US equity universe
BY,"Byline Bancorp, Inc. Common Stock",United States,Broad US equity universe
BYAH,"Park Ha Biological Technology Co., Ltd. - Class A Ordinary Shares",United States,Broad US equity universe
BYD,Boyd Gaming Corporation Common Stock,United States,Broad US equity universe
BYFC,Broadway Financial Corporation - Class A Common Stock,United States,Broad US equity universe
BYND,"Beyond Meat, Inc. - Common stock",United States,Broad US equity universe
BYRN,"Byrna Technologies, Inc. - Common Stock",United States,Broad US equity universe
BYSI,"BeyondSpring, Inc. - Ordinary Shares",United States,Broad US equity universe
BZ,KANZHUN LIMITED - American Depository Shares,United States,Broad US equity universe
BZAI,"Blaize Holdings, Inc. - Common Stock",United States,Broad US equity universe
BZFD,"BuzzFeed, Inc. - Class A Common Stock",United States,Broad US equity universe
BZH,"Beazer Homes USA, Inc. Common Stock",United States,Broad US equity universe
C,"Citigroup, Inc. Common Stock",United States,Broad US equity universe
CAAP,Corporacion America Airports SA Common Shares,United States,Broad US equity universe
CAAS,"China Automotive Systems, Inc. - Ordinary Share",United States,Broad US equity universe
CABA,"Cabaletta Bio, Inc. - Common Stock",United States,Broad US equity universe
CABO,"Cable One, Inc. Common Stock",United States,Broad US equity universe
CABR,"Caring Brands, Inc. - Common Stock",United States,Broad US equity universe
CAC,Camden National Corporation - Common Stock,United States,Broad US equity universe
CACC,Credit Acceptance Corporation - Common Stock,United States,Broad US equity universe
CACI,"CACI International, Inc. Class A Common Stock",United States,Broad US equity universe
CADL,"Candel Therapeutics, Inc. - Common Stock",United States,Broad US equity universe
CAE,CAE Inc - Common Shares,United States,Broad US equity universe
CAES,"Cantor Equity Partners VII, Inc. - Class A Ordinary Shares",United States,Broad US equity universe
CAF,Morgan Stanley China A Share Fund Inc. Common Stock,United States,Broad US equity universe
CAG,Conagra Brands,United States,Packaged food
CAH,"Cardinal Health, Inc. Common Stock",United States,Broad US equity universe
CAI,"Caris Life Sciences, Inc. - Common Stock",United States,Broad US equity universe
CAII,Collective Acquisition Corp. II - Class A Ordinary Shares,United States,Broad US equity universe
CAKE,The Cheesecake Factory Incorporated - Common Stock,United States,Broad US equity universe
CAL,"Caleres, Inc. Common Stock",United States,Broad US equity universe
CALC,"CalciMedica, Inc. - Common Stock",United States,Broad US equity universe
CALM,"Cal-Maine Foods, Inc. - Common Stock",United States,Broad US equity universe
CALX,"Calix, Inc Common Stock",United States,Broad US equity universe
CALY,Callaway Golf Company Common Stock,United States,Broad US equity universe
CAMP,CAMP4 Therapeutics Corporation - Common Stock,United States,Broad US equity universe
CAMT,Camtek Ltd. - Ordinary Shares,United States,Broad US equity universe
CANE,Teucrium Sugar Fund,United States,Sugar
CANG,Cango Inc. Class A Ordinary Shares,United States,Broad US equity universe
CAPN,Cayson Acquisition Corp - Ordinary Shares,United States,Broad US equity universe
CAPR,"Capricor Therapeutics, Inc. - Common Stock",United States,Broad US equity universe
CAPS,Capstone Holding Corp. - Common Stock,United States,Broad US equity universe
CAQ,Cambridge Acquisition Corp. - Class A Ordinary Shares,United States,Broad US equity universe
CAR,"Avis Budget Group, Inc. - Common Stock",United States,Broad US equity universe
CARE,"Carter Bankshares, Inc. - Common Stock",United States,Broad US equity universe
CARG,"CarGurus, Inc. - Class A Common Stock",United States,Broad US equity universe
CARL,"Carlsmed, Inc. - Common Stock",United States,Broad US equity universe
CARR,Carrier Global Corporation Common Stock ,United States,Broad US equity universe
CARS,Cars.com Inc. Common Stock ,United States,Broad US equity universe
CART,Maplebear Inc. - Common Stock,United States,Broad US equity universe
CASH,"Pathward Financial, Inc. - Common Stock",United States,Broad US equity universe
CASS,"Cass Information Systems, Inc - Common Stock",United States,Broad US equity universe
CAST,"FreeCast, Inc. - Class A common stock",United States,Broad US equity universe
CASY,"Caseys General Stores, Inc. - Common Stock",United States,Broad US equity universe
CAT,"Caterpillar, Inc. Common Stock",United States,Broad US equity universe
CATO,Cato Corporation (The) Class A Common Stock,United States,Broad US equity universe
CATX,"Perspective Therapeutics, Inc. Common Stock",United States,Broad US equity universe
CATY,Cathay General Bancorp - Common Stock,United States,Broad US equity universe
CAVA,"CAVA Group, Inc. Common Stock",United States,Broad US equity universe
CB,Chubb,Switzerland,Property insurance
CBAN,"Colony Bankcorp, Inc. Common Stock",United States,Broad US equity universe
CBAT,CBAK Energy Technology Limited - Ordinary Shares,United States,Broad US equity universe
CBC,"Central Bancompany, Inc. - Class A Common Stock",United States,Broad US equity universe
CBFV,"CB Financial Services, Inc. - Common Stock",United States,Broad US equity universe
CBIO,"Crescent Biopharma, Inc. - Common Stock",United States,Broad US equity universe
CBK,"Commercial Bancgroup, Inc. - Common Stock",United States,Broad US equity universe
CBL,"CBL & Associates Properties, Inc. Common Stock",United States,Broad US equity universe
CBLL,"CeriBell, Inc. - Common Stock",United States,Broad US equity universe
CBNA,"Chain Bridge Bancorp, Inc. Class A Common Stock",United States,Broad US equity universe
CBNK,"Capital Bancorp, Inc. - Common Stock",United States,Broad US equity universe
CBOE,"Cboe Global Markets, Inc. Common Stock",United States,Broad US equity universe
CBRE,CBRE Group Inc Common Stock Class A,United States,Broad US equity universe
CBRL,"Cracker Barrel Old Country Store, Inc. - Common Stock",United States,Broad US equity universe
CBRS,Cerebras Systems Inc. - Class A Common Stock,United States,Broad US equity universe
CBSH,"Commerce Bancshares, Inc. - Common Stock",United States,Broad US equity universe
CBT,Cabot Corporation Common Stock,United States,Broad US equity universe
CBU,"Community Financial System, Inc. Common Stock",United States,Broad US equity universe
CBUS,"Cibus, Inc. - Class A Common Stock",United States,Broad US equity universe
CBZ,"CBIZ, Inc. Common Stock",United States,Broad US equity universe
CC,Chemours Company (The) Common Stock,United States,Broad US equity universe
CCAP,"Crescent Capital BDC, Inc. - Common Stock",United States,Broad US equity universe
CCAQ,Collective Acquisition Corp. - Class A ordinary shares,United States,Broad US equity universe
CCB,Coastal Financial Corporation - Common Stock,United States,Broad US equity universe
CCBG,Capital City Bank Group - Common Stock,United States,Broad US equity universe
CCC,CCC Intelligent Solutions Holdings Inc. - Common Stock,United States,Broad US equity universe
CCCC,"C4 Therapeutics, Inc. - Common Stock",United States,Broad US equity universe
CCCT,Columbus Circle Capital Corp III - Class A Ordinary Shares,United States,Broad US equity universe
CCD,Calamos Dynamic Convertible & Income Fund - Closed End Fund,United States,Broad US equity universe
CCEC,Capital Clean Energy Carriers Corp. - Common Share,United States,Broad US equity universe
CCEL,"Cryo-Cell International, Inc. Common Stock",United States,Broad US equity universe
CCEP,Coca-Cola Europacific Partners plc - Ordinary Shares,United States,Broad US equity universe
CCG,Cheche Group Inc. - Class A Ordinary Shares,United States,Broad US equity universe
CCHH,CCH Holdings Ltd - Class A Ordinary Shares,United States,Broad US equity universe
CCI,Crown Castle Inc. Common Stock,United States,Broad US equity universe
CCIF,Carlyle Credit Income Fund Shares of Beneficial Interest,United States,Broad US equity universe
CCII,Cohen Circle Acquisition Corp. II - Class A Ordinary Shares,United States,Broad US equity universe
CCJ,Cameco Corporation Common Stock,United States,Broad US equity universe
CCK,"Crown Holdings, Inc.",United States,Broad US equity universe
CCL,Carnival Corporation Ltd. Common Shares,United States,Broad US equity universe
CCLD,"CareCloud, Inc. - Common Stock",United States,Broad US equity universe
CCNE,CNB Financial Corporation - Common Stock,United States,Broad US equity universe
CCO,"Clear Channel Outdoor Holdings, Inc. Common Stock",United States,Broad US equity universe
CCOI,"Cogent Communications Holdings, Inc. - Common Stock",United States,Broad US equity universe
CCS,"Century Communities, Inc. Common Stock",United States,Broad US equity universe
CCSI,"Consensus Cloud Solutions, Inc. - Common Stock",United States,Broad US equity universe
CCTG,CCSC Technology International Holdings Limited - Class A Ordinary Shares,United States,Broad US equity universe
CCU,"Compania Cervecerias Unidas, S.A. Common Stock",United States,Broad US equity universe
CCXI,Churchill Capital Corp XI - Class A Ordinary Shares,United States,Broad US equity universe
CCZ,Comcast Holdings ZONES,United States,Broad US equity universe
CD,Chaince Digital Holdings Inc. - American Ordinary Shares,United States,Broad US equity universe
CDE,"Coeur Mining, Inc. Common Stock",United States,Broad US equity universe
CDIO,Cardio Diagnostics Holdings Inc. - Common stock,United States,Broad US equity universe
CDLR,Cadeler A/S American Depositary Share (each representing four (4) Ordinary Shares),United States,Broad US equity universe
CDLX,"Cardlytics, Inc. - Common Stock",United States,Broad US equity universe
CDNA,"CareDx, Inc. - Common Stock",United States,Broad US equity universe
CDNL,Cardinal Infrastructure Group Inc. - Class A Common Stock,United States,Broad US equity universe
CDNS,"Cadence Design Systems, Inc. - Common Stock",United States,Broad US equity universe
CDP,COPT Defense Properties Common Shares of Beneficial Interest,United States,Broad US equity universe
CDRE,"Cadre Holdings, Inc. Common Stock",United States,Broad US equity universe
CDRO,"Codere Online Luxembourg, S.A. - Ordinary Shares",United States,Broad US equity universe
CDT,CDT Equity Inc. - Common Stock,United States,Broad US equity universe
CDTG,CDT Environmental Technology Investment Holdings Limited - ordinary shares,United States,Broad US equity universe
CDW,CDW Corporation - Common Stock,United States,Broad US equity universe
CDXS,"Codexis, Inc. - Common Stock",United States,Broad US equity universe
CDZI,"Cadiz, Inc. - Common Stock",United States,Broad US equity universe
CE,Celanese Corporation Common Stock,United States,Broad US equity universe
CECO,CECO Environmental Corp. - Common Stock,United States,Broad US equity universe
CEE,"The Central and Eastern Europe Fund, Inc. (The) Common Stock",United States,Broad US equity universe
CEG,Constellation Energy Corporation - Common Stock When-Issued,United States,Broad US equity universe
CELC,Celcuity Inc. - Common Stock,United States,Broad US equity universe
CELH,"Celsius Holdings, Inc. - Common Stock",United States,Broad US equity universe
CELU,Celularity Inc. - Class A Common Stock,United States,Broad US equity universe
CELZ,"Creative Medical Technology Holdings, Inc. - Common Stock",United States,Broad US equity universe
CENN,Cenntro Inc. - Common Stock,United States,Broad US equity universe
CENT,Central Garden & Pet Company - Common Stock,United States,Broad US equity universe
CENTA,Central Garden & Pet Company - Class A Common Stock Nonvoting,United States,Broad US equity universe
CENX,Century Aluminum Company - Common Stock,United States,Broad US equity universe
CEPF,"Cantor Equity Partners IV, Inc. - Class A Ordinary Shares",United States,Broad US equity universe
CEPL,"Capstone Energy Plus, Inc. - Common Stock",United States,Broad US equity universe
CEPO,"Cantor Equity Partners I, Inc. - Class A Ordinary Shares",United States,Broad US equity universe
CEPS,"Cantor Equity Partners VI, Inc. - Class A Ordinary Shares",United States,Broad US equity universe
CEPV,"Cantor Equity Partners V, Inc. - Class A Ordinary Shares",United States,Broad US equity universe
CERS,Cerus Corporation - Common Stock,United States,Broad US equity universe
CERT,"Certara, Inc. - Common Stock",United States,Broad US equity universe
CET,Central Securities Corporation Common Stock,United States,Broad US equity universe
CETX,Cemtrex Inc. - Common Stock,United States,Broad US equity universe
CETY,"Clean Energy Technologies, Inc. - Common Stock",United States,Broad US equity universe
CEV,Eaton Vance California Municipal Income Trust Shares of Beneficial Interest,United States,Broad US equity universe
CEVA,"CEVA, Inc. - Common Stock",United States,Broad US equity universe
CF,CF Industries,United States,Fertilizer
CFBK,CF Bankshares Inc. - Common Stock,United States,Broad US equity universe
CFFI,C&F Financial Corporation - Common Stock,United States,Broad US equity universe
CFFN,"Capitol Federal Financial, Inc. - Common Stock",United States,Broad US equity universe
CFG,"Citizens Financial Group, Inc. Common Stock",United States,Broad US equity universe
CFND,C1 Fund Inc. Common Stock,United States,Broad US equity universe
CFR,"Cullen/Frost Bankers, Inc. Common Stock",United States,Broad US equity universe
CG,The Carlyle Group Inc. - Common Stock,United States,Broad US equity universe
CGAU,Centerra Gold Inc. Common Shares,United States,Broad US equity universe
CGBD,"Carlyle Secured Lending, Inc. - Closed End Fund",United States,Broad US equity universe
CGC,Canopy Growth Corporation - Common Shares,United States,Broad US equity universe
CGEM,"Cullinan Therapeutics, Inc. - Common Stock",United States,Broad US equity universe
CGEN,Compugen Ltd. - Ordinary Shares,United States,Broad US equity universe
CGNT,Cognyte Software Ltd. - Ordinary Shares,United States,Broad US equity universe
CGNX,Cognex Corporation - Common Stock,United States,Broad US equity universe
CGO,Calamos Global Total Return Fund - Closed End Fund,United States,Broad US equity universe
CGON,"CG Oncology, Inc. - Common stock",United States,Broad US equity universe
CGTL,Creative Global Technology Holdings Limited - Class A Ordinary Shares,United States,Broad US equity universe
CGTX,"Cognition Therapeutics, Inc. - Common Stock",United States,Broad US equity universe
CHAI,"Core AI Holdings, Inc. - Common Shares",United States,Broad US equity universe
CHAR,Charlton Aria Acquisition Corporation - Class A Ordinary Shares,United States,Broad US equity universe
CHCI,"Comstock Holding Companies, Inc. - Class A Common Stock",United States,Broad US equity universe
CHCO,City Holding Company - Common Stock,United States,Broad US equity universe
CHCT,Community Healthcare Trust Incorporated Common Stock,United States,Broad US equity universe
CHD,"Church & Dwight Company, Inc. Common Stock",United States,Broad US equity universe
CHDN,"Churchill Downs, Incorporated - Common Stock",United States,Broad US equity universe
CHE,Chemed Corp,United States,Broad US equity universe
CHEC,Chenghe Acquisition III Co. - Class A Ordinary Shares,United States,Broad US equity universe
CHEF,"The Chefs' Warehouse, Inc. - Common Stock",United States,Broad US equity universe
CHGA,Change Agents Corporation  - Common Stock,United States,Broad US equity universe
CHGG,"Chegg, Inc. Common Stock",United States,Broad US equity universe
CHH,"Choice Hotels International, Inc. Common Stock",United States,Broad US equity universe
CHI,Calamos Convertible Opportunities and Income Fund - Closed End Fund,United States,Broad US equity universe
CHKP,Check Point Software Technologies Ltd. - Ordinary Shares,United States,Broad US equity universe
CHMG,Chemung Financial Corp  - Common Stock,United States,Broad US equity universe
CHMI,Cherry Hill Mortgage Investment Corporation Common Stock,United States,Broad US equity universe
CHNR,"China Natural Resources, Inc. - Common Shares",United States,Broad US equity universe
CHOW,ChowChow Cloud International Holdings Limited Ordinary Shares,United States,Broad US equity universe
CHPG,ChampionsGate Acquisition Corporation - Class A Ordinary Share,United States,Broad US equity universe
CHPT,"ChargePoint Holdings, Inc. Common Stock",United States,Broad US equity universe
CHR,"Cheer Holding, Inc.  - Class A Ordinary Share",United States,Broad US equity universe
CHRD,Chord Energy Corporation - Common Stock,United States,Broad US equity universe
CHRN,ChronoScale Holdings Corporation - Common Stock,United States,Broad US equity universe
CHRS,"Coherus Oncology, Inc. - Common Stock",United States,Broad US equity universe
CHRW,"C.H. Robinson Worldwide, Inc. - Common Stock",United States,Broad US equity universe
CHSN,Chanson International Holding - Class A Ordinary Shares,United States,Broad US equity universe
CHT,"Chunghwa Telecom Co., Ltd.",United States,Broad US equity universe
CHTR,"Charter Communications, Inc. - Class A Common Stock",United States,Broad US equity universe
CHW,Calamos Global Dynamic Income Fund - Closed End Fund,United States,Broad US equity universe
CHWY,"Chewy, Inc. Class A Common Stock",United States,Broad US equity universe
CHY,Calamos Convertible and High Income Fund - Closed End Fund,United States,Broad US equity universe
CHYM,"Chime Financial, Inc. - Class A Common Stock",United States,Broad US equity universe
CI,The Cigna Group Common Stock,United States,Broad US equity universe
CIA,"Citizens, Inc. Class A Common Stock ($1.00 Par)",United States,Broad US equity universe
CIEN,Ciena Corporation Common Stock,United States,Broad US equity universe
CIFR,Cipher Digital Inc. - Common Stock,United States,Broad US equity universe
CIG-C,Comp En De Mn Cemig ADS American Depositary Receipts,United States,Broad US equity universe
CIGI,Colliers International Group Inc.  - Subordinate Voting Shares,United States,Broad US equity universe
CIGL,Concorde International Group Ltd - Class A Ordinary Shares,United States,Broad US equity universe
CII,"BlackRock Enhanced Large Cap Core Fund, Inc. Common Stock",United States,Broad US equity universe
CIIT,"Tianci International, Inc. - Common Stock",United States,Broad US equity universe
CIK,"Credit Suisse Asset Management Income Fund, Inc. Common Stock",United States,Broad US equity universe
CIM,Chimera Investment Corporation Common Stock,United States,Broad US equity universe
CINF,Cincinnati Financial Corporation - Common Stock,United States,Broad US equity universe
CING,Cingulate Inc. - Common Stock,United States,Broad US equity universe
CINT,CI&T Inc Class A Common Shares,United States,Broad US equity universe
CION,CION Investment Corporation Common Stock,United States,Broad US equity universe
CIRC,"Circle8 Group, Inc. - Common Stock",United States,Broad US equity universe
CISO,"CISO Global, Inc. - Common Stock",United States,Broad US equity universe
CISS,C3is Inc. - Common Stock,United States,Broad US equity universe
CITR,CitroTech Inc. Common Stock,United States,Broad US equity universe
CIVB,"Civista Bancshares, Inc.  - Common Stock",United States,Broad US equity universe
CIX,CompX International Inc. Common Stock,United States,Broad US equity universe
CJMB,Callan JMB Inc. - Common Stock,United States,Broad US equity universe
CKX,"CKX Lands, Inc. Common Stock",United States,Broad US equity universe
CL,Colgate-Palmolive Company Common Stock,United States,Broad US equity universe
CLAR,Clarus Corporation - Common Stock,United States,Broad US equity universe
CLB,Core Laboratories Inc. Common Stock,United States,Broad US equity universe
CLBK,"Columbia Financial, Inc. - Common Stock",United States,Broad US equity universe
CLBR,Colombier Acquisition Corp. III Class A Ordinary Shares,United States,Broad US equity universe
CLBT,Cellebrite DI Ltd. - Ordinary Shares,United States,Broad US equity universe
CLDI,"Calidi Biotherapeutics, Inc. Common Stock",United States,Broad US equity universe
CLDT,Chatham Lodging Trust (REIT) Common Shares of Beneficial Interest,United States,Broad US equity universe
CLDX,"Celldex Therapeutics, Inc. - Common Stock",United States,Broad US equity universe
CLF,Cleveland-Cliffs Inc. Common Stock,United States,Broad US equity universe
CLFD,"Clearfield, Inc. - Common Stock",United States,Broad US equity universe
CLGN,CollPlant Biotechnologies Ltd. - Ordinary Shares,United States,Broad US equity universe
CLH,"Clean Harbors, Inc. Common Stock",United States,Broad US equity universe
CLIK,Click Holdings Limited - Ordinary Share,United States,Broad US equity universe
CLIR,ClearSign Technologies Corporation - Common Stock,United States,Broad US equity universe
CLM,"Cornerstone Strategic Investment Fund, Inc. Common Shares",United States,Broad US equity universe
CLMB,"Climb Global Solutions, Inc. - Common Stock",United States,Broad US equity universe
CLMT,"Calumet, Inc - Common Stock",United States,Broad US equity universe
CLNE,Clean Energy Fuels Corp. - Common Stock,United States,Broad US equity universe
CLNN,Clene Inc. - Common Stock,United States,Broad US equity universe
CLOV,"Clover Health Investments, Corp.  - Class A Common stock",United States,Broad US equity universe
CLPR,Clipper Realty Inc. Common Stock,United States,Broad US equity universe
CLPS,CLPS Incorporation - Common Stock,United States,Broad US equity universe
CLPT,ClearPoint Neuro Inc. - Common Stock,United States,Broad US equity universe
CLRB,"Cellectar Biosciences, Inc. - Common Stock",United States,Broad US equity universe
CLRO,"ClearOne, Inc. - Common Stock",United States,Broad US equity universe
CLS,"Celestica, Inc. Common Stock",United States,Broad US equity universe
CLSK,"CleanSpark, Inc. - Common Stock",United States,Broad US equity universe
CLST,"Catalyst Bancorp, Inc. - common stock",United States,Broad US equity universe
CLVT,Clarivate Plc Ordinary Shares,United States,Broad US equity universe
CLW,Clearwater Paper Corporation Common Stock,United States,Broad US equity universe
CLWT,Euro Tech Holdings Company Limited - Ordinary Shares,United States,Broad US equity universe
CLX,Clorox Company (The) Common Stock,United States,Broad US equity universe
CLYM,"Climb Bio, Inc. - Common Stock",United States,Broad US equity universe
CM,Canadian Imperial Bank of Commerce Common Stock,United States,Broad US equity universe
CMBT,CMB.TECH NV Ordinary Shares,United States,Broad US equity universe
CMC,Commercial Metals Company Common Stock,United States,Broad US equity universe
CMCL,Caledonia Mining Corporation Plc Common Shares,United States,Broad US equity universe
CMCO,Columbus McKinnon Corporation - Common Stock,United States,Broad US equity universe
CMCSA,Comcast Corporation - Class A Common Stock,United States,Broad US equity universe
CMCT,Creative Media  - Common Stock,United States,Broad US equity universe
CMDB,Costamare Bulkers Holdings Limited Common Stock,United States,Broad US equity universe
CME,CME Group Inc. - Class A Common Stock,United States,Broad US equity universe
CMG,"Chipotle Mexican Grill, Inc. Common Stock",United States,Broad US equity universe
CMI,Cummins Inc. Common Stock,United States,Broad US equity universe
CMII,Columbus Circle Capital Corp II - Class A Ordinary Shares,United States,Broad US equity universe
CMND,Clearmind Medicine Inc. - Common Shares,United States,Broad US equity universe
CMP,Compass Minerals Intl Inc Common Stock,United States,Broad US equity universe
CMPR,Cimpress plc - Ordinary Shares,United States,Broad US equity universe
CMPS,COMPASS Pathways Plc - American Depository Shares,United States,Broad US equity universe
CMPX,"Compass Therapeutics, Inc. - Common Stock",United States,Broad US equity universe
CMRC,"Commerce.com, Inc. - Series 1 Common Stock",United States,Broad US equity universe
CMRE,Costamare Inc. Common Stock $0.0001 par value,United States,Broad US equity universe
CMS,CMS Energy Corporation Common Stock,United States,Broad US equity universe
CMT,Core Molding Technologies Inc Common Stock,United States,Broad US equity universe
CMTG,"Claros Mortgage Trust, Inc. Common Stock",United States,Broad US equity universe
CMTL,Comtech Telecommunications Corp. - Common Stock,United States,Broad US equity universe
CMTV,Community Bancorp.  - Common stock,United States,Broad US equity universe
CNA,CNA Financial Corporation Common Stock,United States,Broad US equity universe
CNC,Centene Corporation Common Stock,United States,Broad US equity universe
CNCK,Coincheck Group N.V. - Ordinary Shares,United States,Broad US equity universe
CNDT,Conduent Incorporated - Common Stock,United States,Broad US equity universe
CNET,ZW Data Action Technologies Inc. - Common Stock,United States,Broad US equity universe
CNEY,CN Energy Group Inc. - Class A Ordinary Shares,United States,Broad US equity universe
CNH,CNH Industrial N.V. Common Shares,United States,Broad US equity universe
CNI,Canadian National Railway Company Common Stock,United States,Broad US equity universe
CNK,"Cinemark Holdings Inc Cinemark Holdings, Inc. Common Stock",United States,Broad US equity universe
CNL,Collective Mining Ltd. - Common Stock,United States,Broad US equity universe
CNM,"Core & Main, Inc. Class A Common Stock",United States,Broad US equity universe
CNMD,CONMED Corporation Common Stock,United States,Broad US equity universe
CNNE,"Cannae Holdings, Inc. Common Stock",United States,Broad US equity universe
CNO,"CNO Financial Group, Inc. Common Stock",United States,Broad US equity universe
CNOB,"ConnectOne Bancorp, Inc. - Common Stock",United States,Broad US equity universe
CNP,"CenterPoint Energy, Inc (Holding Co) Common Stock",United States,Broad US equity universe
CNQ,Canadian Natural Resources Limited Common Stock,United States,Broad US equity universe
CNR,"Core Natural Resources, Inc. Common Stock",United States,Broad US equity universe
CNS,Cohen & Steers Inc Common Stock,United States,Broad US equity universe
CNSP,"CNS Pharmaceuticals, Inc. - Common Stock",United States,Broad US equity universe
CNSY,"Cerenome, Inc. - Common Stock",United States,Broad US equity universe
CNTB,Connect Biopharma Holdings Limited - Ordinary Shares,United States,Broad US equity universe
CNTN,"Canton Strategic Holdings, Inc. - Common Stock",United States,Broad US equity universe
CNTX,Context Therapeutics Inc. - Common Stock,United States,Broad US equity universe
CNTY,"Century Casinos, Inc. - Common Stock",United States,Broad US equity universe
CNVS,Cineverse Corp. - Class A Common Stock,United States,Broad US equity universe
CNX,CNX Resources Corporation Common Stock,United States,Broad US equity universe
CNXC,Concentrix Corporation - Common Stock,United States,Broad US equity universe
CNXN,"PC Connection, Inc. - Common Stock",United States,Broad US equity universe
CNXU,Conexeu Sciences Inc. - Common Stock,United States,Broad US equity universe
COAG,"Hemab Therapeutics Holdings, Inc. - Common Stock",United States,Broad US equity universe
COCH,"Envoy Medical, Inc. - Class A Common Stock",United States,Broad US equity universe
COCO,"The Vita Coco Company, Inc. - Common Stock",United States,Broad US equity universe
COCP,"Cocrystal Pharma, Inc. - Common Stock",United States,Broad US equity universe
CODA,"Coda Octopus Group, Inc. - Common stock",United States,Broad US equity universe
CODI,D/B/A Compass Diversified Holdings Shares of Beneficial Interest,United States,Broad US equity universe
CODX,"Co-Diagnostics, Inc. - Common Stock",United States,Broad US equity universe
COF,Capital One Financial Corporation Common Stock,United States,Broad US equity universe
COFS,"ChoiceOne Financial Services, Inc. - Common Stock",United States,Broad US equity universe
COGT,"Cogent Biosciences, Inc. - Common Stock",United States,Broad US equity universe
COHN,Cohen & Company Inc.,United States,Broad US equity universe
COHR,Coherent Corp. Common Stock,United States,Broad US equity universe
COHU,"Cohu, Inc. - Common Stock",United States,Broad US equity universe
COIN,"Coinbase Global, Inc. - Class A Common Stock",United States,Broad US equity universe
COKE,"Coca-Cola Consolidated, Inc. - Common Stock",United States,Broad US equity universe
COLA,Columbus Acquisition Corp - Ordinary Shares,United States,Broad US equity universe
COLB,"Columbia Banking System, Inc. - Common Stock",United States,Broad US equity universe
COLD,"Americold Realty Trust, Inc. Common Stock",United States,Broad US equity universe
COLL,"Collegium Pharmaceutical, Inc. - Common Stock",United States,Broad US equity universe
COLM,Columbia Sportswear Company - Common Stock,United States,Broad US equity universe
COMP,"Compass, Inc. Class A Common Stock",United States,Broad US equity universe
CON,"Concentra Group Holdings Parent, Inc. Common Stock",United States,Broad US equity universe
COO,"The Cooper Companies, Inc.  - Common Stock",United States,Broad US equity universe
COOK,"Traeger, Inc. Common Stock",United States,Broad US equity universe
COOT,Australian Oilseeds Holdings Limited - Ordinary Shares,United States,Broad US equity universe
COP,ConocoPhillips Common Stock,United States,Broad US equity universe
COPL,Copley Acquisition Corp Ordinary Shares,United States,Broad US equity universe
COPR,Idaho Copper Corporation Common Stock,United States,Broad US equity universe
COR,"Cencora, Inc. Common Stock",United States,Broad US equity universe
CORN,Teucrium Corn Fund,United States,Corn
CORT,Corcept Therapeutics Incorporated - Common Stock,United States,Broad US equity universe
CORZ,"Core Scientific, Inc. - Common Stock",United States,Broad US equity universe
COSM,Cosmos Health Inc. - Common Stock,United States,Broad US equity universe
COSO,"CoastalSouth Bancshares, Inc. Common Stock",United States,Broad US equity universe
COST,Costco Wholesale Corporation - Common Stock,United States,Broad US equity universe
COTY,Coty Inc. Class A Common Stock,United States,Broad US equity universe
COUR,"Coursera, Inc. Common Stock",United States,Broad US equity universe
COYA,"Coya Therapeutics, Inc. - Common Stock",United States,Broad US equity universe
CP,Canadian Pacific Kansas City Limited Common Shares,United States,Broad US equity universe
CPA,"Copa Holdings, S.A. Class A Common Stock",United States,Broad US equity universe
CPAY,"Corpay, Inc. Common Stock",United States,Broad US equity universe
CPB,The Campbell's Company - Common Stock,United States,Broad US equity universe
CPBI,"Central Plains Bancshares, Inc. - Common Stock",United States,Broad US equity universe
CPF,Central Pacific Financial Corp New,United States,Broad US equity universe
CPHC,Canterbury Park Holding Corporation - Common Stock,United States,Broad US equity universe
CPHI,"China Pharma Holdings, Inc. Common Stock",United States,Broad US equity universe
CPIX,Cumberland Pharmaceuticals Inc. - Common Stock,United States,Broad US equity universe
CPK,Chesapeake Utilities Corporation Common Stock,United States,Broad US equity universe
CPLE3.SA,Copel,Brazil,Hydroelectric utility
CPNG,"Coupang, Inc. Class A Common Stock",United States,Broad US equity universe
CPOP,"Pop Culture Group Co., Ltd - Class A Ordinary Shares",United States,Broad US equity universe
CPRI,Capri Holdings Limited Ordinary Shares,United States,Broad US equity universe
CPRT,"Copart, Inc. - Common Stock",United States,Broad US equity universe
CPS,Cooper-Standard Holdings Inc. Common Stock,United States,Broad US equity universe
CPSH,CPS Technologies Corp. - Common Stock,United States,Broad US equity universe
CPSS,"Consumer Portfolio Services, Inc. - Common Stock",United States,Broad US equity universe
CPT,Camden Property Trust Common Stock,United States,Broad US equity universe
CPZ,Calamos Long/Short Equity & Dynamic Income Trust - Closed End Fund,United States,Broad US equity universe
CR,Crane Company Common Stock,United States,Broad US equity universe
CRAC,Crown Reserve Acquisition Corp. I - Class A Ordinary Shares,United States,Broad US equity universe
CRAI,"CRA International,Inc. - Common Stock",United States,Broad US equity universe
CRAN,Crane Harbor Acquisition Corp. II - Class A Ordinary Shares,United States,Broad US equity universe
CRAQ,Cal Redwood Acquisition Corp. - Class A Ordinary Shares,United States,Broad US equity universe
CRBG,Corebridge Financial Inc. Common Stock,United States,Broad US equity universe
CRBP,"Corbus Pharmaceuticals Holdings, Inc. - Common Stock",United States,Broad US equity universe
CRBU,"Caribou Biosciences, Inc. - Common Stock",United States,Broad US equity universe
CRC,California Resources Corporation Common Stock,United States,Broad US equity universe
CRCL,"Circle Internet Group, Inc. Class A Common Stock",United States,Broad US equity universe
CRCT,"Cricut, Inc. - Class A common stock",United States,Broad US equity universe
CRD-A,Crawford & Company Common Stock,United States,Broad US equity universe
CRD-B,Crawford & Company Common Stock,United States,Broad US equity universe
CRDF,"Cardiff Oncology, Inc. - Common Stock",United States,Broad US equity universe
CRDL,Cardiol Therapeutics Inc. - Class A Common Shares,United States,Broad US equity universe
CRDO,Credo Technology Group Holding Ltd - Ordinary Shares,United States,Broad US equity universe
CRE,Cre8 Enterprise Limited - Class A Ordinary Shares,United States,Broad US equity universe
CREX,"Creative Realities, Inc. - Common Stock",United States,Broad US equity universe
CRF,"Cornerstone Total Return Fund, Inc. (The) Common Stock",United States,Broad US equity universe
CRGO,Freightos Limited - Ordinary shares,United States,Broad US equity universe
CRGY,Crescent Energy Company Class A Common Stock,United States,Broad US equity universe
CRH,CRH PLC Ordinary Shares,United States,Broad US equity universe
CRI,"Carter's, Inc. Common Stock",United States,Broad US equity universe
CRIS,"Curis, Inc. - Common Stock",United States,Broad US equity universe
CRK,"Comstock Resources, Inc. Common Stock",United States,Broad US equity universe
CRL,"Charles River Laboratories International, Inc. Common Stock",United States,Broad US equity universe
CRM,"Salesforce, Inc. Common Stock",United States,Broad US equity universe
CRMD,CorMedix Inc. - Common Stock,United States,Broad US equity universe
CRML,Critical Metals Corp. - Ordinary Shares,United States,Broad US equity universe
CRMT,"America's Car-Mart, Inc. - Common Stock",United States,Broad US equity universe
CRNC,Cerence Inc. - Common Stock,United States,Broad US equity universe
CRNT,Ceragon Networks Ltd. - Ordinary Shares,United States,Broad US equity universe
CRNX,"Crinetics Pharmaceuticals, Inc. - Common Stock",United States,Broad US equity universe
CRON,Cronos Group Inc. - Common Share,United States,Broad US equity universe
CROX,"Crocs, Inc. - Common Stock",United States,Broad US equity universe
CRS,Carpenter Technology Corporation Common Stock,United States,Broad US equity universe
CRSP,CRISPR Therapeutics AG - Common Shares,United States,Broad US equity universe
CRSR,"Corsair Gaming, Inc. - Common Stock",United States,Broad US equity universe
CRT,Cross Timbers Royalty Trust Common Stock,United States,Broad US equity universe
CRTO,Criteo S.A. - Ordinary Shares,United States,Broad US equity universe
CRUS,"Cirrus Logic, Inc. - Common Stock",United States,Broad US equity universe
CRVL,CorVel Corp. - Common Stock,United States,Broad US equity universe
CRVO,CervoMed Inc. - Common Stock,United States,Broad US equity universe
CRVS,"Corvus Pharmaceuticals, Inc. - Common Stock",United States,Broad US equity universe
CRWD,"CrowdStrike Holdings, Inc. - Class A Common Stock",United States,Broad US equity universe
CRWS,"Crown Crafts, Inc. - Common Stock",United States,Broad US equity universe
CRWV,"CoreWeave, Inc. - Class A Common Stock",United States,Broad US equity universe
CSAI,"Cloudastructure, Inc. - Class A Common Stock",United States,Broad US equity universe
CSAN,Cosan S.A. ADS,United States,Broad US equity universe
CSBR,"Champions Oncology, Inc. - Common Stock",United States,Broad US equity universe
CSCO,"Cisco Systems, Inc. - Common Stock",United States,Broad US equity universe
CSGP,"CoStar Group, Inc. - Common Stock",United States,Broad US equity universe
CSHR,CoinShares PLC - Ordinary Shares,United States,Broad US equity universe
CSIQ,Canadian Solar Inc. - Common Shares,United States,Broad US equity universe
CSL,Carlisle Companies Incorporated Common Stock,United States,Broad US equity universe
CSPI,CSP Inc. - Common Stock,United States,Broad US equity universe
CSQ,Calamos Strategic Total Return Fund - Closed End Fund,United States,Broad US equity universe
CSQR,"Csquare, Inc. Common Stock",United States,Broad US equity universe
CSR,D/B/A Centerspace Common Stock,United States,Broad US equity universe
CSTE,Caesarstone Ltd. - Ordinary Shares,United States,Broad US equity universe
CSTL,"Castle Biosciences, Inc. - Common stock",United States,Broad US equity universe
CSTM,Constellium SE Ordinary Shares (France),United States,Broad US equity universe
CSV,"Carriage Services, Inc. Common Stock",United States,Broad US equity universe
CSW,"CSW Industrials, Inc. Common Stock",United States,Broad US equity universe
CSWC,Capital Southwest Corporation - Common Stock,United States,Broad US equity universe
CSX,CSX Corporation - Common Stock,United States,Broad US equity universe
CTAA,ClearThink 1 Acquisition Corp. - Class A Ordinary Shares,United States,Broad US equity universe
CTAS,Cintas Corporation - Common Stock,United States,Broad US equity universe
CTBI,"Community Trust Bancorp, Inc. - Common Stock",United States,Broad US equity universe
CTEV,Claritev Corporation Class A Common Stock,United States,Broad US equity universe
CTGO,Contango Silver & Gold Inc. Common Stock,United States,Broad US equity universe
CTKB,"Cytek Biosciences, Inc. - Common Stock",United States,Broad US equity universe
CTM,"Castellum, Inc. Common Stock",United States,Broad US equity universe
CTMX,"CytomX Therapeutics, Inc. - Common Stock",United States,Broad US equity universe
CTNM,"Contineum Therapeutics, Inc. - Common stock",United States,Broad US equity universe
CTNT,Cheetah Net Supply Chain Service Inc. - Class A Common Stock,United States,Broad US equity universe
CTO,"CTO Realty Growth, Inc. Common Stock",United States,Broad US equity universe
CTOR,"Citius Oncology, Inc.  - Common Stock",United States,Broad US equity universe
CTOS,"Custom Truck One Source, Inc. Common Stock",United States,Broad US equity universe
CTRE,"CareTrust REIT, Inc. Common Stock",United States,Broad US equity universe
CTRI,"Centuri Holdings, Inc. Common Stock",United States,Broad US equity universe
CTRM,Castor Maritime Inc. - Common Shares,United States,Broad US equity universe
CTRN,"Citi Trends, Inc. - Common Stock",United States,Broad US equity universe
CTS,CTS Corporation Common Stock,United States,Broad US equity universe
CTSH,Cognizant Technology Solutions Corporation - Class A Common Stock,United States,Broad US equity universe
CTSO,Cytosorbents Corporation - Common Stock,United States,Broad US equity universe
CTVA,Corteva,United States,Seeds & crop protection
CTW,CTW - Class A Ordinary Shares,United States,Broad US equity universe
CTXR,"Citius Pharmaceuticals, Inc. - Common Stock",United States,Broad US equity universe
CUB,Lionheart Holdings - Class A Ordinary Shares,United States,Broad US equity universe
CUBE,CubeSmart Common Shares,United States,Broad US equity universe
CUBI,"Customers Bancorp, Inc Common Stock",United States,Broad US equity universe
CUE,"Cue Biopharma, Inc. - Common Stock",United States,Broad US equity universe
CULP,"Culp, Inc. - Common Shares",United States,Broad US equity universe
CUPR,Cuprina Holdings (Cayman) Limited - Class A Ordinary shares,United States,Broad US equity universe
CURB,Curbline Properties Corp. Common Stock,United States,Broad US equity universe
CURI,CuriosityStream Inc.  - Class A Common Stock,United States,Broad US equity universe
CURR,Currenc Group Inc. - Ordinary Shares,United States,Broad US equity universe
CURV,Torrid Holdings Inc. Common Stock,United States,Broad US equity universe
CURX,Curanex Pharmaceuticals Inc - Common Stock,United States,Broad US equity universe
CUZ,Cousins Properties Incorporated Common Stock,United States,Broad US equity universe
CV,"CapsoVision, Inc. - Common Stock",United States,Broad US equity universe
CVBF,CVB Financial Corporation - Common Stock,United States,Broad US equity universe
CVCO,"Cavco Industries, Inc. - Common Stock",United States,Broad US equity universe
CVE,Cenovus Energy Inc Common Stock,United States,Broad US equity universe
CVEO,Civeo Corporation (Canada) Common Shares,United States,Broad US equity universe
CVGI,"Commercial Vehicle Group, Inc. - Common Stock",United States,Broad US equity universe
CVI,CVR Energy Inc. Common Stock,United States,Broad US equity universe
CVKD,"Cadrenal Therapeutics, Inc. - Common Stock",United States,Broad US equity universe
CVLG,"Covenant Logistics Group, Inc. Class A Common Stock",United States,Broad US equity universe
CVLT,"Commvault Systems, Inc. - Common Stock",United States,Broad US equity universe
CVM,Cel-Sci Corporation Common Stock,United States,Broad US equity universe
CVNA,Carvana Co. Class A Common Stock,United States,Broad US equity universe
CVR,Chicago Rivet & Machine Co. Common Stock,United States,Broad US equity universe
CVRX,"CVRx, Inc. - Common Stock",United States,Broad US equity universe
CVS,CVS Health Corporation Common Stock,United States,Broad US equity universe
CVSA,Covista Inc. Common Shares,United States,Broad US equity universe
CVU,"CPI Aerostructures, Inc. Common Stock",United States,Broad US equity universe
CVV,CVD Equipment Corporation - Common Stock,United States,Broad US equity universe
CVX,Chevron Corporation Common Stock,United States,Broad US equity universe
CWBC,Community West Bancshares - Common Stock,United States,Broad US equity universe
CWCO,Consolidated Water Co. Ltd. - Ordinary Shares,United States,Broad US equity universe
CWD,CaliberCos Inc. - Class A Common Stock,United States,Broad US equity universe
CWEN,"Clearway Energy, Inc. Class C Common Stock",United States,Broad US equity universe
CWH,"Camping World Holdings, Inc. Class A Common Stock",United States,Broad US equity universe
CWK,Cushman & Wakefield Ltd. Common Shares,United States,Broad US equity universe
CWST,"Casella Waste Systems, Inc. - Class A Common Stock",United States,Broad US equity universe
CWT,California Water Service Group Common Stock,United States,Broad US equity universe
CX,"Cemex, S.A.B. de C.V. Sponsored ADR",United States,Broad US equity universe
CXAI,CXApp Inc. - Class A Common Stock,United States,Broad US equity universe
CXDO,"Crexendo, Inc. - Common Stock",United States,Broad US equity universe
CXII,Churchill Capital Corp XII - Class A Ordinary Shares,United States,Broad US equity universe
CXM,"Sprinklr, Inc. Class A Common Stock",United States,Broad US equity universe
CXT,"Crane NXT, Co. Common Stock",United States,Broad US equity universe
CXW,"CoreCivic, Inc. Common Stock",United States,Broad US equity universe
CYAB,"Cyabra, Inc. - Common Stock",United States,Broad US equity universe
CYCN,"Cyclerion Therapeutics, Inc. - Common Stock",United States,Broad US equity universe
CYCU,"Cycurion, Inc. - Common Stock",United States,Broad US equity universe
CYD,China Yuchai International Limited Common Stock,United States,Broad US equity universe
CYH,"Community Health Systems, Inc. Common Stock",United States,Broad US equity universe
CYN,Cyngn Inc. - Common stock,United States,Broad US equity universe
CYPH,Cypherpunk Technologies Inc. - Common Stock,United States,Broad US equity universe
CYRX,"CryoPort, Inc. - Common Stock",United States,Broad US equity universe
CYTK,"Cytokinetics, Incorporated - Common Stock",United States,Broad US equity universe
CZFS,"Citizens Financial Services, Inc. - Common Stock",United States,Broad US equity universe
CZNC,Citizens & Northern Corp - Common Stock,United States,Broad US equity universe
CZR,"Caesars Entertainment, Inc. - Common Stock",United States,Broad US equity universe
CZWI,"Citizens Community Bancorp, Inc. - Common Stock",United States,Broad US equity universe
D,"Dominion Energy, Inc. Common Stock",United States,Broad US equity universe
DAAQ,Digital Asset Acquisition Corp. - Class A Ordinary shares,United States,Broad US equity universe
DAC,Danaos Corporation Common Stock,United States,Broad US equity universe
DAIC,"CID HoldCo, Inc. - Common Stock",United States,Broad US equity universe
DAIO,Data I/O Corporation - Common Stock,United States,Broad US equity universe
DAKT,"Daktronics, Inc. - Common Stock",United States,Broad US equity universe
DAL,"Delta Air Lines, Inc. Common Stock",United States,Broad US equity universe
DAN,Dana Incorporated Common Stock ,United States,Broad US equity universe
DAR,Darling Ingredients Inc. Common Stock,United States,Broad US equity universe
DARE,"Dare Bioscience, Inc. - Common Stock",United States,Broad US equity universe
DASH,"DoorDash, Inc. - Common Stock",United States,Broad US equity universe
DAVE,Dave Inc.  - Class A Common Stock,United States,Broad US equity universe
DB,Deutsche Bank AG Common Stock,United States,Broad US equity universe
DBA,Invesco DB Agriculture Fund,United States,Broad agriculture
DBCA,D. Boral Acquisition I Corp. - Class A Ordinary Shares,United States,Broad US equity universe
DBD,Diebold Nixdorf Incorporated Common stock,United States,Broad US equity universe
DBGI,"Digital Brands Group, Inc. - Common Stock",United States,Broad US equity universe
DBI,Designer Brands Inc. Class A Common Stock,United States,Broad US equity universe
DBL,DoubleLine Opportunistic Credit Fund Common Shares of Beneficial Interest,United States,Broad US equity universe
DBRG,"DigitalBridge Group, Inc.",United States,Broad US equity universe
DBX,"Dropbox, Inc. - Class A Common Stock",United States,Broad US equity universe
DC,Dakota Gold Corp. Common Stock,United States,Broad US equity universe
DCBG,"Dime Commercial Bancshares, Inc. 9.000% Junior Subordinated Notes",United States,Broad US equity universe
DCBO,Docebo Inc. - Common Shares,United States,Broad US equity universe
DCGO,DocGo Inc. - Common Stock,United States,Broad US equity universe
DCH,Dauch Corporation Common Stock,United States,Broad US equity universe
DCI,"Donaldson Company, Inc. Common Stock",United States,Broad US equity universe
DCO,Ducommun Incorporated Common Stock,United States,Broad US equity universe
DCOM,"Dime Commercial Bancshares, Inc. Common Stock",United States,Broad US equity universe
DCOY,Decoy Therapeutics Inc. - Common Stock,United States,Broad US equity universe
DCTH,"Delcath Systems, Inc. - Common Stock",United States,Broad US equity universe
DCX,Digital Currency X Technology Inc. - Class A Ordinary Shares,United States,Broad US equity universe
DD,"DuPont de Nemours, Inc. Common Stock",United States,Broad US equity universe
DDC,DDC Enterprise Limited Class A Ordinary Shares,United States,Broad US equity universe
DDD,3D Systems Corporation Common Stock,United States,Broad US equity universe
DDI,"DoubleDown Interactive Co., Ltd. - American Depository Shares",United States,Broad US equity universe
DDOG,"Datadog, Inc. - Class A Common Stock",United States,Broad US equity universe
DDS,"Dillard's, Inc. Common Stock",United States,Broad US equity universe
DDT,Dillard's Capital Trust I,United States,Broad US equity universe
DE,Deere & Co.,United States,Farm equipment
DEA,"Easterly Government Properties, Inc. Common Stock",United States,Broad US equity universe
DEC,Diversified Energy Company Common Stock,United States,Broad US equity universe
DECK,Deckers Outdoor Corporation Common Stock,United States,Broad US equity universe
DEFT,"Defi Technologies, Inc. - Common Stock",United States,Broad US equity universe
DEI,"Douglas Emmett, Inc. Common Stock",United States,Broad US equity universe
DELL,Dell Technologies Inc. Class C Common Stock ,United States,Broad US equity universe
DEO,Diageo plc Common Stock,United States,Broad US equity universe
DERM,Journey Medical Corporation - Common Stock,United States,Broad US equity universe
DETX,"Liberty Defense Holdings, Ltd. - Common Shares",United States,Broad US equity universe
DFDV,DeFi Development Corp. - Common Stock,United States,Broad US equity universe
DFH,"Dream Finders Homes, Inc. Class A Common Stock",United States,Broad US equity universe
DFIN,"Donnelley Financial Solutions, Inc. Common Stock ",United States,Broad US equity universe
DFLI,Dragonfly Energy Holdings Corp - Common Stock,United States,Broad US equity universe
DFNS,T3 Defense Inc. - Common Stock,United States,Broad US equity universe
DFSC,"DEFSEC Technologies Inc. - common stock, no R/S concurrent with offering",United States,Broad US equity universe
DFTX,"Definium Therapeutics, Inc.  - Common Shares",United States,Broad US equity universe
DG,Dollar General Corporation Common Stock,United States,Broad US equity universe
DGAC,Disciplined Growth Acquisition Corporation Class A Ordinary Shares,United States,Broad US equity universe
DGICA,"Donegal Group, Inc. - Class A Common Stock",United States,Broad US equity universe
DGICB,"Donegal Group, Inc. - Class B Common Stock",United States,Broad US equity universe
DGII,Digi International Inc. - Common Stock,United States,Broad US equity universe
DGNX,Diginex Limited - Ordinary Shares,United States,Broad US equity universe
DGP,"DB Gold Double Long ETN due February 15, 2038",United States,Broad US equity universe
DGX,Quest Diagnostics Incorporated Common Stock,United States,Broad US equity universe
DGXX,Digi Power X Inc. - Common Subordinate Voting Shares,United States,Broad US equity universe
DGZ,"DB Gold Short ETN due February 15, 2038",United States,Broad US equity universe
DH,Definitive Healthcare Corp. - Class A Common Stock,United States,Broad US equity universe
DHC,Diversified Healthcare Trust  - Common Shares of Beneficial Interest,United States,Broad US equity universe
DHF,BNY Mellon High Yield Strategies Fund Common Stock,United States,Broad US equity universe
DHI,"D.R. Horton, Inc. Common Stock",United States,Broad US equity universe
DHR,Danaher Corporation Common Stock,United States,Broad US equity universe
DHT,"DHT Holdings, Inc.",United States,Broad US equity universe
DHX,"DHI Group, Inc. Common Stock",United States,Broad US equity universe
DHY,Credit Suisse High Yield Credit Fund Common Stock,United States,Broad US equity universe
DIBS,"1stdibs.com, Inc. - Common Stock",United States,Broad US equity universe
DIN,"Dine Brands Global, Inc. Common Stock",United States,Broad US equity universe
DINO,HF Sinclair Corporation Common Stock,United States,Broad US equity universe
DIOD,Diodes Incorporated - Common Stock,United States,Broad US equity universe
DIS,Walt Disney Company (The) Common Stock,United States,Broad US equity universe
DIT,AMCON Distributing Company Common Stock,United States,Broad US equity universe
DJCO,Daily Journal Corp. (S.C.) - Common Stock,United States,Broad US equity universe
DJP,iPath Bloomberg Commodity Index Total Return ETN,United States,Broad US equity universe
DJT,Trump Media & Technology Group Corp. - Common Stock,United States,Broad US equity universe
DK,"Delek US Holdings, Inc. Common Stock",United States,Broad US equity universe
DKI,DarkIris Inc. - Class A Ordinary Shares,United States,Broad US equity universe
DKNG,DraftKings Inc. - Class A Common Stock,United States,Broad US equity universe
DKS,Dick's Sporting Goods Inc Common Stock,United States,Broad US equity universe
DLB,Dolby Laboratories Common Stock,United States,Broad US equity universe
DLHC,DLH Holdings Corp. - Common Stock,United States,Broad US equity universe
DLO,DLocal Limited - Class A Common Shares,United States,Broad US equity universe
DLPN,"Dolphin Entertainment, Inc. - Common Stock",United States,Broad US equity universe
DLR,"Digital Realty Trust, Inc. Common Stock",United States,Broad US equity universe
DLTH,Duluth Holdings Inc. - Class B Common Stock,United States,Broad US equity universe
DLTR,"Dollar Tree, Inc. - Common Stock",United States,Broad US equity universe
DLX,Deluxe Corporation Common Stock,United States,Broad US equity universe
DLXY,Delixy Holdings Limited - Class A Ordinary Shares,United States,Broad US equity universe
DLY,DoubleLine Yield Opportunities Fund Common Shares of Beneficial Interest,United States,Broad US equity universe
DMA,Destra Multi-Alternative Fund Common Stock,United States,Broad US equity universe
DMAA,Drugs Made In America Acquisition Corp. - Ordinary Shares,United States,Broad US equity universe
DMAC,DiaMedica Therapeutics Inc. - Common Stock,United States,Broad US equity universe
DMC,Del Monte Corporation Ordinary Shares,United States,Broad US equity universe
DMII,Drugs Made In America Acquisition II Corp. - Ordinary Shares,United States,Broad US equity universe
DMO,Western Asset Mortgage Opportunity Fund Inc. Common Stock,United States,Broad US equity universe
DMRA,"Damora Therapeutics, Inc. - Ordinary Shares",United States,Broad US equity universe
DMRC,Digimarc Corporation - Common Stock,United States,Broad US equity universe
DNA,"Ginkgo Bioworks Holdings, Inc. Class A Common Stock",United States,Broad US equity universe
DNLI,Denali Therapeutics Inc. - Common Stock,United States,Broad US equity universe
DNMX,Dynamix Corporation III - Class A Ordinary Shares,United States,Broad US equity universe
DNN,Denison Mines Corp Ordinary Shares (Canada),United States,Broad US equity universe
DNOW,DNOW Inc. Common Stock,United States,Broad US equity universe
DNP,"DNP Select Income Fund, Inc. Common Stock",United States,Broad US equity universe
DNTH,"Dianthus Therapeutics, Inc. - Common Stock",United States,Broad US equity universe
DNUT,"Krispy Kreme, Inc. - Common Stock",United States,Broad US equity universe
DOC,"Healthpeak Properties, Inc. Common Stock",United States,Broad US equity universe
DOCN,"DigitalOcean Holdings, Inc. Common Stock",United States,Broad US equity universe
DOCS,"Doximity, Inc. Class A Common Stock",United States,Broad US equity universe
DOCU,"DocuSign, Inc. - Common Stock",United States,Broad US equity universe
DOGZ,Dogness (International) Corporation - Class A Common Stock,United States,Broad US equity universe
DOLE,Dole plc Ordinary Shares,United States,Broad US equity universe
DOMH,Dominari Holdings Inc. - Common Stock,United States,Broad US equity universe
DOMO,"Domo, Inc. - Class B Common Stock",United States,Broad US equity universe
DOO,BRP Inc. - Common Subordinate Voting Shares,United States,Broad US equity universe
DORM,"Dorman Products, Inc. - Common Stock",United States,Broad US equity universe
DOUG,Douglas Elliman Inc. Common Stock,United States,Broad US equity universe
DOV,Dover Corporation Common Stock,United States,Broad US equity universe
DOW,Dow Inc. Common Stock ,United States,Broad US equity universe
DOX,Amdocs Limited - Ordinary Shares,United States,Broad US equity universe
DPC,DPC Holdings PLC Ordinary Shares,United States,Broad US equity universe
DPG,Duff & Phelps Utility and Infrastructure Fund Inc.,United States,Broad US equity universe
DPRO,Draganfly Inc. - Common Shares,United States,Broad US equity universe
DPU,Top KingWin Ltd - Class A Ordinary Shares,United States,Broad US equity universe
DPZ,Domino's Pizza Inc - Common Stock,United States,Broad US equity universe
DRCT,"Direct Digital Holdings, Inc. - Class A Common Stock",United States,Broad US equity universe
DRDB,Roman DBDR Acquisition Corp. II - Ordinary shares,United States,Broad US equity universe
DRH,Diamondrock Hospitality Company - Common Stock,United States,Broad US equity universe
DRI,"Darden Restaurants, Inc. Common Stock",United States,Broad US equity universe
DRIO,DarioHealth Corp. - Common Stock,United States,Broad US equity universe
DRMA,"Dermata Therapeutics, Inc. - Common Stock",United States,Broad US equity universe
DRS,"Leonardo DRS, Inc. - Common Stock",United States,Broad US equity universe
DRTS,Alpha Tau Medical Ltd. - Ordinary Shares,United States,Broad US equity universe
DRVN,Driven Brands Holdings Inc. - Common Stock,United States,Broad US equity universe
DSAC,Daedalus Special Acquisition Corp. - Class A Ordinary Shares,United States,Broad US equity universe
DSGN,"Design Therapeutics, Inc. - Common Stock",United States,Broad US equity universe
DSGR,"Distribution Solutions Group, Inc. - Common Stock",United States,Broad US equity universe
DSGX,The Descartes Systems Group Inc. - Common Stock,United States,Broad US equity universe
DSL,DoubleLine Income Solutions Fund Common Shares of Beneficial Interests,United States,Broad US equity universe
DSP,Viant Technology Inc. - common stock,United States,Broad US equity universe
DSS,"DSS, Inc. Common Stock",United States,Broad US equity universe
DSU,"Blackrock Debt Strategies Fund, Inc. Common Stock",United States,Broad US equity universe
DSWL,"Deswell Industries, Inc. - Common Shares",United States,Broad US equity universe
DSX,Diana Shipping inc. common stock,United States,Broad US equity universe
DSY,Big Tree Cloud Holdings Limited - Class A Ordinary Shares,United States,Broad US equity universe
DT,"Dynatrace, Inc. Common Stock",United States,Broad US equity universe
DTCX,"Datacentrex, Inc. - Common Stock",United States,Broad US equity universe
DTE,DTE Energy Company Common Stock,United States,Broad US equity universe
DTF,DTF Tax-Free Income 2028 Term Fund Inc. Common Stock,United States,Broad US equity universe
DTI,Drilling Tools International Corporation  - Common Stock,United States,Broad US equity universe
DTIL,"Precision BioSciences, Inc. - Common Stock",United States,Broad US equity universe
DTM,"DT Midstream, Inc. Common Stock ",United States,Broad US equity universe
DTSQ,DT Cloud Star Acquisition Corporation - Ordinary Shares,United States,Broad US equity universe
DTSS,Datasea Intelligent Technology Ltd. - Class A Ordinary Shares,United States,Broad US equity universe
DTST,Data Storage Corporation - Common Stock,United States,Broad US equity universe
DUK,Duke Energy Corporation (Holding Company) Common Stock,United States,Broad US equity universe
DUKR,DUKE Robotics Corp. - Common Stock,United States,Broad US equity universe
DUO,Fangdd Network Group Ltd. - Class A Ordinary Shares,United States,Broad US equity universe
DUOL,"Duolingo, Inc. - Class A Common Stock",United States,Broad US equity universe
DUOT,"Duos Technologies Group, Inc. - Common Stock",United States,Broad US equity universe
DV,"DoubleVerify Holdings, Inc. Common Stock",United States,Broad US equity universe
DVA,DaVita Inc. Common Stock,United States,Broad US equity universe
DVLT,Datavault AI Inc. - Common Stock,United States,Broad US equity universe
DVN,Devon Energy Corporation Common Stock,United States,Broad US equity universe
DWSN,Dawson Geophysical Company - Common Stock,United States,Broad US equity universe
DWTX,"Dogwood Therapeutics, Inc.  - Common Stock",United States,Broad US equity universe
DX,"Dynex Capital, Inc. Common Stock",United States,Broad US equity universe
DXC,DXC Technology Company Common Stock ,United States,Broad US equity universe
DXCM,"DexCom, Inc. - Common Stock",United States,Broad US equity universe
DXLG,"Destination XL Group, Inc. - Common Stock",United States,Broad US equity universe
DXPE,"DXP Enterprises, Inc. - Common Stock",United States,Broad US equity universe
DXR,Daxor Corporation - Closed End Fund,United States,Broad US equity universe
DXST,Decent Holding Inc. - Class A Ordinary Shares,United States,Broad US equity universe
DXYZ,Destiny Tech100 Inc. Common Stock,United States,Broad US equity universe
DY,"Dycom Industries, Inc. Common Stock",United States,Broad US equity universe
DYAI,"Dyadic International, Inc. - Common Stock",United States,Broad US equity universe
DYN,"Dyne Therapeutics, Inc. - Common Stock",United States,Broad US equity universe
DYNC,Dynamix Corporation - Class A Ordinary Share,United States,Broad US equity universe
DYOR,Insight Digital Partners II - Class A Ordinary Shares,United States,Broad US equity universe
DZZ,"DB Gold Double Short ETN due February 15, 2038",United States,Broad US equity universe
E,ENI S.p.A. Common Stock,United States,Broad US equity universe
EAD,Allspring Income Opportunities Fund Common Shares,United States,Broad US equity universe
EAF,GrafTech International Ltd. Common Stock,United States,Broad US equity universe
EARN,Ellington Credit Company Common Shares of Beneficial Interest,United States,Broad US equity universe
EAT,"Brinker International, Inc. Common Stock",United States,Broad US equity universe
EBAY,eBay Inc. - Common Stock,United States,Broad US equity universe
EBC,"Eastern Bankshares, Inc. - Common Stock",United States,Broad US equity universe
EBF,"Ennis, Inc. Common Stock",United States,Broad US equity universe
EBMT,"Eagle Bancorp Montana, Inc. - Common Stock",United States,Broad US equity universe
EBON,Ebang International Holdings Inc. - Class A Ordinary Shares,United States,Broad US equity universe
EBS,Emergent BioSolutions Inc. Common Stock,United States,Broad US equity universe
ECAT,BlackRock ESG Capital Allocation Term Trust Common Shares of Beneficial Interest,United States,Broad US equity universe
ECBK,"ECB Bancorp, Inc. - Common Stock",United States,Broad US equity universe
ECC,Eagle Point Credit Company Common Share of Beneficial Interest,United States,Broad US equity universe
ECF,Ellsworth Growth and Income Fund Ltd.,United States,Broad US equity universe
ECG,"Everus Construction Group, Inc. Common Stock",United States,Broad US equity universe
ECHO,EchoStar Corporation - Common stock,United States,Broad US equity universe
ECL,Ecolab Inc. Common Stock,United States,Broad US equity universe
ECO,Okeanis Eco Tankers Corp. Common Stock,United States,Broad US equity universe
ECOR,"electroCore, Inc. - Common Stock",United States,Broad US equity universe
ECPG,Encore Capital Group Inc - Common Stock,United States,Broad US equity universe
ECVT,Ecovyst Inc. Common Stock,United States,Broad US equity universe
ECX,ECARX Holdings Inc. - Class A Ordinary shares,United States,Broad US equity universe
ED,"Consolidated Edison, Inc. Common Stock",United States,Broad US equity universe
EDBL,Edible Garden AG Incorporated - Common Stock,United States,Broad US equity universe
EDD,"Morgan Stanley Emerging Markets Domestic Debt Fund, Inc. Common Stock",United States,Broad US equity universe
EDF,Virtus Stone Harbor Emerging Markets Income Fund Common Shares of Beneficial Interest,United States,Broad US equity universe
EDIT,"Editas Medicine, Inc. - Common Stock",United States,Broad US equity universe
EDRY,EuroDry Ltd. - Common Shares,United States,Broad US equity universe
EDSA,"Edesa Biotech, Inc. - Common Shares",United States,Broad US equity universe
EDTK,Skillful Craftsman Education Technology Limited - Ordinary Share,United States,Broad US equity universe
EDU,"New Oriental Education & Technology Group, Inc. Sponsored ADR representing 10 Ordinary Share (Cayman Islands)",United States,Broad US equity universe
EDUC,Educational Development Corporation - Common Stock,United States,Broad US equity universe
EE,"Excelerate Energy, Inc. Class A Common Stock",United States,Broad US equity universe
EEA,"The European Equity Fund, Inc. Common Stock",United States,Broad US equity universe
EEFT,"Euronet Worldwide, Inc. - Common Stock",United States,Broad US equity universe
EEIQ,EpicQuest Education Group International Limited - Common Stock,United States,Broad US equity universe
EFC,Ellington Financial Inc. Common Stock ,United States,Broad US equity universe
EFOI,"Energy Focus, Inc. - Common Stock",United States,Broad US equity universe
EFOR,"Everforth, Inc. Common Stock",United States,Broad US equity universe
EFR,Eaton Vance Senior Floating-Rate Fund Common Shares of Beneficial Interest,United States,Broad US equity universe
EFSC,Enterprise Financial Services Corporation - Common Stock,United States,Broad US equity universe
EFSI,Eagle Financial Services Inc - Common Stock,United States,Broad US equity universe
EFT,Eaton Vance Floating Rate Income Trust Common Shares of Beneficial Interest,United States,Broad US equity universe
EFTY,"Etoiles Capital Group Co., Ltd. - Class A Ordinary Shares",United States,Broad US equity universe
EFX,"Equifax, Inc. Common Stock",United States,Broad US equity universe
EFXT,Enerflex Ltd Common Shares,United States,Broad US equity universe
EG,"Everest Group, Ltd. Common Stock",United States,Broad US equity universe
EGAN,eGain Corporation - Common Stock,United States,Broad US equity universe
EGBN,"Eagle Bancorp, Inc. - Common Stock",United States,Broad US equity universe
EGG,Enigmatig Limited Class A Ordinary Shares,United States,Broad US equity universe
EGHA,EGH Acquisition Corp. - Class A ordinary shares,United States,Broad US equity universe
EGHT,8x8 Inc - Common stock,United States,Broad US equity universe
EGO,Eldorado Gold Corporation Ordinary Shares,United States,Broad US equity universe
EGP,"EastGroup Properties, Inc. Common Stock",United States,Broad US equity universe
EGY,"VAALCO Energy, Inc.  Common Stock",United States,Broad US equity universe
EH,EHang Holdings Limited - ADS,United States,Broad US equity universe
EHC,Encompass Health Corporation Common Stock,United States,Broad US equity universe
EHGO,Eshallgo Inc. - Class A Ordinary Shares,United States,Broad US equity universe
EHI,Western Asset Global High Income Fund Inc Common Stock,United States,Broad US equity universe
EHLD,Euroholdings Ltd. - Common Stock,United States,Broad US equity universe
EHTH,"eHealth, Inc. - Common Stock",United States,Broad US equity universe
EIC,Eagle Point Income Company Inc. Common Stock,United States,Broad US equity universe
EIDPARRY.NS,EID Parry,India,Sugar & farm inputs
EIG,Employers Holdings Inc Common Stock,United States,Broad US equity universe
EIKN,"Eikon Therapeutics, Inc. - Common Stock",United States,Broad US equity universe
EIX,Edison International Common Stock,United States,Broad US equity universe
EJH,E-Home Household Service Holdings Limited - Ordinary shares,United States,Broad US equity universe
EL,"Estee Lauder Companies, Inc. (The) Common Stock",United States,Broad US equity universe
ELA,Envela Corporation Common Stock,United States,Broad US equity universe
ELAB,PMGC Holdings Inc. - Common Stock,United States,Broad US equity universe
ELAN,Elanco Animal Health Incorporated Common Stock,United States,Broad US equity universe
ELBM,Electra Battery Materials Corporation - Common Stock,United States,Broad US equity universe
ELDN,"Eledon Pharmaceuticals, Inc. - Common Stock",United States,Broad US equity universe
ELE,Elemental Royalty Corporation - Common Stock,United States,Broad US equity universe
ELF,"e.l.f. Beauty, Inc. Common Stock",United States,Broad US equity universe
ELLO,Ellomay Capital Ltd Ordinary Shares (Israel),United States,Broad US equity universe
ELMD,"Electromed, Inc. Common Stock",United States,Broad US equity universe
ELME,Elme Communities Common Stock,United States,Broad US equity universe
ELMT,The Elmet Group Co. - Common Stock,United States,Broad US equity universe
ELOG,Eastern International Ltd. - Ordinary Shares,United States,Broad US equity universe
ELOX,"Eloxx Pharmaceuticals, Inc. - Common Stock",United States,Broad US equity universe
ELPC,Copel,Brazil,Hydroelectric utility
ELPW,Elong Power Holding Limited - Class A Ordinary Shares,United States,Broad US equity universe
ELS,"Equity Lifestyle Properties, Inc. Common Stock",United States,Broad US equity universe
ELTK,Eltek Ltd. - Ordinary Shares,United States,Broad US equity universe
ELTX,"Elicio Therapeutics, Inc. - Common Stock",United States,Broad US equity universe
ELUT,"Elutia, Inc. - Class A Common Stock",United States,Broad US equity universe
ELV,"Elevance Health, Inc. Common Stock",United States,Broad US equity universe
ELVA,Electrovaya Inc. - Common Shares,United States,Broad US equity universe
ELVN,"Enliven Therapeutics, Inc.  - Common Stock",United States,Broad US equity universe
ELVR,Elevra Lithium Limited - American Depository Shares,United States,Broad US equity universe
ELWT,"Elauwit Connection, Inc. - Common Stock",United States,Broad US equity universe
EMA,Emera Incorporated Common Shares,United States,Broad US equity universe
EMAT,Evolution Metals & Technologies Corp. - Common Stock,United States,Broad US equity universe
EMBC,Embecta Corp. - Common Stock,United States,Broad US equity universe
EMBJ,Embraer S.A. Common Stock,United States,Broad US equity universe
EMD,Western Asset Emerging Markets Debt Fund Inc Common Stock,United States,Broad US equity universe
EME,"EMCOR Group, Inc. Common Stock",United States,Broad US equity universe
EMF,Templeton Emerging Markets Fund Common Stock,United States,Broad US equity universe
EMIS,Emmis Acquisition Corp. - Class A Ordinary Share,United States,Broad US equity universe
EML,Eastern Company (The) - Common Stock,United States,Broad US equity universe
EMN,Eastman Chemical Company Common Stock,United States,Broad US equity universe
EMO,ClearBridge Energy Midstream Opportunity Fund Inc. Common Stock,United States,Broad US equity universe
EMPD,Empery Digital Inc. - Common stock,United States,Broad US equity universe
EMR,Emerson Electric Company Common Stock,United States,Broad US equity universe
ENB,Enbridge Inc Common Stock,United States,Broad US equity universe
ENGN,enGene Therapeutics Inc. - Common Stock,United States,Broad US equity universe
ENGS,Energys Group Limited - Ordinary Shares,United States,Broad US equity universe
ENHA,Enhanced Group Inc. Class A Common Stock,United States,Broad US equity universe
ENLT,Enlight Renewable Energy Ltd. - Ordinary Shares,United States,Broad US equity universe
ENLV,Enlivex Ltd. - Ordinary Shares,United States,Broad US equity universe
ENOV,Enovis Corporation Common Stock,United States,Broad US equity universe
ENPH,"Enphase Energy, Inc. - Common Stock",United States,Broad US equity universe
ENR,"Energizer Holdings, Inc. Common Stock",United States,Broad US equity universe
ENS,EnerSys Common Stock,United States,Broad US equity universe
ENSC,"Ensysce Biosciences, Inc. - Common Stock",United States,Broad US equity universe
ENSG,"The Ensign Group, Inc. - Common Stock",United States,Broad US equity universe
ENTA,"Enanta Pharmaceuticals, Inc. - Common Stock",United States,Broad US equity universe
ENTG,"Entegris, Inc. - Common Stock",United States,Broad US equity universe
ENTX,Entera Bio Ltd. - Ordinary Shares,United States,Broad US equity universe
ENVA,"Enova International, Inc. Common Stock",United States,Broad US equity universe
ENVB,"Enveric Biosciences, Inc.  - Common Stock",United States,Broad US equity universe
ENVX,Enovix Corporation - Common Stock,United States,Broad US equity universe
EOD,Allspring Global Dividend Opportunity Fund Common Shares of Beneficial Interest,United States,Broad US equity universe
EOG,"EOG Resources, Inc. Common Stock",United States,Broad US equity universe
EOI,Eaton Vance Enhance Equity Income Fund Eaton Vance Enhanced Equity Income Fund Shares of Beneficial Interest,United States,Broad US equity universe
EOLS,"Evolus, Inc. - Common Stock",United States,Broad US equity universe
EONR,EON Resources Inc. Class A Common Stock,United States,Broad US equity universe
EOS,Eaton Vance Enhance Equity Income Fund II Common Stock,United States,Broad US equity universe
EOSE,"Eos Energy Enterprises, Inc. - Common Stock",United States,Broad US equity universe
EOT,Eaton Vance Municipal Income Trust EATON VANCE NATIONAL MUNICIPAL OPPORTUNITIES TRUST,United States,Broad US equity universe
EP,Empire Petroleum Corporation Common Stock,United States,Broad US equity universe
EPAC,Enerpac Tool Group Corp. Common Stock,United States,Broad US equity universe
EPAM,"EPAM Systems, Inc. Common Stock",United States,Broad US equity universe
EPC,Edgewell Personal Care Company Common Stock,United States,Broad US equity universe
EPD,Enterprise Products Partners L.P. Common Stock,United States,Broad US equity universe
EPM,"Evolution Petroleum Corporation, Inc. Common Stock",United States,Broad US equity universe
EPOW,E-Power Inc. - Class A Ordinary Shares,United States,Broad US equity universe
EPR,EPR Properties Common Stock,United States,Broad US equity universe
EPRT,"Essential Properties Realty Trust, Inc. Common Stock",United States,Broad US equity universe
EPRX,Eupraxia Pharmaceuticals Inc. - Common Stock,United States,Broad US equity universe
EPSM,Epsium Enterprise Limited - Class A Ordinary Shares,United States,Broad US equity universe
EPSN,Epsilon Energy Ltd. - Common Shares,United States,Broad US equity universe
EQ,"Equillium, Inc. - Common Stock",United States,Broad US equity universe
EQBK,"Equity Bancshares, Inc. Class A Common Stock",United States,Broad US equity universe
EQH,"Equitable Holdings, Inc. Common Stock",United States,Broad US equity universe
EQIX,"Equinix, Inc. - Common Stock",United States,Broad US equity universe
EQNR,Equinor ASA,United States,Broad US equity universe
EQPT,EquipmentShare.com Inc - Class A Common Stock,United States,Broad US equity universe
EQR,Equity Residential Common Shares of Beneficial Interest,United States,Broad US equity universe
EQS,"Equus Total Return, Inc. Common Stock",United States,Broad US equity universe
EQT,EQT Corporation Common Stock,United States,Broad US equity universe
EQX,Equinox Gold Corp. Common Shares,United States,Broad US equity universe
ERAS,"Erasca, Inc. - Common Stock",United States,Broad US equity universe
ERC,Allspring Multi-Sector Income Fund Common Stock,United States,Broad US equity universe
ERH,Allspring Utilities and High Income Fund Common Shares,United States,Broad US equity universe
ERIE,Erie Indemnity Company - Class A Common Stock,United States,Broad US equity universe
ERII,"Energy Recovery, Inc. - Common Stock",United States,Broad US equity universe
ERNA,Ernexa Therapeutics Inc. - Common Stock,United States,Broad US equity universe
ERO,Ero Copper Corp. Common Shares,United States,Broad US equity universe
EROC,"ERock, Inc. Class A Common Stock",United States,Broad US equity universe
EROK,"EagleRock Land, LLC Class A shares representing limited liability company interests",United States,Broad US equity universe
ES,Eversource Energy (D/B/A) Common Stock,United States,Broad US equity universe
ESAB,ESAB Corporation Common Stock,United States,Broad US equity universe
ESCA,"Escalade, Incorporated - Common Stock",United States,Broad US equity universe
ESE,ESCO Technologies Inc. Common Stock,United States,Broad US equity universe
ESEA,Euroseas Ltd. - Common Stock,United States,Broad US equity universe
ESI,Element Solutions Inc. Common Stock,United States,Broad US equity universe
ESLA,"Estrella Immunopharma, Inc. - Common Stock",United States,Broad US equity universe
ESLT,Elbit Systems Ltd. - Ordinary Shares,United States,Broad US equity universe
ESNT,Essent Group Ltd. Common Shares,United States,Broad US equity universe
ESOA,Energy Services of America Corporation - Common Stock,United States,Broad US equity universe
ESP,Espey Mfg. & Electronics Corp. Common Stock,United States,Broad US equity universe
ESQ,"Esquire Financial Holdings, Inc. - Common Stock",United States,Broad US equity universe
ESRT,"Empire State Realty Trust, Inc. Class A Common Stock",United States,Broad US equity universe
ESS,"Essex Property Trust, Inc. Common Stock",United States,Broad US equity universe
ESTA,Establishment Labs Holdings Inc. - Common Shares,United States,Broad US equity universe
ESTC,Elastic N.V. Ordinary Shares,United States,Broad US equity universe
ETB,Eaton Vance Tax-Managed Buy-Write Income Fund Eaton Vance Tax-Managed Buy-Write Income Fund Common Shares of Beneficial Interest,United States,Broad US equity universe
ETD,Ethan Allen Interiors Inc. Common Stock,United States,Broad US equity universe
ETG,Eaton Vance Tax-Advantaged Global Dividend Income Fund Common Shares of Beneficial Interest,United States,Broad US equity universe
ETJ,Eaton Vance Risk-Managed Diversified Equity Income Fund Common Shares of Beneficial Interest,United States,Broad US equity universe
ETN,"Eaton Corporation, PLC Ordinary Shares",United States,Broad US equity universe
ETO,Eaton Vance Tax-Advantage Global Dividend Opp Common Stock,United States,Broad US equity universe
ETON,"Eton Pharmaceuticals, Inc. - Common Stock",United States,Broad US equity universe
ETOR,eToro Group Ltd. - Class A Common Shares,United States,Broad US equity universe
ETR,Entergy Corporation Common Stock,United States,Broad US equity universe
ETS,Elite Express Holding Inc. - Class A Common Stock,United States,Broad US equity universe
ETSS,Energy Transition Special Opportunities Class A Ordinary Shares,United States,Broad US equity universe
ETSY,"Etsy, Inc. Common Stock",United States,Broad US equity universe
ETV,Eaton Vance Corporation Eaton Vance Tax-Managed Buy-Write Opportunities Fund Common Shares of Beneficial Interest,United States,Broad US equity universe
ETW,Eaton Vance Corporation Eaton Vance Tax-Managed Global Buy-Write Opportunites Fund Common Shares of Beneficial Interest,United States,Broad US equity universe
ETX,Eaton Vance Municipal Income 2028 Term Trust Common Shares of Beneficial Interest,United States,Broad US equity universe
ETY,"Eaton Vance Tax-Managed Diversified Equity Income Fund Common Shares of Beneficial Interest,",United States,Broad US equity universe
EU,enCore Energy Corp. - Common Stock,United States,Broad US equity universe
EUDA,Euda Health Holdings Limited - Ordinary Shares,United States,Broad US equity universe
EURK,Eureka Acquisition Corp - Class A Ordinary Share,United States,Broad US equity universe
EVAC,EQV Ventures Acquisition Corp. II Class A Ordinary Shares,United States,Broad US equity universe
EVAX,Evaxion A/S - American Depositary Share,United States,Broad US equity universe
EVC,Entravision Communications Corporation Common Stock,United States,Broad US equity universe
EVCM,EverCommerce Inc. - Common Stock,United States,Broad US equity universe
EVER,"EverQuote, Inc. - Class A Common Stock",United States,Broad US equity universe
EVEX,"Eve Holding, Inc. Common Stock",United States,Broad US equity universe
EVF,Eaton Vance Senior Income Trust Common Stock,United States,Broad US equity universe
EVG,Eaton Vance Short Diversified Income Fund Eaton Vance Short Duration Diversified Income Fund Common Shares of Beneficial Interest,United States,Broad US equity universe
EVGN,Evogene Ltd. - Ordinary Shares,United States,Broad US equity universe
EVGO,EVgo Inc. - Common Stock,United States,Broad US equity universe
EVH,"Evolent Health, Inc Class A Common Stock",United States,Broad US equity universe
EVI,"EVI Industries, Inc.  Common Stock",United States,Broad US equity universe
EVLV,"Evolv Technologies Holdings, Inc. - Class A Common Stock",United States,Broad US equity universe
EVMN,"Evommune, Inc. Common Stock",United States,Broad US equity universe
EVN,Eaton Vance Municipal Income Trust Common Stock,United States,Broad US equity universe
EVOX,Evolution Global Acquisition Corp - Class A Ordinary Shares,United States,Broad US equity universe
EVR,Evercore Inc. Class A Common Stock,United States,Broad US equity universe
EVRG,"Evergy, Inc. - Common Stock",United States,Broad US equity universe
EVT,Eaton Vance Tax Advantaged Dividend Income Fund Common Shares of Beneficial Interest,United States,Broad US equity universe
EVTC,"Evertec, Inc. Common Stock",United States,Broad US equity universe
EVTL,Vertical Aerospace Ltd. Ordinary Shares,United States,Broad US equity universe
EVV,Eaton Vance Limited Duration Income Fund Common Shares of Beneficial Interest,United States,Broad US equity universe
EW,Edwards Lifesciences Corporation Common Stock,United States,Broad US equity universe
EWAV,East West Ave Acquisition Corp. - Common Stock,United States,Broad US equity universe
EWBC,"East West Bancorp, Inc. - Common Stock",United States,Broad US equity universe
EWTX,"Edgewise Therapeutics, Inc. - Common Stock",United States,Broad US equity universe
EXC,Exelon Corporation - Common Stock,United States,Broad US equity universe
EXE,Expand Energy Corporation - Common Stock,United States,Broad US equity universe
EXEL,"Exelixis, Inc. - Common Stock",United States,Broad US equity universe
EXFY,"Expensify, Inc. - Class A Common Stock",United States,Broad US equity universe
EXG,Eaton Vance Tax-Managed Global Diversified Equity Income Fund Common Shares of Beneficial Interest,United States,Broad US equity universe
EXK,Endeavour Silver Corporation Ordinary Shares (Canada),United States,Broad US equity universe
EXLS,"ExlService Holdings, Inc. - Common Stock",United States,Broad US equity universe
EXOD,"Exodus Movement, Inc. Class A Common Stock",United States,Broad US equity universe
EXOZ,eXoZymes Inc. - Common Stock,United States,Broad US equity universe
EXP,Eagle Materials Inc Common Stock,United States,Broad US equity universe
EXPD,"Expeditors International of Washington, Inc. Common Stock",United States,Broad US equity universe
EXPE,"Expedia Group, Inc. - Common Stock",United States,Broad US equity universe
EXPO,"Exponent, Inc. - Common Stock",United States,Broad US equity universe
EXR,Extra Space Storage Inc Common Stock,United States,Broad US equity universe
EXTR,"Extreme Networks, Inc. - Common Stock",United States,Broad US equity universe
EXYN,"Exyn Technologies, Inc. - Common Stock",United States,Broad US equity universe
EYE,"National Vision Holdings, Inc. - Common Stock",United States,Broad US equity universe
EYPT,"EyePoint, Inc. - Common Stock",United States,Broad US equity universe
EZGO,EZGO Technologies Ltd. - Ordinary Shares,United States,Broad US equity universe
EZPW,"EZCORP, Inc. - Class A Non-Voting Common Stock",United States,Broad US equity universe
EZRA,"Reliance Global Group, Inc. - Common Stock",United States,Broad US equity universe
F,Ford Motor Company Common Stock,United States,Broad US equity universe
FA,First Advantage Corporation - Common Stock,United States,Broad US equity universe
FABC,"Fabric.AI, Inc. - Common Stock",United States,Broad US equity universe
FAC,Factorial Energy Inc. - Class A Common Stock,United States,Broad US equity universe
FACT,FACT II Acquisition Corp. - Class A Ordinary Shares,United States,Broad US equity universe
FAF,First American Corporation (New) Common Stock,United States,Broad US equity universe
FAMI,"Farmmi, Inc. - Class A Ordinary Shares",United States,Broad US equity universe
FANG,"Diamondback Energy, Inc. - Common Stock",United States,Broad US equity universe
FAST,Fastenal Company - Common Stock,United States,Broad US equity universe
FATE,"Fate Therapeutics, Inc. - Common Stock",United States,Broad US equity universe
FATN,"FatPipe, Inc. - common stock",United States,Broad US equity universe
FAX,"abrdn Asia-Pacific Income Fund, Inc. Common Stock",United States,Broad US equity universe
FBGL,FBS Global Limited - Ordinary Shares,United States,Broad US equity universe
FBIN,"Fortune Brands Innovations, Inc. Common Stock",United States,Broad US equity universe
FBIO,"Fortress Biotech, Inc. - Common Stock",United States,Broad US equity universe
FBIZ,"First Business Financial Services, Inc. - Common Stock",United States,Broad US equity universe
FBK,FB Financial Corporation Common Stock,United States,Broad US equity universe
FBLA,"FB Bancorp, Inc. - Common Stock",United States,Broad US equity universe
FBLG,"FibroBiologics, Inc. - Common Stock",United States,Broad US equity universe
FBNC,First Bancorp - Common Stock,United States,Broad US equity universe
FBP,First BanCorp. New Common Stock,United States,Broad US equity universe
FBRT,"Franklin BSP Realty Trust, Inc. Common Stock",United States,Broad US equity universe
FBRX,"Forte Biosciences, Inc.  - Common Stock",United States,Broad US equity universe
FBYD,"Falcon's Beyond Global, Inc. - Class A Common Stock",United States,Broad US equity universe
FC,Franklin Covey Company Common Stock,United States,Broad US equity universe
FCAP,"First Capital, Inc. - Common Stock",United States,Broad US equity universe
FCBC,"First Community Bankshares, Inc. - Common Stock",United States,Broad US equity universe
FCBM,"First Carolina Financial Services, Inc. Common Stock",United States,Broad US equity universe
FCCO,First Community Corporation - Common Stock,United States,Broad US equity universe
FCEL,"FuelCell Energy, Inc. - Common Stock",United States,Broad US equity universe
FCF,First Commonwealth Financial Corporation Common Stock,United States,Broad US equity universe
FCFS,"FirstCash Holdings, Inc. - Common Stock",United States,Broad US equity universe
FCHL,Fitness Champs Holdings Limited - Ordinary Shares,United States,Broad US equity universe
FCN,"FTI Consulting, Inc. Common Stock",United States,Broad US equity universe
FCNCA,"First Citizens BancShares, Inc. - Class A Common Stock",United States,Broad US equity universe
FCPT,"Four Corners Property Trust, Inc. Common Stock",United States,Broad US equity universe
FCRS,FutureCrest Acquisition Corp. Class A Ordinary Shares,United States,Broad US equity universe
FCUV,Focus Universal Inc. - Common Stock,United States,Broad US equity universe
FCX,Freeport-McMoRan,United States,Copper mining
FDBC,"Fidelity D & D Bancorp, Inc. - Common Stock",United States,Broad US equity universe
FDMM,Freedom Metals Acquisition Corp. - Class A Ordinary Shares,United States,Broad US equity universe
FDMT,"4D Molecular Therapeutics, Inc. - Common Stock",United States,Broad US equity universe
FDS,FactSet Research Systems Inc. Common Stock,United States,Broad US equity universe
FDSB,"Fifth District Bancorp, Inc. - Common Stock",United States,Broad US equity universe
FDUS,Fidus Investment Corporation - Closed End Fund,United States,Broad US equity universe
FDX,FedEx Corporation Common Stock,United States,Broad US equity universe
FDXF,"FedEx Freight Holding Company, Inc. Common Stock",United States,Broad US equity universe
FE,FirstEnergy Corp. Common Stock,United States,Broad US equity universe
FEAM,"5E Advanced Materials, Inc. - Common Stock",United States,Broad US equity universe
FEBO,Fenbo Holdings Limited - Class A Ordinary Shares,United States,Broad US equity universe
FEED,"ENvue Medical, Inc. - Common Stock",United States,Broad US equity universe
FEIM,"Frequency Electronics, Inc. - Common Stock",United States,Broad US equity universe
FELE,"Franklin Electric Co., Inc. - Common Stock",United States,Broad US equity universe
FEMY,Femasys Inc. - Common Stock,United States,Broad US equity universe
FENC,Fennec Pharmaceuticals Inc. - Common Stock,United States,Broad US equity universe
FER,Ferrovial N.V. - Ordinary Shares,United States,Broad US equity universe
FERA,Fifth Era Acquisition Corp I - Class A Ordinary Shares,United States,Broad US equity universe
FERG,Ferguson Enterprises Inc. Common Stock,United States,Broad US equity universe
FET,"Forum Energy Technologies, Inc. Common Stock",United States,Broad US equity universe
FF,FutureFuel Corp.  Common shares,United States,Broad US equity universe
FFA,First Trust Enhanced Equity Income Fund Common Shares of Beneficial Interest,United States,Broad US equity universe
FFAI,Faraday Future Intelligent Electric Inc. - Class A Common Stock,United States,Broad US equity universe
FFBC,First Financial Bancorp. - Common Stock,United States,Broad US equity universe
FFIN,"First Financial Bankshares, Inc. - Common Stock",United States,Broad US equity universe
FFIV,"F5, Inc. - Common Stock",United States,Broad US equity universe
FG,"F&G Annuities & Life, Inc. Common Stock",United States,Broad US equity universe
FGBI,"First Guaranty Bancshares, Inc. - Common Stock",United States,Broad US equity universe
FGI,FGI Industries Ltd. - Ordinary Shares,United States,Broad US equity universe
FGII,FG Imperii Acquisition Corp. - Class A Ordinary Shares,United States,Broad US equity universe
FGL,Founder Group Limited - Class A Ordinary Shares,United States,Broad US equity universe
FGNX,FG Nexus Inc. - Common Stock,United States,Broad US equity universe
FHB,"First Hawaiian, Inc. - Common Stock",United States,Broad US equity universe
FHI,"Federated Hermes, Inc. Common Stock",United States,Broad US equity universe
FHN,First Horizon Corporation Common Stock,United States,Broad US equity universe
FHTX,Foghorn Therapeutics Inc. - Common Stock,United States,Broad US equity universe
FIBK,"First Interstate BancSystem, Inc. - Common Stock",United States,Broad US equity universe
FICO,Fair Isaac Corporation Common Stock,United States,Broad US equity universe
FIEE,"FiEE, Inc - Common Stock",United States,Broad US equity universe
FIG,"Figma, Inc. Class A Common Stock",United States,Broad US equity universe
FIGR,"Figure Technology Solutions, Inc. - Class A Common Stock",United States,Broad US equity universe
FIGS,"FIGS, Inc. Class A Common Stock",United States,Broad US equity universe
FIGX,FIGX Capital Acquisition Corp. - Class A ordinary share,United States,Broad US equity universe
FINS,Angel Oak Financial Strategies Income Term Trust Common Shares of Beneficial Interest,United States,Broad US equity universe
FINW,FinWise Bancorp - Common Stock,United States,Broad US equity universe
FIP,FTAI Infrastructure Inc. - Common Stock,United States,Broad US equity universe
FIRY,Firy Inc. Class A Common Stock,United States,Broad US equity universe
FIS,"Fidelity National Information Services, Inc. Common Stock",United States,Broad US equity universe
FISI,"Financial Institutions, Inc. - Common Stock",United States,Broad US equity universe
FISN,"Deep Fission, Inc. - Common Stock",United States,Broad US equity universe
FISV,"Fiserv, Inc. - Common Stock",United States,Broad US equity universe
FITB,Fifth Third Bancorp Common Stock,United States,Broad US equity universe
FIVE,"Five Below, Inc. - Common Stock",United States,Broad US equity universe
FIVN,"Five9, Inc. - Common Stock",United States,Broad US equity universe
FIX,"Comfort Systems USA, Inc. Common Stock",United States,Broad US equity universe
FIZZ,National Beverage Corp. - Common Stock,United States,Broad US equity universe
FJET,"Starfighters Space, Inc. Common Stock",United States,Broad US equity universe
FKWL,Franklin Wireless Corp. - common stock,United States,Broad US equity universe
FLC,Flaherty & Crumrine Total Return Fund Inc Common Stock,United States,Broad US equity universe
FLD,"Fold Holdings, Inc. - Class A Common Stock",United States,Broad US equity universe
FLEX,Flex Ltd. - Ordinary Shares,United States,Broad US equity universe
FLG,"Flagstar Bank, N.A. Common Stock",United States,Broad US equity universe
FLGT,"Fulgent Genetics, Inc. - Common Stock",United States,Broad US equity universe
FLL,"Full House Resorts, Inc. - Common Stock",United States,Broad US equity universe
FLNA,"Filana Therapeutics, Inc. - Common Stock",United States,Broad US equity universe
FLNC,"Fluence Energy, Inc. - Class A Common Stock",United States,Broad US equity universe
FLNG,FLEX LNG Ltd. Ordinary Shares,United States,Broad US equity universe
FLNT,"Fluent, Inc. - Common Stock",United States,Broad US equity universe
FLO,"Flowers Foods, Inc. Common Stock",United States,Broad US equity universe
FLOC,Flowco Holdings Inc. Class A Common Stock,United States,Broad US equity universe
FLR,Fluor Corporation Common Stock,United States,Broad US equity universe
FLS,Flowserve Corporation Common Stock,United States,Broad US equity universe
FLUT,Flutter Entertainment plc Ordinary Shares,United States,Broad US equity universe
FLUX,"Flux Power Holdings, Inc. - Common Stock",United States,Broad US equity universe
FLWS,"1-800-FLOWERS.COM, Inc. - Class A Common Stock",United States,Broad US equity universe
FLXS,"Flexsteel Industries, Inc. - Common Stock",United States,Broad US equity universe
FLY,Firefly Aerospace Inc. - Common Stock,United States,Broad US equity universe
FLYE,"Fly-E Group, Inc. - Common Stock",United States,Broad US equity universe
FLYW,Flywire Corporation - Voting Common Stock,United States,Broad US equity universe
FLYX,"flyExclusive, Inc. Class A Common Stock",United States,Broad US equity universe
FLZH,"Flash Sports & Media Holdings, Inc. - Common Stock",United States,Broad US equity universe
FMAC,Future Money Acquisition Corporation - Ordinary Shares,United States,Broad US equity universe
FMAO,"Farmers & Merchants Bancorp, Inc. - Common Stock",United States,Broad US equity universe
FMBH,"First Mid Bancshares, Inc. - Common Stock",United States,Broad US equity universe
FMC,FMC Corp.,United States,Crop protection
FMFC,Kandal M Venture Limited - Class A ordinary Shares,United States,Broad US equity universe
FMN,Federated Hermes Premier Municipal Income Fund,United States,Broad US equity universe
FMNB,Farmers National Banc Corp. - Common Stock,United States,Broad US equity universe
FMST,Foremost Clean Energy Ltd. - Common Shares,United States,Broad US equity universe
FMX,Fomento Economico Mexicano S.A.B. de C.V. Common Stock,United States,Broad US equity universe
FMY,First Trust Mortgage Income Fund Common Shares of Beneficial Interest,United States,Broad US equity universe
FN,Fabrinet Ordinary Shares,United States,Broad US equity universe
FNB,F.N.B. Corporation Common Stock,United States,Broad US equity universe
FND,"Floor & Decor Holdings, Inc. Common Stock",United States,Broad US equity universe
FNF,"Fidelity National Financial, Inc. Common Stock",United States,Broad US equity universe
FNGD,"MicroSectors FANG  Index -3X Inverse Leveraged ETNs due January 8, 2038",United States,Broad US equity universe
FNGO,"MicroSectors FANG  Index 2X Leveraged ETNs due January 8, 2038",United States,Broad US equity universe
FNGR,"FingerMotion, Inc. - common stock",United States,Broad US equity universe
FNKO,"Funko, Inc. - Class A Common Stock",United States,Broad US equity universe
FNLC,"First Bancorp, Inc (ME) - Common Stock",United States,Broad US equity universe
FNRN,First Northern Community Bancorp - Common stock,United States,Broad US equity universe
FNUC,Frontier Nuclear and Minerals Inc. - Common Shares,United States,Broad US equity universe
FNV,Franco-Nevada Corporation,United States,Broad US equity universe
FNWB,First Northwest Bancorp - Common Stock,United States,Broad US equity universe
FNWD,Finward Bancorp - common stock,United States,Broad US equity universe
FOA,Finance of America Companies Inc. Class A Common Stock,United States,Broad US equity universe
FOF,"Cohen & Steers Closed-End Opportunity Fund, Inc. Common Stock",United States,Broad US equity universe
FOFO,"Hang Feng Technology Innovation Co., Ltd. - Ordinary Shares",United States,Broad US equity universe
FOR,Forestar Group Inc Common Stock ,United States,Broad US equity universe
FORM,"FormFactor, Inc. - Common Stock",United States,Broad US equity universe
FORR,"Forrester Research, Inc. - Common Stock",United States,Broad US equity universe
FOSL,"Fossil Group, Inc. - Common Stock",United States,Broad US equity universe
FOUR,"Shift4 Payments, Inc. Class A Common Stock",United States,Broad US equity universe
FOX,Fox Corporation - Class B Common Stock,United States,Broad US equity universe
FOXA,Fox Corporation - Class A Common Stock,United States,Broad US equity universe
FOXF,Fox Factory Holding Corp. - Common Stock,United States,Broad US equity universe
FOXX,Foxx Development Holdings Inc. - Common Stock,United States,Broad US equity universe
FPH,"Five Point Holdings, LLC Class A Common Shares",United States,Broad US equity universe
FPI,Farmland Partners Inc. Common Stock,United States,Broad US equity universe
FPS,"Forgent Power Solutions, Inc. Class A Common Stock",United States,Broad US equity universe
FR,"First Industrial Realty Trust, Inc. Common Stock",United States,Broad US equity universe
FRA,Blackrock Floating Rate Income Strategies Fund Inc  Common Stock,United States,Broad US equity universe
FRAF,Franklin Financial Services Corporation - Common Stock,United States,Broad US equity universe
FRBA,First Bank  - Common Stock,United States,Broad US equity universe
FRBT,"Forbright, Inc. - Class A Common Stock",United States,Broad US equity universe
FRD,Friedman Industries Inc. - Common Stock,United States,Broad US equity universe
FRGT,"Freight Technologies, Inc. - Ordinary Shares",United States,Broad US equity universe
FRHC,Freedom Holding Corp. - Common Stock,United States,Broad US equity universe
FRME,First Merchants Corporation - Common Stock,United States,Broad US equity universe
FRMI,Fermi Inc. - Common Stock,United States,Broad US equity universe
FRMM,"Forum Markets, Incorporated - Common Stock",United States,Broad US equity universe
FRNM,"Freenome, Inc. - Common stock",United States,Broad US equity universe
FRO,Frontline Plc Ordinary Shares,United States,Broad US equity universe
FROG,JFrog Ltd. - Ordinary shares,United States,Broad US equity universe
FRPH,"FRP Holdings, Inc. - Common Stock",United States,Broad US equity universe
FRPT,"Freshpet, Inc. - Common Stock",United States,Broad US equity universe
FRSH,Freshworks Inc. - Class A Common Stock,United States,Broad US equity universe
FRST,Primis Financial Corp. - Common Stock,United States,Broad US equity universe
FRT,Federal Realty Investment Trust Common Stock,United States,Broad US equity universe
FRTT,Fort Technology Inc. - Common Shares,United States,Broad US equity universe
FRVO,Fervo Energy Company - Class A common stock,United States,Broad US equity universe
FSBC,Five Star Bancorp - Common Stock,United States,Broad US equity universe
FSBW,"FS Bancorp, Inc. - Common Stock",United States,Broad US equity universe
FSCO,FS Credit Opportunities Corp. Common Stock,United States,Broad US equity universe
FSEA,"First Seacoast Bancorp, Inc. - Common Stock",United States,Broad US equity universe
FSHP,Flag Ship Acquisition Corp. - Ordinary Shares,United States,Broad US equity universe
FSI,Flexible Solutions International Inc. Common Stock (CDA),United States,Broad US equity universe
FSK,FS KKR Capital Corp. Common Stock,United States,Broad US equity universe
FSLR,"First Solar, Inc. - Common Stock",United States,Broad US equity universe
FSLY,"Fastly, Inc. - Class A Common Stock",United States,Broad US equity universe
FSM,Fortuna Mining Corp. Common Shares,United States,Broad US equity universe
FSP,Franklin Street Properties Corp. Common Stock,United States,Broad US equity universe
FSS,Federal Signal Corporation Common Stock,United States,Broad US equity universe
FSSL,FS Specialty Lending Fund Common Shares of Beneficial Interest,United States,Broad US equity universe
FSTR,L.B. Foster Company - Common Stock,United States,Broad US equity universe
FSUN,FirstSun Capital Bancorp - Common Stock,United States,Broad US equity universe
FSV,FirstService Corporation - Common Shares,United States,Broad US equity universe
FT,Franklin Universal Trust Common Stock,United States,Broad US equity universe
FTAI,FTAI Aviation Ltd. - Common Stock,United States,Broad US equity universe
FTCI,"FTC Solar, Inc. - Common Stock",United States,Broad US equity universe
FTDR,"Frontdoor, Inc. - Common Stock",United States,Broad US equity universe
FTEK,"Fuel Tech, Inc. - Common Stock",United States,Broad US equity universe
FTF,Franklin Limited Duration Income Trust Common Shares of Beneficial Interest,United States,Broad US equity universe
FTFT,Future FinTech Group Inc. - Common Stock,United States,Broad US equity universe
FTH,"Faeth Therapeutics, Inc.  - Common Stock",United States,Broad US equity universe
FTHA,Forefront Tech Holdings Acquisition Corp - Class A Ordinary Shares,United States,Broad US equity universe
FTHM,Fathom Holdings Inc. - Common Stock,United States,Broad US equity universe
FTHY,First Trust High Yield Opportunities 2027 Term Fund Common Stock,United States,Broad US equity universe
FTI,TechnipFMC plc Ordinary Share,United States,Broad US equity universe
FTK,"Flotek Industries, Inc. Common Stock",United States,Broad US equity universe
FTLF,"FitLife Brands, Inc. - Common Stock",United States,Broad US equity universe
FTNT,"Fortinet, Inc. - Common Stock",United States,Broad US equity universe
FTRA,FutureCorp Space Acquisition 1 Class A Ordinary Shares,United States,Broad US equity universe
FTRE,Fortrea Holdings Inc. - Common Stock,United States,Broad US equity universe
FTRK,FAST TRACK GROUP - Ordinary shares,United States,Broad US equity universe
FTS,Fortis Inc. Common Shares,United States,Broad US equity universe
FTV,Fortive Corporation Common Stock ,United States,Broad US equity universe
FTW,Presidio Production Company Class A Common Stock,United States,Broad US equity universe
FUBO,FuboTV Inc. Class A Common Stock,United States,Broad US equity universe
FUFU,BitFuFu Inc. - Class A Ordinary Shares,United States,Broad US equity universe
FUL,H. B. Fuller Company Common Stock,United States,Broad US equity universe
FULC,"Fulcrum Therapeutics, Inc. - Common Stock",United States,Broad US equity universe
FULT,Fulton Financial Corporation - Common Stock,United States,Broad US equity universe
FUN,Six Flags Entertainment Corporation Common Stock New,United States,Broad US equity universe
FUNC,First United Corporation - Common Stock,United States,Broad US equity universe
FUND,"Sprott Focus Trust, Inc. - Closed End Fund",United States,Broad US equity universe
FURY,Fury Gold Mines Limited Common Shares,United States,Broad US equity universe
FUSB,"First US Bancshares, Inc. - Common Stock",United States,Broad US equity universe
FUSE,Fusemachines Inc. - Common stock,United States,Broad US equity universe
FVAV,Fortress Value Acquisition Corp. V - Class A Ordinary Shares,United States,Broad US equity universe
FVCB,"FVCBankcorp, Inc. - Common Stock",United States,Broad US equity universe
FVN,Future Vision II Acquisition Corporation - Ordinary Shares,United States,Broad US equity universe
FVR,"FrontView REIT, Inc. Common Stock",United States,Broad US equity universe
FVRR,"Fiverr International Ltd. Ordinary Shares, no par value",United States,Broad US equity universe
FWAC,Futurewave Acquisition Corporation - Ordinary Shares,United States,Broad US equity universe
FWDI,"Forward Industries, Inc. - Common Stock",United States,Broad US equity universe
FWONA,Liberty Media Corporation - Series A Liberty Formula One Common Stock,United States,Broad US equity universe
FWONK,Liberty Media Corporation - Series C Liberty Formula One Common Stock,United States,Broad US equity universe
FWRD,Forward Air Corporation - Common Stock,United States,Broad US equity universe
FWRG,"First Watch Restaurant Group, Inc. - Common Stock",United States,Broad US equity universe
FXAC,FortuneX Acquisition Corporation - Ordinary shares,United States,Broad US equity universe
FXHO,UTime Limited - Class A Ordinary Shares,United States,Broad US equity universe
FXNC,First National Corporation - Common Stock,United States,Broad US equity universe
G,Genpact Limited Common Stock,United States,Broad US equity universe
GAB,"Gabelli Equity Trust, Inc. (The) Common Stock",United States,Broad US equity universe
GABC,"German American Bancorp, Inc. - Common Stock",United States,Broad US equity universe
GAIA,"Gaia, Inc. - Class A Common Stock",United States,Broad US equity universe
GAIN,Gladstone Investment Corporation - Business Development Company,United States,Broad US equity universe
GALT,Galectin Therapeutics Inc. - Common Stock,United States,Broad US equity universe
GAM,"General American Investors, Inc. Common Stock",United States,Broad US equity universe
GAME,"GameSquare Holdings, Inc. - Common stock",United States,Broad US equity universe
GANX,"Gain Therapeutics, Inc. - Common Stock",United States,Broad US equity universe
GAP,"Gap, Inc. (The) Common Stock",United States,Broad US equity universe
GASS,"StealthGas, Inc. - common stock",United States,Broad US equity universe
GATX,GATX Corporation Common Stock,United States,Broad US equity universe
GAU,Galiano Gold Inc.,United States,Broad US equity universe
GAUZ,Gauzy Ltd. - Ordinary Shares,United States,Broad US equity universe
GBCI,"Glacier Bancorp, Inc. Common Stock",United States,Broad US equity universe
GBDC,"Golub Capital BDC, Inc. - Closed End Fund",United States,Broad US equity universe
GBFH,GBank Financial Holdings Inc. - Common Stock,United States,Broad US equity universe
GBLI,"Global Indemnity Group, LLC - Class A Common Shares",United States,Broad US equity universe
GBR,"New Concept Energy, Inc Common Stock",United States,Broad US equity universe
GBTG,"Global Business Travel Group, Inc. Class A Common Stock",United States,Broad US equity universe
GBX,"Greenbrier Companies, Inc. (The) Common Stock",United States,Broad US equity universe
GCBC,"Greene County Bancorp, Inc. - Common Stock",United States,Broad US equity universe
GCDT,Green Circle Decarbonize Technology Limited Class A Ordinary Shares,United States,Broad US equity universe
GCGR,General Catalyst Global Resilience Merger Corp. - Class A Ordinary Shares,United States,Broad US equity universe
GCL,GCL Global Holdings Ltd - Ordinary Shares,United States,Broad US equity universe
GCMG,GCM Grosvenor Inc. - Class A Common Stock,United States,Broad US equity universe
GCO,Genesco Inc. Common Stock,United States,Broad US equity universe
GCT,GigaCloud Technology Inc - Class A Ordinary Shares,United States,Broad US equity universe
GCTK,"GlucoTrack, Inc. - Common Stock",United States,Broad US equity universe
GCTS,"GCT Semiconductor Holding, Inc. Common Stock",United States,Broad US equity universe
GCV,"Gabelli Convertible and Income Securities Fund, Inc. (The) Common Stock",United States,Broad US equity universe
GD,General Dynamics Corporation Common Stock,United States,Broad US equity universe
GDC,GD Culture Group Limited - Common Stock,United States,Broad US equity universe
GDDY,GoDaddy Inc. Class A Common Stock,United States,Broad US equity universe
GDEV,GDEV Inc. - Ordinary Shares,United States,Broad US equity universe
GDHG,Golden Heaven Group Holdings Ltd.  - Class A Ordinary Shares,United States,Broad US equity universe
GDL,"GDL Fund, The Common Shares of Beneficial Interest",United States,Broad US equity universe
GDO,Western Asset Global Corporate Opportunity Fund Inc. Common Stock,United States,Broad US equity universe
GDOT,"Green Dot Corporation Class A Common Stock, $0.001 par value",United States,Broad US equity universe
GDRX,"GoodRx Holdings, Inc. - Class A Common Stock",United States,Broad US equity universe
GDTC,CytoMed Therapeutics Limited - Ordinary Shares,United States,Broad US equity universe
GDV,Gabelli Dividend & Income Trust Common Shares of Beneficial Interest,United States,Broad US equity universe
GDYN,"Grid Dynamics Holdings, Inc. - Class A Common Stock",United States,Broad US equity universe
GE,GE Aerospace Common Stock,United States,Broad US equity universe
GECC,Great Elm Capital Corp. - Closed End Fund,United States,Broad US equity universe
GEF,Greif Inc. Class A Common Stock,United States,Broad US equity universe
GEF-B,"Greif, Inc. Corporation Class B Common Stock",United States,Broad US equity universe
GEG,"Great Elm Group, Inc.  - Common Stock",United States,Broad US equity universe
GEHC,GE HealthCare Technologies Inc. - Common Stock,United States,Broad US equity universe
GELS,Gelteq Limited - Ordinary Shares,United States,Broad US equity universe
GEMI,"Gemini Space Station, Inc. - Class A Common Stock",United States,Broad US equity universe
GEN,Gen Digital Inc. - Common Stock,United States,Broad US equity universe
GENB,"Generate Biomedicines, Inc. - Common Stock",United States,Broad US equity universe
GENC,"Gencor Industries, Inc. Common Stock",United States,Broad US equity universe
GENI,Genius Sports Limited Ordinary Shares,United States,Broad US equity universe
GENK,"GEN Restaurant Group, Inc. - Class A Common Stock",United States,Broad US equity universe
GEO,Geo Group Inc (The) REIT,United States,Broad US equity universe
GEOS,Geospace Technologies Corporation - Common Stock,United States,Broad US equity universe
GERN,Geron Corporation - Common Stock,United States,Broad US equity universe
GETY,"Getty Images Holdings, Inc. Class A Common Stock",United States,Broad US equity universe
GEV,GE Vernova Inc. Common Stock,United States,Broad US equity universe
GEVO,"Gevo, Inc. - Common Stock",United States,Broad US equity universe
GF,"New Germany Fund, Inc. (The) Common Stock",United States,Broad US equity universe
GFAI,"Guardforce AI Co., Limited - Ordinary Shares",United States,Broad US equity universe
GFF,Griffon Corporation Common Stock,United States,Broad US equity universe
GFL,"GFL Environmental Inc. Subordinate voting shares, no par value",United States,Broad US equity universe
GFR,Greenfire Resources Ltd. Common Shares,United States,Broad US equity universe
GFS,GlobalFoundries Inc. - Ordinary Share,United States,Broad US equity universe
GFUZ,General Fusion Group Ltd. - Common Shares,United States,Broad US equity universe
GGB,Gerdau S.A. Common Stock,United States,Broad US equity universe
GGG,Graco Inc. Common Stock,United States,Broad US equity universe
GGN,"GAMCO Global Gold, Natural Resources & Income Trust",United States,Broad US equity universe
GGR,Gogoro Inc. - Ordinary Shares,United States,Broad US equity universe
GGRP,"The Glimpse Group, Inc. - Common Stock",United States,Broad US equity universe
GGT,"Gabelli Multi-Media Trust, Inc. (The) Common Stock",United States,Broad US equity universe
GGZ,Gabelli Global Small and Mid Cap Value Trust (The) Common Shares of Beneficial Interest,United States,Broad US equity universe
GH,"Guardant Health, Inc. - Common Stock",United States,Broad US equity universe
GHC,Graham Holdings Company Common Stock,United States,Broad US equity universe
GHM,Graham Corporation Common Stock,United States,Broad US equity universe
GHRS,GH Research PLC - Ordinary Shares,United States,Broad US equity universe
GHXI,"Gores Holdings XI, Inc. - Class A Ordinary Shares",United States,Broad US equity universe
GHY,"PGIM Global High Yield Fund, Inc.",United States,Broad US equity universe
GIB,CGI Inc. Common Stock,United States,Broad US equity universe
GIBO,GIBO Holdings Limited - Class A Ordinary Shares,United States,Broad US equity universe
GIC,Global Industrial Company Common Stock,United States,Broad US equity universe
GIFT,"Giftify, Inc. - Common Stock",United States,Broad US equity universe
GIGM,GigaMedia Limited - Ordinary Shares,United States,Broad US equity universe
GIII,"G-III Apparel Group, LTD. - Common Stock",United States,Broad US equity universe
GIL,"Gildan Activewear, Inc. Class A Sub. Vot. Common Stock",United States,Broad US equity universe
GILD,"Gilead Sciences, Inc. - Common Stock",United States,Broad US equity universe
GILT,Gilat Satellite Networks Ltd. - Ordinary Shares,United States,Broad US equity universe
GIPR,Generation Income Properties Inc. - Common stock,United States,Broad US equity universe
GIS,General Mills,United States,Packaged food
GITS,"Global Interactive Technologies, Inc. Common Stock - Common Stock",United States,Broad US equity universe
GIW,GigCapital8 Corp. - Class A Ordinary Shares,United States,Broad US equity universe
GIX,GigCapital9 Corp. - Class A Ordinary Share,United States,Broad US equity universe
GJH,Synthetic Fixed-Income Securities Inc 6.375% (STRATS) Cl A-1,United States,Broad US equity universe
GJO,"Synthetic Fixed-Income Securities, Inc. on behalf of STRATS(SM) Trust for Wal-Mart Stores, Inc. Securities, Series 2004-5",United States,Broad US equity universe
GJP,"Synthetic Fixed-Income Securities, Inc. on behalf of STRATS (SM) Trust for Dominion Resources, Inc. Securities, Series 2005-6, Floating Rate Structured Repackaged Asset-Backed Trust Securities (STRATS) Certificates",United States,Broad US equity universe
GJR,"Synthetic Fixed-Income Securities, Inc. STRATS Trust for Procter&Gamble Securities, Series 2006-1",United States,Broad US equity universe
GJS,"Goldman Sachs Group Securities STRATS Trust for Goldman Sachs Group Securities, Series 2006-2",United States,Broad US equity universe
GJT,"Synthetic Fixed-Income Securities, Inc. Floating Rate Structured Repackaged Asset-Backed Trust Securities Certificates, Series 2006-3",United States,Broad US equity universe
GKOS,Glaukos Corporation Common Stock,United States,Broad US equity universe
GL,Globe Life Inc. Common Stock,United States,Broad US equity universe
GLAD,Gladstone Capital Corporation - Closed End Fund,United States,Broad US equity universe
GLAS,Glass House Brands Inc. Subordinate Voting Shares,United States,Broad US equity universe
GLBE,Global-E Online Ltd. - ordinary shares,United States,Broad US equity universe
GLBS,Globus Maritime Limited - Common Stock,United States,Broad US equity universe
GLDG,GoldMining Inc. Common Shares,United States,Broad US equity universe
GLE,Global Engine Group Holding Limited - Class A Ordinary Shares,United States,Broad US equity universe
GLED,GalaxyEdge Acquisition Corporation Ordinary Shares,United States,Broad US equity universe
GLIBA,Liberty Capital Corporation - Series A GCI Group Common Stock,United States,Broad US equity universe
GLIBK,Liberty Capital Corporation - Series C GCI Group Common Stock,United States,Broad US equity universe
GLMD,Galmed Pharmaceuticals Ltd. - Ordinary Shares,United States,Broad US equity universe
GLND,Greenland Energy Company - Common Stock,United States,Broad US equity universe
GLNG,Golar LNG Limited - Common Shares,United States,Broad US equity universe
GLO,Clough Global Opportunities Fund Common Stock,United States,Broad US equity universe
GLOB,Globant S.A. Common Shares,United States,Broad US equity universe
GLOO,"Gloo Holdings, Inc. - Common Stock",United States,Broad US equity universe
GLPI,"Gaming and Leisure Properties, Inc. - Common Stock",United States,Broad US equity universe
GLQ,Clough Global Equity Fund Clough Global Equity Fund Common Shares of Beneficial Interest,United States,Broad US equity universe
GLRE,"Greenlight Reinsurance, Ltd. - Class A Ordinary Shares",United States,Broad US equity universe
GLSI,"Greenwich LifeSciences, Inc. - Common stock",United States,Broad US equity universe
GLU,Gabelli Global Utility Common Shares of Beneficial Ownership,United States,Broad US equity universe
GLUE,"Monte Rosa Therapeutics, Inc. - Common Stock",United States,Broad US equity universe
GLV,Clough Global Dividend and Income Fund Common Shares of beneficial interest,United States,Broad US equity universe
GLW,Corning Incorporated Common Stock,United States,Broad US equity universe
GLXG,Galaxy Payroll Group Limited - Class A Ordinary Shares,United States,Broad US equity universe
GLXY,Galaxy Digital Inc. - Class A common stock,United States,Broad US equity universe
GM,General Motors Company Common Stock,United States,Broad US equity universe
GME,GameStop Corporation Common Stock,United States,Broad US equity universe
GMED,"Globus Medical, Inc. Class A Common Stock",United States,Broad US equity universe
GMEX,GMEX ROBOTICS CORPORATION - Class A Ordinary Shares,United States,Broad US equity universe
GMHS,Gamehaus Holdings Inc. - Class A Ordinary Shares,United States,Broad US equity universe
GMM,Global Mofy AI Limited  - Class A Ordinary Shares,United States,Broad US equity universe
GMRS,GMR Solutions Inc. Class A Common Stock,United States,Broad US equity universe
GMTL,Guardian Metal Resources PLC ADS,United States,Broad US equity universe
GNC.AX,GrainCorp,Australia,Grain handling & processing
GNE,Genie Energy Ltd. Class B Common Stock Stock,United States,Broad US equity universe
GNK,Genco Shipping & Trading Limited Ordinary Shares New (Marshall Islands),United States,Broad US equity universe
GNL,"Global Net Lease, Inc. Common Stock",United States,Broad US equity universe
GNLN,"Greenlane Holdings, Inc. - Class A Common Stock",United States,Broad US equity universe
GNLX,Genelux Corporation - Common Stock,United States,Broad US equity universe
GNPX,"Genprex, Inc. - Common Stock",United States,Broad US equity universe
GNRC,Generac Holdlings Inc. Common Stock,United States,Broad US equity universe
GNS,Genius Group Limited Ordinary Shares,United States,Broad US equity universe
GNSS,Genasys Inc. - Common Stock,United States,Broad US equity universe
GNT,"GAMCO Natural Resources, Gold & Income Trust",United States,Broad US equity universe
GNTX,Gentex Corporation - Common Stock,United States,Broad US equity universe
GNW,Genworth Financial Inc Common Stock,United States,Broad US equity universe
GO,Grocery Outlet Holding Corp. - Common Stock,United States,Broad US equity universe
GOAI,Eva Live Inc. - Common Stock,United States,Broad US equity universe
GOF,Guggenheim Strategic Opportunities Fund Common Shares of Beneficial Interest,United States,Broad US equity universe
GOGO,Gogo Inc. - Common Stock,United States,Broad US equity universe
GOLD,"Gold.com, Inc. Common Stock",United States,Broad US equity universe
GOLF,Acushnet Holdings Corp. Common Stock,United States,Broad US equity universe
GOOD,Gladstone Commercial Corporation - Real Estate Investment Trust,United States,Broad US equity universe
GOOG,Alphabet Inc. - Class C Capital Stock,United States,Broad US equity universe
GOOGL,Alphabet Inc. - Class A Common Stock,United States,Broad US equity universe
GOOS,Canada Goose Holdings Inc. Subordinate Voting Shares,United States,Broad US equity universe
GORO,Goldgroup Mining Inc. Common Shares,United States,Broad US equity universe
GOSS,"Gossamer Bio, Inc. - Common Stock",United States,Broad US equity universe
GOVX,"GeoVax Labs, Inc. - Common Stock",United States,Broad US equity universe
GP,GreenPower Motor Company Inc. - Common Shares,United States,Broad US equity universe
GPAC,General Purpose Acquisition Corp. - Class A Ordinary Shares,United States,Broad US equity universe
GPAT,GP-Act III Acquisition Corp. - Class A Ordinary Share,United States,Broad US equity universe
GPC,Genuine Parts Company Common Stock,United States,Broad US equity universe
GPGI,"GPGI, Inc. Class A Common Stock",United States,Broad US equity universe
GPI,"Group 1 Automotive, Inc. Common Stock",United States,Broad US equity universe
GPK,Graphic Packaging Holding Company,United States,Broad US equity universe
GPMT,Granite Point Mortgage Trust Inc. Common Stock,United States,Broad US equity universe
GPN,Global Payments Inc. Common Stock,United States,Broad US equity universe
GPOR,Gulfport Energy Corporation Common Shares,United States,Broad US equity universe
GPRE,"Green Plains, Inc. - Common Stock",United States,Broad US equity universe
GPRK,Geopark Ltd Common Shares,United States,Broad US equity universe
GPRO,"GoPro, Inc. - Class A Common Stock",United States,Broad US equity universe
GPUS,"Hyperscale Data, Inc. Common Stock",United States,Broad US equity universe
GRAB,Grab Holdings Limited - Class A Ordinary Shares,United States,Broad US equity universe
GRAL,"GRAIL, Inc. - Common Stock",United States,Broad US equity universe
GRAN,Grande Group Limited - Class A Ordinary Shares,United States,Broad US equity universe
GRBK,"Green Brick Partners, Inc. Common Stock",United States,Broad US equity universe
GRC,Gorman-Rupp Company (The) Common Stock,United States,Broad US equity universe
GRCE,"Grace Therapeutics, Inc. - Common Stock",United States,Broad US equity universe
GRDN,"Guardian Pharmacy Services, Inc. Class A Common Stock",United States,Broad US equity universe
GRDX,GridAI Technologies Corp.  - Common Stock,United States,Broad US equity universe
GRF,"Eagle Capital Growth Fund, Inc. Common Stock",United States,Broad US equity universe
GRI,"GRI Bio, Inc. - Common Stock",United States,Broad US equity universe
GRML,Greenland Mines Ltd - Common Stock,United States,Broad US equity universe
GRMN,Garmin Ltd. Common Stock (Switzerland),United States,Broad US equity universe
GRN,iPath Series B Carbon Exchange-Traded Notes,United States,Broad US equity universe
GRND,Grindr Inc. Common Stock,United States,Broad US equity universe
GRNQ,Greenpro Capital Corp. - Common Stock,United States,Broad US equity universe
GRNT,"Granite Ridge Resources, Inc. Common Stock",United States,Broad US equity universe
GRO,Brazil Potash Corp. Common Shares,United States,Broad US equity universe
GROV,"Grove Collaborative Holdings, Inc. Class A Common Stock",United States,Broad US equity universe
GROW,"U.S. Global Investors, Inc. - Class A Common Stock",United States,Broad US equity universe
GROY,Gold Royalty Corp. Common Shares,United States,Broad US equity universe
GRPN,"Groupon, Inc. - Common Stock",United States,Broad US equity universe
GRRR,Gorilla Technology Group Inc. - Ordinary shares,United States,Broad US equity universe
GRSD,Grandstand Limited - Ordinary Shares,United States,Broad US equity universe
GRUMAB.MX,Gruma,Mexico,Corn processing
GRWG,GrowGeneration Corp. - Common Stock,United States,Broad US equity universe
GRX,The Gabelli Healthcare & Wellness Trust Common Shares of Beneficial Interest,United States,Broad US equity universe
GS,"Goldman Sachs Group, Inc. (The) Common Stock",United States,Broad US equity universe
GSAT,"Globalstar, Inc. - Common Stock",United States,Broad US equity universe
GSBC,"Great Southern Bancorp, Inc. - Common Stock",United States,Broad US equity universe
GSBD,"Goldman Sachs BDC, Inc. Common Stock",United States,Broad US equity universe
GSHD,"Goosehead Insurance, Inc. - Class A Common Stock",United States,Broad US equity universe
GSHR,Gesher Acquisition Corp. II - Class A Ordinary Shares,United States,Broad US equity universe
GSIT,"GSI Technology, Inc. - Common Stock",United States,Broad US equity universe
GSIW,Garden Stage Limited - Class A Ordinary Shares,United States,Broad US equity universe
GSL,Global Ship Lease Inc New Class A Common Shares,United States,Broad US equity universe
GSM,Ferroglobe PLC - Ordinary Shares,United States,Broad US equity universe
GSRF,GSR IV Acquisition Corp. - Class A ordinary share,United States,Broad US equity universe
GSRV,GSR V Acquisition Corp. - Class A ordinary shares,United States,Broad US equity universe
GSUN,Golden Sun Technology Group Limited - Class A Ordinary Shares,United States,Broad US equity universe
GT,The Goodyear Tire & Rubber Company - Common Stock,United States,Broad US equity universe
GTBP,"GT Biopharma, Inc. - Common Stock",United States,Broad US equity universe
GTE,Gran Tierra Energy Inc. Common Stock,United States,Broad US equity universe
GTEC,Greenland Technologies Holding Corporation - Class A Ordinary Shares,United States,Broad US equity universe
GTEN,"Gores Holdings X, Inc. - Class A ordinary shares",United States,Broad US equity universe
GTERA,Globa Terra Acquisition Corporation - Class A Ordinary Shares,United States,Broad US equity universe
GTES,Gates Industrial Corporation Ltd. Common Shares,United States,Broad US equity universe
GTIM,Good Times Restaurants Inc. - Common Stock,United States,Broad US equity universe
GTLB,GitLab Inc. - Class A Common Stock,United States,Broad US equity universe
GTM,ZoomInfo Technologies Inc. - Common Stock,United States,Broad US equity universe
GTN,"Gray Media, Inc. Common Stock",United States,Broad US equity universe
GTN-A,"Gray Media, Inc. Class A Common Stock",United States,Broad US equity universe
GTX,Garrett Motion Inc. - Common Stock,United States,Broad US equity universe
GTY,Getty Realty Corporation Common Stock,United States,Broad US equity universe
GUAC,Berto Acquisition Corp. II - Ordinary Shares,United States,Broad US equity universe
GUG,Guggenheim Active Allocation Fund Common Shares of Beneficial Interest,United States,Broad US equity universe
GURE,"Gulf Resources, Inc. - Common Stock",United States,Broad US equity universe
GUT,Gabelli Utility Trust (The) Common Stock,United States,Broad US equity universe
GUTS,"Fractyl Health, Inc. - Common Stock",United States,Broad US equity universe
GVA,Granite Construction Incorporated Common Stock,United States,Broad US equity universe
GVH,Globavend Holdings Limited - Ord Shares,United States,Broad US equity universe
GWAV,"Greenwave Technology Solutions, Inc. - Common Stock",United States,Broad US equity universe
GWH,"ESS Tech, Inc. Common Stock",United States,Broad US equity universe
GWRE,"Guidewire Software, Inc. Common Stock",United States,Broad US equity universe
GWRS,"Global Water Resources, Inc. - common stock",United States,Broad US equity universe
GWW,"W.W. Grainger, Inc. Common Stock",United States,Broad US equity universe
GXAI,Gaxos.ai Inc. - Common Stock,United States,Broad US equity universe
GXO,"GXO Logistics, Inc. Common Stock ",United States,Broad US equity universe
GYGY,"Game Your Game, Inc. - Common Stock",United States,Broad US equity universe
GYRE,"Gyre Therapeutics, Inc. - Common Stock",United States,Broad US equity universe
GYRO,"Gyrodyne , LLC - Common Stock",United States,Broad US equity universe
H,Hyatt Hotels Corporation Class A Common Stock,United States,Broad US equity universe
HACQ,HCM IV Acquisition Corp. - Class A Ordinary Share,United States,Broad US equity universe
HAE,Haemonetics Corporation Common Stock,United States,Broad US equity universe
HAFC,Hanmi Financial Corporation - Common Stock,United States,Broad US equity universe
HAFN,Hafnia Limited Common Shares,United States,Broad US equity universe
HAIN,"The Hain Celestial Group, Inc. - Common Stock",United States,Broad US equity universe
HAL,Halliburton Company Common Stock,United States,Broad US equity universe
HALO,"Halozyme Therapeutics, Inc. - Common Stock",United States,Broad US equity universe
HAO,Haoxi Health Technology Limited - Class A Ord Share,United States,Broad US equity universe
HAPN,"Happen, Inc. - Common Stock",United States,Broad US equity universe
HAS,"Hasbro, Inc. - Common Stock",United States,Broad US equity universe
HASI,"HA Sustainable Infrastructure Capital, Inc. Common Stock",United States,Broad US equity universe
HAVA,Harvard Ave Acquisition Corporation - Class A Ordinary Share,United States,Broad US equity universe
HAWK,"HawkEye 360, Inc. Common Stock",United States,Broad US equity universe
HAYW,"Hayward Holdings, Inc. Common Stock",United States,Broad US equity universe
HBAN,Huntington Bancshares Incorporated - Common Stock,United States,Broad US equity universe
HBB,Hamilton Beach Brands Holding Company Class A Common Stock ,United States,Broad US equity universe
HBCP,"Home Bancorp, Inc. - Common Stock",United States,Broad US equity universe
HBIO,"Harvard Bioscience, Inc. - Common Stock",United States,Broad US equity universe
HBM,Hudbay Minerals Inc. Ordinary Shares (Canada),United States,Broad US equity universe
HBNB,Hotel101 Global Holdings Corp. - Class A Ordinary Shares,United States,Broad US equity universe
HBNC,"Horizon Bancorp, Inc. - Common Stock",United States,Broad US equity universe
HBT,"HBT Financial, Inc. - Common Stock",United States,Broad US equity universe
HCA,"HCA Healthcare, Inc. Common Stock",United States,Broad US equity universe
HCAC,Hall Chadwick Acquisition Corp. - Class A Ordinary Shares,United States,Broad US equity universe
HCAI,"Huachen AI Parking Management Technology Holding Co., Ltd. - Class A Ordinary Shares",United States,Broad US equity universe
HCAT,"Health Catalyst, Inc - Common stock",United States,Broad US equity universe
HCC,"Warrior Met Coal, Inc. Common Stock",United States,Broad US equity universe
HCHL,Happy City Holdings Limited - Class A Ordinary shares,United States,Broad US equity universe
HCI,"HCI Group, Inc. Common Stock",United States,Broad US equity universe
HCIC,Hennessy Capital Investment Corp. VIII - Class A Ordinary Shares,United States,Broad US equity universe
HCKT,"The Hackett Group, Inc. - Common Stock",United States,Broad US equity universe
HCMA,HCM III Acquisition Corp. - Class A Ordinary Share,United States,Broad US equity universe
HCSG,"Healthcare Services Group, Inc. - Common Stock",United States,Broad US equity universe
HCTI,"Healthcare Triangle, Inc. - Common Stock",United States,Broad US equity universe
HCWB,HCW Biologics Inc. - Common Stock,United States,Broad US equity universe
HCWC,Healthy Choice Wellness Corp. Class A Common Stock,United States,Broad US equity universe
HD,"Home Depot, Inc. (The) Common Stock",United States,Broad US equity universe
HDB,HDFC Bank Limited Common Stock,United States,Broad US equity universe
HDRN,"Hadron Energy, Inc. - Common Stock",United States,Broad US equity universe
HDSN,"Hudson Technologies, Inc. - Common Stock",United States,Broad US equity universe
HE,"Hawaiian Electric Industries, Inc. Common Stock",United States,Broad US equity universe
HEI,Heico Corporation Common Stock,United States,Broad US equity universe
HEI-A,Heico Corporation Common Stock,United States,Broad US equity universe
HELE,Helen of Troy Limited - Common Stock,United States,Broad US equity universe
HELP,Cybin Inc. - Common Stock,United States,Broad US equity universe
HEQ,John Hancock Diversified Income Fund Common Shares of Beneficial Interest,United States,Broad US equity universe
HERZ,"Herzfeld Credit Income Fund, Inc.  - Closed End Fund",United States,Broad US equity universe
HESM,Hess Midstream LP Class A Representing Limited Partner Interests,United States,Broad US equity universe
HFBL,"Home Federal Bancorp, Inc. of Louisiana - Common Stock",United States,Broad US equity universe
HFFG,HF Foods Group Inc. - Common Stock,United States,Broad US equity universe
HFRO,Highland Opportunities and Income Fund Common Shares of Beneficial Interest,United States,Broad US equity universe
HFWA,Heritage Financial Corporation - Common Stock,United States,Broad US equity universe
HG,"Hamilton Insurance Group, Ltd. Class B Common Shares",United States,Broad US equity universe
HGBL,Heritage Global Inc. - Common Stock,United States,Broad US equity universe
HGLB,Highland Global Allocation Fund Common Stock,United States,Broad US equity universe
HGTY,"Hagerty, Inc. Class A Common Stock",United States,Broad US equity universe
HGV,Hilton Grand Vacations Inc. Common Stock ,United States,Broad US equity universe
HHH,Howard Hughes Holdings Inc. Common Stock,United States,Broad US equity universe
HHS,"Harte Hanks, Inc. - Common Stock",United States,Broad US equity universe
HIFS,Hingham Institution for Savings - Common Stock,United States,Broad US equity universe
HIG,"The Hartford Insurance Group, Inc. Common Stock",United States,Broad US equity universe
HIHO,Highway Holdings Limited - Common Stock,United States,Broad US equity universe
HII,"Huntington Ingalls Industries, Inc. Common Stock",United States,Broad US equity universe
HIMS,"Hims & Hers Health, Inc. Class A Common Stock",United States,Broad US equity universe
HIND,"Vyome Holdings, Inc. - Common Stock",United States,Broad US equity universe
HIO,"Western Asset High Income Opportunity Fund, Inc. Common Stock",United States,Broad US equity universe
HIPO,Hippo Holdings Inc. Common Stock,United States,Broad US equity universe
HIT,"Health In Tech, Inc. - Class A Common Stock",United States,Broad US equity universe
HITI,High Tide Inc. - Common Shares,United States,Broad US equity universe
HIVE,HIVE Digital Technologies Ltd - Common Shares,United States,Broad US equity universe
HIW,"Highwoods Properties, Inc. Common Stock",United States,Broad US equity universe
HIX,Western Asset High Income Fund II Inc. Common Stock,United States,Broad US equity universe
HKIT,Hitek Global Inc. - Class A Ordinary Share,United States,Broad US equity universe
HKPD,"Cellyan Biotechnology Co., Ltd  - Class A Ordinary Shares",United States,Broad US equity universe
HL,Hecla Mining Company Common Stock,United States,Broad US equity universe
HLF,Herbalife Ltd. Common Shares,United States,Broad US equity universe
HLI,"Houlihan Lokey, Inc. Class A Common Stock",United States,Broad US equity universe
HLIO,"Helios Technologies, Inc. Common Stock",United States,Broad US equity universe
HLIT,Harmonic Inc. - Common Stock,United States,Broad US equity universe
HLLY,Holley Inc. Common Stock,United States,Broad US equity universe
HLMN,Hillman Solutions Corp. - Common Stock,United States,Broad US equity universe
HLNE,Hamilton Lane Incorporated - Class A Common Stock,United States,Broad US equity universe
HLP,Hongli Group Inc. - Class A Ordinary Shares,United States,Broad US equity universe
HLT,Hilton Worldwide Holdings Inc. Common Stock ,United States,Broad US equity universe
HLX,"Helix Energy Solutions Group, Inc. Common Stock",United States,Broad US equity universe
HLXC,Helix Acquisition Corp. III - Class A Ordinary Shares,United States,Broad US equity universe
HMC,"Honda Motor Company, Ltd. Common Stock",United States,Broad US equity universe
HMH,HMH Holding Inc. - Common Stock,United States,Broad US equity universe
HMN,Horace Mann Educators Corporation Common Stock,United States,Broad US equity universe
HMR,Heidmar Maritime Holdings Corp. - Common Stock,United States,Broad US equity universe
HMY,Harmony Gold Mining Company Limited,United States,Broad US equity universe
HNGE,"Hinge Health, Inc. Class A Common Stock",United States,Broad US equity universe
HNI,HNI Corporation Common Stock,United States,Broad US equity universe
HNNA,"Hennessy Advisors, Inc. - Common Stock",United States,Broad US equity universe
HNRG,Hallador Energy Company - Common Stock,United States,Broad US equity universe
HNST,"The Honest Company, Inc. - Common Stock",United States,Broad US equity universe
HNVR,"Hanover Bancorp, Inc. - Common Stock",United States,Broad US equity universe
HODO,House of Doge Inc. - Common Stock,United States,Broad US equity universe
HOFT,Hooker Furnishings Corporation - Common Stock,United States,Broad US equity universe
HOG,"Harley-Davidson, Inc. Common Stock",United States,Broad US equity universe
HOLO,MicroCloud Hologram Inc. - Ordinary Shares,United States,Broad US equity universe
HOMB,"Home BancShares, Inc. Common Stock",United States,Broad US equity universe
HON,Honeywell International Inc. - Common Stock,United States,Broad US equity universe
HONA,Honeywell Aerospace Inc. - Common Stock,United States,Broad US equity universe
HOOD,"Robinhood Markets, Inc. - Class A Common Stock",United States,Broad US equity universe
HOPE,"Hope Bancorp, Inc. - Common Stock",United States,Broad US equity universe
HOUR,"Hour Loop, Inc. - common stock",United States,Broad US equity universe
HOV,"Hovnanian Enterprises, Inc. Class A Common Stock",United States,Broad US equity universe
HOVR,New Horizon Aircraft Ltd. - Class A Ordinary Shares,United States,Broad US equity universe
HOWL,"Werewolf Therapeutics, Inc. - Common Stock",United States,Broad US equity universe
HP,"Helmerich & Payne, Inc. Common Stock",United States,Broad US equity universe
HPAI,Helport AI Limited - Ordinary Shares,United States,Broad US equity universe
HPE,Hewlett Packard Enterprise Company Common Stock,United States,Broad US equity universe
HPF,John Hancock Pfd Income Fund II Pfd Income Fund II,United States,Broad US equity universe
HPK,"HighPeak Energy, Inc. - Common Stock",United States,Broad US equity universe
HPP,"Hudson Pacific Properties, Inc. Common Stock",United States,Broad US equity universe
HPQ,HP Inc. Common Stock,United States,Broad US equity universe
HQ,Horizon Quantum Holdings Ltd. - Class A Ordinary Shares,United States,Broad US equity universe
HQH,abrdn Healthcare Investors Shares of Beneficial Interest,United States,Broad US equity universe
HQI,"HireQuest, Inc. - Common Stock",United States,Broad US equity universe
HQL,abrdn Life Sciences Investors Shares of Beneficial Interest,United States,Broad US equity universe
HQY,"HealthEquity, Inc. - Common Stock",United States,Broad US equity universe
HR,Healthcare Realty Trust Incorporated Common Stock,United States,Broad US equity universe
HRB,"H&R Block, Inc. Common Stock",United States,Broad US equity universe
HRI,Herc Holdings Inc. Common Stock ,United States,Broad US equity universe
HRL,Hormel Foods Corporation Common Stock,United States,Broad US equity universe
HRMY,"Harmony Biosciences Holdings, Inc. - Common Stock",United States,Broad US equity universe
HROW,"Harrow, Inc. - Common Stock",United States,Broad US equity universe
HRTG,"Heritage Insurance Holdings, Inc. Common Stock",United States,Broad US equity universe
HRTX,"Heron Therapeutics, Inc.   - Common Stock",United States,Broad US equity universe
HRZN,Horizon Technology Finance Corporation - Common Stock,United States,Broad US equity universe
HSAI,Hesai Group - American Depositary Share,United States,Broad US equity universe
HSBC,"HSBC Holdings, plc. Common Stock",United States,Broad US equity universe
HSCS,HeartSciences Inc. - Common Stock,United States,Broad US equity universe
HSDT,Solana Company - Class A Common Stock,United States,Broad US equity universe
HSHP,Himalaya Shipping Ltd. Common Shares,United States,Broad US equity universe
HSIC,"Henry Schein, Inc. - Common Stock",United States,Broad US equity universe
HSLV,Highlander Silver Corp. Common Shares,United States,Broad US equity universe
HST,"Host Hotels & Resorts, Inc. - Common Stock",United States,Broad US equity universe
HSTM,"HealthStream, Inc. - Common Stock",United States,Broad US equity universe
HSY,Hershey,United States,Cocoa buyer
HTB,"HomeTrust Bancshares, Inc. Common Stock",United States,Broad US equity universe
HTCO,High-Trend International Group - Class A Ordinary Shares,United States,Broad US equity universe
HTCR,"Heartcore Enterprises, Inc. - Common Stock",United States,Broad US equity universe
HTD,John Hancock Tax Advantaged Dividend Income Fund Common Shares of Beneficial Interest,United States,Broad US equity universe
HTFL,"Heartflow, Inc. - Common Stock",United States,Broad US equity universe
HTGC,"Hercules Capital, Inc. Common Stock",United States,Broad US equity universe
HTH,Hilltop Holdings Inc.,United States,Broad US equity universe
HTLD,"Heartland Express, Inc. - Common Stock",United States,Broad US equity universe
HTLM,HomesToLife Ltd - Ordinary Shares,United States,Broad US equity universe
HTO,H2O America  - Common Stock,United States,Broad US equity universe
HTOO,Fusion Fuel Green PLC - Ordinary Shares,United States,Broad US equity universe
HTZ,"Hertz Global Holdings, Inc - Common Stock",United States,Broad US equity universe
HUBB,Hubbell Inc Common Stock,United States,Broad US equity universe
HUBC,Hub Cyber Security Ltd. - Ordinary Shares,United States,Broad US equity universe
HUBG,"Hub Group, Inc. - Class A Common Stock",United States,Broad US equity universe
HUBS,"HubSpot, Inc. Common Stock",United States,Broad US equity universe
HUDI,"Huadi International Group Co., Ltd. - Ordinary Shares",United States,Broad US equity universe
HUHU,HUHUTECH International Group Inc. - Ordinary Shares,United States,Broad US equity universe
HUM,Humana Inc. Common Stock,United States,Broad US equity universe
HUMA,"Humacyte, Inc. - Common Stock",United States,Broad US equity universe
HUN,Huntsman Corporation Common Stock,United States,Broad US equity universe
HURA,"TuHURA Biosciences, Inc. - Common Stock",United States,Broad US equity universe
HURC,"Hurco Companies, Inc. - Common Stock",United States,Broad US equity universe
HURN,Huron Consulting Group Inc. - Common Stock,United States,Broad US equity universe
HUT,Hut 8 Corp. - Common Stock,United States,Broad US equity universe
HVII,Hennessy Capital Investment Corp. VII - Ordinary Shares,United States,Broad US equity universe
HVMC,Highview Merger Corp. - Class A Ordinary Share,United States,Broad US equity universe
HVT,"Haverty Furniture Companies, Inc. Common Stock",United States,Broad US equity universe
HVT-A,"Haverty Furniture Companies, Inc. Common Stock",United States,Broad US equity universe
HWBK,"Hawthorn Bancshares, Inc. - Common Stock",United States,Broad US equity universe
HWC,Hancock Whitney Corporation - Common Stock,United States,Broad US equity universe
HWH,HWH International Inc. - Common Stock,United States,Broad US equity universe
HWKN,"Hawkins, Inc. - Common Stock",United States,Broad US equity universe
HWM,Howmet Aerospace Inc. Common Stock,United States,Broad US equity universe
HXHX,Haoxin Holdings Limited - Class A Ordinary Shares,United States,Broad US equity universe
HXL,Hexcel Corporation Common Stock,United States,Broad US equity universe
HY,"Hyster-Yale, Inc. Class A common stock",United States,Broad US equity universe
HYFM,"Hydrofarm Holdings Group, Inc. - Common Stock",United States,Broad US equity universe
HYFT,MindWalk Holdings Corp. - Common Stock,United States,Broad US equity universe
HYI,Western Asset High Yield Opportunity Fund Inc. Common Stock,United States,Broad US equity universe
HYLN,Hyliion Holdings Corp. Class A Common Stock,United States,Broad US equity universe
HYMC,Hycroft Mining Holding Corporation - Class A Common Stock,United States,Broad US equity universe
HYNE,"Hoyne Bancorp, Inc. - Common Stock",United States,Broad US equity universe
HYPD,"Hyperion DeFi, Inc. - Common Stock",United States,Broad US equity universe
HYPR,"Hyperfine, Inc.  - Class A Common Stock",United States,Broad US equity universe
HYT,"Blackrock Corporate High Yield Fund, Inc. Common Stock",United States,Broad US equity universe
HZO,"MarineMax, Inc.  (FL) Common Stock",United States,Broad US equity universe
IACO,Idea Acquisition Corp. - Class A Ordinary Shares,United States,Broad US equity universe
IACQ,Irenic Acquisition Corp. - Class A Ordinary Shares,United States,Broad US equity universe
IAE,Voya Asia Pacific High Dividend Equity Income Fund ING Asia Pacific High Dividend Equity Income Fund Common Shares of Beneficial Interest,United States,Broad US equity universe
IAF,"abrdn Australia Equity Fund, Inc. Common Stock",United States,Broad US equity universe
IAG,Iamgold Corporation Ordinary Shares,United States,Broad US equity universe
IART,Integra LifeSciences Holdings Corporation - Common Stock,United States,Broad US equity universe
IAUX,i-80 Gold Corp. Common Shares,United States,Broad US equity universe
IBAC,IB Acquisition Corp. - Common Stock,United States,Broad US equity universe
IBCP,Independent Bank Corporation - Common Stock,United States,Broad US equity universe
IBEX,IBEX Limited - Common Share,United States,Broad US equity universe
IBG,Innovation Beverage Group Limited - Ordinary Shares,United States,Broad US equity universe
IBIO,"iBio, Inc. - Common Stock",United States,Broad US equity universe
IBKR,"Interactive Brokers Group, Inc. - Class A Common Stock",United States,Broad US equity universe
IBM,International Business Machines Corporation Common Stock,United States,Broad US equity universe
IBN,ICICI Bank Limited Common Stock,United States,Broad US equity universe
IBO,"Impact BioMedical, Inc. Common Stock",United States,Broad US equity universe
IBOC,International Bancshares Corporation - Common Stock,United States,Broad US equity universe
IBP,"Installed Building Products, Inc. Common Stock",United States,Broad US equity universe
IBRX,"ImmunityBio, Inc. - Common Stock",United States,Broad US equity universe
IBTA,"Ibotta, Inc. Class A Common Stock",United States,Broad US equity universe
ICCC,ImmuCell Corporation - Common Stock,United States,Broad US equity universe
ICCM,IceCure Medical Ltd. - Ordinary Shares,United States,Broad US equity universe
ICE,Intercontinental Exchange Inc. Common Stock,United States,Broad US equity universe
ICFI,"ICF International, Inc. - Common Stock",United States,Broad US equity universe
ICHR,Ichor Holdings - Ordinary Shares,United States,Broad US equity universe
ICL,ICL Group Ltd. Ordinary Shares,United States,Broad US equity universe
ICLR,ICON plc - Ordinary Shares,United States,Broad US equity universe
ICMB,"Investcorp Credit Management BDC, Inc. - Common Stock",United States,Broad US equity universe
ICON,Icon Energy Corp. - Common stock,United States,Broad US equity universe
ICU,SeaStar Medical Holding Corporation - Common Stock,United States,Broad US equity universe
ICUI,"ICU Medical, Inc. - Common Stock",United States,Broad US equity universe
IDA,"IDACORP, Inc. Common Stock",United States,Broad US equity universe
IDAC,Iron Dome Acquisition I Corp. - Class A Ordinary Shares,United States,Broad US equity universe
IDAI,T Stamp Inc. - Class A Common Stock,United States,Broad US equity universe
IDCC,"InterDigital, Inc. - Common Stock",United States,Broad US equity universe
IDE,"Voya Infrastructure, Industrials and Materials Fund Common Shares of Beneficial Interest",United States,Broad US equity universe
IDN,"Intellicheck, Inc. - Common Stock",United States,Broad US equity universe
IDR,"Idaho Strategic Resources, Inc. Common Stock",United States,Broad US equity universe
IDT,IDT Corporation Class B Common Stock,United States,Broad US equity universe
IDXX,"IDEXX Laboratories, Inc. - Common Stock",United States,Broad US equity universe
IDYA,"IDEAYA Biosciences, Inc. - Common Stock",United States,Broad US equity universe
IE,Ivanhoe Electric Inc. Common Stock,United States,Broad US equity universe
IEAG,Infinite Eagle Acquisition Corp. - Class A Ordinary Shares,United States,Broad US equity universe
IESC,"IES Holdings, Inc. - Common Stock",United States,Broad US equity universe
IEX,IDEX Corporation Common Stock,United States,Broad US equity universe
IFBD,"Infobird Co., Ltd - Ordinary Shares",United States,Broad US equity universe
IFF,"International Flavors & Fragrances, Inc. Common Stock",United States,Broad US equity universe
IFN,"Aberdeen India Fund, Inc. Common Stock",United States,Broad US equity universe
IFRX,InflaRx N.V. - Common Stock,United States,Broad US equity universe
IFS,Intercorp Financial Services Inc. Common Shares,United States,Broad US equity universe
IGA,Voya Global Advantage and Premium Opportunity Fund Common Shares of Beneficial Interest,United States,Broad US equity universe
IGAC,Invest Green Acquisition Corporation - Class A Ordinary Shares,United States,Broad US equity universe
IGC,"IGC Pharma, Inc. Common Stock",United States,Broad US equity universe
IGD,Voya Global Equity Dividend and Premium Opportunity Fund,United States,Broad US equity universe
IGI,Western Asset Investment Grade Opportunity Trust Inc. Common Stock,United States,Broad US equity universe
IGIC,International General Insurance Holdings Ltd. - Ordinary Shares,United States,Broad US equity universe
IGR,CBRE Global Real Estate Income Fund Common Shares of Beneficial Interest,United States,Broad US equity universe
IHD,Voya Emerging Markets High Income Dividend Equity Fund Common Shares,United States,Broad US equity universe
IHRT,"iHeartMedia, Inc. - Class A Common Stock",United States,Broad US equity universe
IHS,IHS Holding Limited Ordinary Shares,United States,Broad US equity universe
IHT,InnSuites Hospitality Trust Shares of Beneficial Interest,United States,Broad US equity universe
IIF,"Morgan Stanley India Investment Fund, Inc. Common Stock",United States,Broad US equity universe
III,"Information Services Group, Inc. - Common Stock",United States,Broad US equity universe
IIIN,"Insteel Industries, Inc. Common Stock",United States,Broad US equity universe
IIIV,"i3 Verticals, Inc. - Common Stock",United States,Broad US equity universe
IIM,Invesco Value Municipal Income Trust Common Stock,United States,Broad US equity universe
IIPR,"Innovative Industrial Properties, Inc. Common Stock",United States,Broad US equity universe
IKT,"Inhibikase Therapeutics, Inc. - Common Stock",United States,Broad US equity universe
ILAG,Intelligent Living Application Group Inc. - Ordinary Shares,United States,Broad US equity universe
ILLR,Triller Group Inc. - Common Stock,United States,Broad US equity universe
ILLU,Illumination Acquisition Corp I - Class A Ordinary Shares,United States,Broad US equity universe
ILMN,"Illumina, Inc. - Common Stock",United States,Broad US equity universe
ILPT,Industrial Logistics Properties Trust - Common Shares of Beneficial Interest,United States,Broad US equity universe
IMA,"ImageneBio, Inc. - Common Stock",United States,Broad US equity universe
IMAX,Imax Corporation Common Stock,United States,Broad US equity universe
IMC,IMC Rare Earths Ltd Ordinary Shares,United States,Broad US equity universe
IMCC,IM Cannabis Corp. - Common Shares,United States,Broad US equity universe
IMDX,Insight Molecular Diagnostics Inc. - Common Stock,United States,Broad US equity universe
IMKTA,"Ingles Markets, Incorporated - Class A Common Stock",United States,Broad US equity universe
IMMR,Immersion Corporation - Common Stock,United States,Broad US equity universe
IMMX,"Immix Biopharma, Inc. - Common Stock",United States,Broad US equity universe
IMNM,"Immunome, Inc. - Common Stock",United States,Broad US equity universe
IMNN,"Imunon, Inc. - Common Stock",United States,Broad US equity universe
IMO,Imperial Oil Limited Common Stock,United States,Broad US equity universe
IMPP,Imperial Petroleum Inc. - Common Shares,United States,Broad US equity universe
IMRX,Immuneering Corporation - Class A Common Stock,United States,Broad US equity universe
IMSR,Terrestrial Energy Inc. - Common Stock,United States,Broad US equity universe
IMTE,Integrated Media Technology Limited - Ordinary Shares,United States,Broad US equity universe
IMTX,Immatics N.V. - Ordinary Shares,United States,Broad US equity universe
IMUX,"Immunic, Inc.  - Common Stock",United States,Broad US equity universe
IMVT,"Immunovant, Inc.  - Common Stock",United States,Broad US equity universe
IMXI,"International Money Express, Inc. - Common Stock",United States,Broad US equity universe
INAB,"IN8bio, Inc. - Common Stock",United States,Broad US equity universe
INAC,Indigo Acquisition Corp. - Ordinary Shares,United States,Broad US equity universe
INBK,First Internet Bancorp - Common Stock,United States,Broad US equity universe
INBS,Intelligent Bio Solutions Inc.  - Common Stock,United States,Broad US equity universe
INBX,"Inhibrx Biosciences, Inc. - Common Stock",United States,Broad US equity universe
INCR,Intercure Ltd. - ordinary shares,United States,Broad US equity universe
INCY,Incyte Corporation - Common Stock,United States,Broad US equity universe
INDB,Independent Bank Corp. - Common Stock,United States,Broad US equity universe
INDI,"indie Semiconductor, Inc. - Class A Common Stock",United States,Broad US equity universe
INDO,Indonesia Energy Corporation Limited Ordinary Shares,United States,Broad US equity universe
INDP,"Indaptus Therapeutics, Inc. - Common Stock",United States,Broad US equity universe
INDV,"Indivior Pharmaceuticals, Inc.  - Common Stock",United States,Broad US equity universe
INEO,INNEOVA Holdings Limited - Class A Ordinary Shares,United States,Broad US equity universe
INFQ,"Infleqtion, Inc. Common Stock",United States,Broad US equity universe
INFU,"InfuSystems Holdings, Inc. Common Stock",United States,Broad US equity universe
ING,"ING Group, N.V. Common Stock",United States,Broad US equity universe
INGM,Ingram Micro Holding Corporation Common Stock,United States,Broad US equity universe
INGN,"Inogen, Inc - Common Stock",United States,Broad US equity universe
INGR,Ingredion Incorporated Common Stock,United States,Broad US equity universe
INHD,Inno Holdings Inc. - Common Stock,United States,Broad US equity universe
INIO,INNIO N.V. - Ordinary Shares,United States,Broad US equity universe
INKT,"MiNK Therapeutics, Inc. - Common Stock",United States,Broad US equity universe
INLF,INLIF LIMITED - Class A Ordinary shares,United States,Broad US equity universe
INLX,"Intellinetics, Inc. Common Stock",United States,Broad US equity universe
INM,InMed Pharmaceuticals Inc. - Common Shares,United States,Broad US equity universe
INMB,INmune Bio Inc. - Common stock,United States,Broad US equity universe
INMD,InMode Ltd.  - Ordinary Shares,United States,Broad US equity universe
INN,"Summit Hotel Properties, Inc. Common Stock",United States,Broad US equity universe
INNV,InnovAge Holding Corp. - Common Stock,United States,Broad US equity universe
INO,"Inovio Pharmaceuticals, Inc. - Common Stock",United States,Broad US equity universe
INOD,Innodata Inc. - Common Stock,United States,Broad US equity universe
INR,"Infinity Natural Resources, Inc. Class A Common Stock",United States,Broad US equity universe
INSE,"Inspired Entertainment, Inc. - Common Stock",United States,Broad US equity universe
INSG,Inseego Corp. - Common Stock,United States,Broad US equity universe
INSM,Insmed Incorporated - Common Stock,United States,Broad US equity universe
INSP,"Inspire Medical Systems, Inc. Common Stock",United States,Broad US equity universe
INSW,"International Seaways, Inc. Common Stock ",United States,Broad US equity universe
INTA,"Intapp, Inc. - Common Stock",United States,Broad US equity universe
INTC,Intel Corporation - Common Stock,United States,Broad US equity universe
INTG,The Intergroup Corporation - Common Stock,United States,Broad US equity universe
INTJ,Intelligent Group Limited - Class A Ordinary Shares,United States,Broad US equity universe
INTR,Inter & Co. Inc. - Class A Common Shares,United States,Broad US equity universe
INTS,"Intensity Therapeutics, Inc. - Common Stock",United States,Broad US equity universe
INTT,inTest Corporation Common Stock,United States,Broad US equity universe
INTU,Intuit Inc. - Common Stock,United States,Broad US equity universe
INTZ,Intrusion Inc. - Common Stock,United States,Broad US equity universe
INUV,"Inuvo, Inc.",United States,Broad US equity universe
INV,"Innventure, Inc. - Common Stock",United States,Broad US equity universe
INVA,"Innoviva, Inc. - Common Stock",United States,Broad US equity universe
INVE,"Identiv, Inc. - Common Stock",United States,Broad US equity universe
INVH,Invitation Homes Inc. Common Stock,United States,Broad US equity universe
INVX,"Innovex International, Inc. Common Stock",United States,Broad US equity universe
INVZ,Innoviz Technologies Ltd. - Ordinary shares,United States,Broad US equity universe
IOND,Ionic Digital Inc. - Class A Common Stock,United States,Broad US equity universe
IONQ,"IonQ, Inc. Common Stock",United States,Broad US equity universe
IONS,"Ionis Pharmaceuticals, Inc. - Common Stock",United States,Broad US equity universe
IOR,"Income Opportunity Realty Investors, Inc. Common Stock",United States,Broad US equity universe
IOSP,Innospec Inc. - Common Stock,United States,Broad US equity universe
IOT,Samsara Inc. Class A Common Stock,United States,Broad US equity universe
IOTR,iOThree Limited - Ordinary Shares,United States,Broad US equity universe
IOVA,"Iovance Biotherapeutics, Inc. - Common Stock",United States,Broad US equity universe
IP,International Paper Company Common Stock,United States,Broad US equity universe
IPAR,"Interparfums, Inc. - Common Stock",United States,Broad US equity universe
IPCX,Inflection Point Acquisition Corp. III - Class A ordinary shares,United States,Broad US equity universe
IPDN,"Professional Diversity Network, Inc. - Common Stock",United States,Broad US equity universe
IPEX,Inflection Point Acquisition Corp. - Class A Ordinary Shares,United States,Broad US equity universe
IPFX,Inflection Point Acquisition Corp. VI - Class A Ordinary Shares,United States,Broad US equity universe
IPGP,IPG Photonics Corporation - Common Stock,United States,Broad US equity universe
IPI,"Intrepid Potash, Inc Common Stock",United States,Broad US equity universe
IPM,Intelligent Protection Management Corp.  - Common Stock,United States,Broad US equity universe
IPSC,"Century Therapeutics, Inc. - Common Stock",United States,Broad US equity universe
IPST,"IP Strategy Holdings, Inc. - Common Stock",United States,Broad US equity universe
IPVV,"InterPrivate Investment Partners V, Inc. - Class A Ordinary Shares",United States,Broad US equity universe
IPW,iPower Inc. - Common Stock,United States,Broad US equity universe
IPWR,Ideal Power Inc. - Common Stock,United States,Broad US equity universe
IPX,IperionX Limited - American Depositary Share,United States,Broad US equity universe
IQI,Invesco Quality Municipal Income Trust Common Stock,United States,Broad US equity universe
IQST,iQSTEL Inc. - Common Stock,United States,Broad US equity universe
IQV,"IQVIA Holdings, Inc. Common Stock",United States,Broad US equity universe
IR,Ingersoll Rand Inc. Common Stock,United States,Broad US equity universe
IRAB,Iris Acquisition Corp II Class A Ordinary Shares,United States,Broad US equity universe
IRD,"Opus Genetics, Inc. - Common Stock",United States,Broad US equity universe
IRDM,Iridium Communications Inc - Common Stock,United States,Broad US equity universe
IREN,IREN Limited - Ordinary Shares,United States,Broad US equity universe
IRHO,Iron Horse Acquisitions II Corp. - Common Stock,United States,Broad US equity universe
IRIX,IRIDEX Corporation - Common Stock,United States,Broad US equity universe
IRM,Iron Mountain Incorporated (Delaware)Common Stock REIT,United States,Broad US equity universe
IRMD,iRadimed Corporation - Common Stock,United States,Broad US equity universe
IRON,"Disc Medicine, Inc. - Common Stock",United States,Broad US equity universe
IRT,"Independence Realty Trust, Inc. Common Stock",United States,Broad US equity universe
IRTC,"iRhythm Holdings, Inc.  - Common Stock",United States,Broad US equity universe
IRWD,"Ironwood Pharmaceuticals, Inc. - Class A Common Stock",United States,Broad US equity universe
ISBA,Isabella Bank Corporation - Common stock,United States,Broad US equity universe
ISNR,Snow Rothschild Acquisition Corp. - Class A Ordinary Shares,United States,Broad US equity universe
ISOU,IsoEnergy Ltd. Common Shares,United States,Broad US equity universe
ISPC,iSpecimen Inc. - Common Stock,United States,Broad US equity universe
ISPR,Ispire Technology Inc. - Common Stock,United States,Broad US equity universe
ISRG,"Intuitive Surgical, Inc. - Common Stock",United States,Broad US equity universe
ISSC,"Innovative Solutions and Support, Inc. - Common Stock",United States,Broad US equity universe
ISTR,Investar Holding Corporation - Common Stock,United States,Broad US equity universe
IT,"Gartner, Inc. Common Stock",United States,Broad US equity universe
ITG,"ITG, Inc. - Class A Common Stock",United States,Broad US equity universe
ITGR,Integer Holdings Corporation Common Stock,United States,Broad US equity universe
ITHA,ITHAX Acquisition Corp III - Class A Ordinary Shares,United States,Broad US equity universe
ITIC,Investors Title Company - Common Stock,United States,Broad US equity universe
ITOC,iTonic Holdings Ltd - Class A Ordinary Shares,United States,Broad US equity universe
ITP,"IT Tech Packaging, Inc. Common Stock",United States,Broad US equity universe
ITRG,Integra Resources Corp. Common Shares,United States,Broad US equity universe
ITRI,"Itron, Inc. - Common Stock",United States,Broad US equity universe
ITRN,Ituran Location and Control Ltd. - Ordinary Shares,United States,Broad US equity universe
ITT,ITT Inc. Common Stock ,United States,Broad US equity universe
ITW,Illinois Tool Works Inc. Common Stock,United States,Broad US equity universe
IVA,Inventiva S.A. - American Depository Shares,United States,Broad US equity universe
IVDA,"Iveda Solutions, Inc. - Common Stock",United States,Broad US equity universe
IVF,"INVO Fertility, Inc. - Common Stock",United States,Broad US equity universe
IVR,INVESCO MORTGAGE CAPITAL INC Common Stock,United States,Broad US equity universe
IVT,InvenTrust Properties Corp. Common Stock,United States,Broad US equity universe
IVVD,"Invivyd, Inc. - Common Stock",United States,Broad US equity universe
IVZ,Invesco Ltd Common Stock,United States,Broad US equity universe
IXHL,Incannex Healthcare Inc. - Common Stock,United States,Broad US equity universe
IZEA,"IZEA Worldwide, Inc. - Common Stock",United States,Broad US equity universe
IZM,ICZOOM Group Inc. - Class A Ordinary Shares,United States,Broad US equity universe
J,Jacobs Solutions Inc. Common Stock,United States,Broad US equity universe
JAB,JAB Acquisition Corp I - Class A Ordinary Shares,United States,Broad US equity universe
JACK,Jack In The Box Inc. - Common Stock,United States,Broad US equity universe
JACS,Jackson Acquisition Company II Class A Ordinary Shares,United States,Broad US equity universe
JAGU,Jaguar Uranium Corp. Class A Common Shares,United States,Broad US equity universe
JAGX,"Jaguar Health, Inc. - Common Stock",United States,Broad US equity universe
JAKK,"JAKKS Pacific, Inc. - Common Stock",United States,Broad US equity universe
JAN,"Janus Living, Inc. Class A-1 Common Stock",United States,Broad US equity universe
JANX,"Janux Therapeutics, Inc. - Common Stock",United States,Broad US equity universe
JATT,JATT II Acquisition Corp - Ordinary Shares,United States,Broad US equity universe
JAZZ,Jazz Pharmaceuticals plc - Ordinary Shares,United States,Broad US equity universe
JBDI,JBDI Holdings Limited - Ordinary Shares,United States,Broad US equity universe
JBGS,JBG SMITH Properties Common Shares ,United States,Broad US equity universe
JBHT,"J.B. Hunt Transport Services, Inc. - Common Stock",United States,Broad US equity universe
JBI,"Janus International Group, Inc. Common Stock",United States,Broad US equity universe
JBIO,"Jade Biosciences, Inc. - Common Stock",United States,Broad US equity universe
JBK,Lehman ABS 3.50 3.50% Adjustable Corp Backed Tr Certs GS Cap I,United States,Broad US equity universe
JBL,Jabil Inc. Common Stock,United States,Broad US equity universe
JBLU,JetBlue Airways Corporation - Common Stock,United States,Broad US equity universe
JBS,JBS N.V. Class A Common Shares,United States,Broad US equity universe
JBSS,"John B. Sanfilippo & Son, Inc. - Common Stock",United States,Broad US equity universe
JBTM,JBT Marel Corporation Common Stock,United States,Broad US equity universe
JCAP,"Jefferson Capital, Inc. - Common Stock",United States,Broad US equity universe
JCE,Nuveen Core Equity Alpha Fund Common Shares of Beneficial Interest,United States,Broad US equity universe
JCI,Johnson Controls International plc Ordinary Share,United States,Broad US equity universe
JCSE,JE Cleantech Holdings Limited - Ordinary Shares,United States,Broad US equity universe
JCTC,Jewett-Cameron Trading Company - Common Shares,United States,Broad US equity universe
JDZG,JIADE LIMITED - Class A Ordinary Shares,United States,Broad US equity universe
JEF,Jefferies Financial Group Inc. Common Stock,United States,Broad US equity universe
JELD,"JELD-WEN Holding, Inc. Common Stock",United States,Broad US equity universe
JEM,707 Cayman Holdings Limited - Ordinary Shares,United States,Broad US equity universe
JENA,Jena Acquisition Corporation II Class A Ordinary Shares,United States,Broad US equity universe
JFB,JFB Construction Holdings - Class A Common Stock,United States,Broad US equity universe
JFR,Nuveen Floating Rate Income Fund Common Stock,United States,Broad US equity universe
JGH,Nuveen Global High Income Fund Common Shares of Beneficial Interest,United States,Broad US equity universe
JHI,John Hancock Investors Trust Common Stock,United States,Broad US equity universe
JHS,John Hancock Income Securities Trust Common Stock,United States,Broad US equity universe
JHX,James Hardie Industries plc. Ordinary Shares,United States,Broad US equity universe
JILL,"J. Jill, Inc. Common Stock",United States,Broad US equity universe
JJSF,J & J Snack Foods Corp. - Common Stock,United States,Broad US equity universe
JKHY,"Jack Henry & Associates, Inc. - Common Stock",United States,Broad US equity universe
JL,J-Long Group Limited - Class A Ordinary Shares,United States,Broad US equity universe
JLHL,Julong Holding Limited - Class A Ordinary Shares,United States,Broad US equity universe
JLL,Jones Lang LaSalle Incorporated Common Stock,United States,Broad US equity universe
JLS,Nuveen Mortgage and Income Fund,United States,Broad US equity universe
JMKE,Jersey Mike's Subs Inc. Class A Common Stock,United States,Broad US equity universe
JMM,Nuveen Multi-Market Income Fund (MA),United States,Broad US equity universe
JMSB,"John Marshall Bancorp, Inc. - Common Stock",United States,Broad US equity universe
JNJ,Johnson & Johnson Common Stock,United States,Broad US equity universe
JOB,GEE Group Inc. Common Stock,United States,Broad US equity universe
JOBY,"Joby Aviation, Inc. Common Stock",United States,Broad US equity universe
JOE,St. Joe Company (The) Common Stock,United States,Broad US equity universe
JOF,Japan Smaller Capitalization Fund Inc Common Stock,United States,Broad US equity universe
JOUT,Johnson Outdoors Inc. - Class A Common Stock,United States,Broad US equity universe
JPM,JP Morgan Chase & Co. Common Stock,United States,Broad US equity universe
JQC,Nuveen Credit Strategies Income Fund Shares of Beneficial Interest,United States,Broad US equity universe
JRI,Nuveen Real Asset Income and Growth Fund Common Shares of Beneficial Interest,United States,Broad US equity universe
JRS,Nuveen Real Estate Income Fund Common Shares of Beneficial Interest,United States,Broad US equity universe
JRSH,"Jerash Holdings (US), Inc. - Common Stock",United States,Broad US equity universe
JRVR,"James River Group Holdings, Inc. - Common Stock",United States,Broad US equity universe
JSPR,"Jasper Therapeutics, Inc. - Class A Common Stock",United States,Broad US equity universe
JTAI,Jet.AI Inc. - Common Stock,United States,Broad US equity universe
JUNS,"Jupiter Neurosciences, Inc. - Common Stock",United States,Broad US equity universe
JVA,"Coffee Holding Co., Inc. - Common Stock",United States,Broad US equity universe
JWEL,Jowell Global Ltd. - Ordinary Shares,United States,Broad US equity universe
JXG,JX Luxventure Group Inc. - Common Stock,United States,Broad US equity universe
JXN,Jackson Financial Inc. Class A Common Stock ,United States,Broad US equity universe
JYD,Jayud Global Logistics Limited - Class A Ordinary Shares,United States,Broad US equity universe
JYNT,The Joint Corp. - Common Stock,United States,Broad US equity universe
JZXN,"Jiuzi Holdings, Inc. - Ordinary Shares",United States,Broad US equity universe
KAI,Kadant Inc Common Stock,United States,Broad US equity universe
KALA,"KALA BIO, Inc. - Common Stock",United States,Broad US equity universe
KALU,Kaiser Aluminum Corporation - Common Stock,United States,Broad US equity universe
KAPA,"Kairos Pharma, Ltd. Common Stock",United States,Broad US equity universe
KARD,"Kardigan, Inc. - Common Stock",United States,Broad US equity universe
KARO,Karooooo Ltd. - Ordinary shares,United States,Broad US equity universe
KAZR,Skyline Builders Group Holding Limited - Class A Ordinary Shares,United States,Broad US equity universe
KB,KB Financial Group Inc,United States,Broad US equity universe
KBDC,"Kayne Anderson BDC, Inc. Common Stock",United States,Broad US equity universe
KBH,KB Home Common Stock,United States,Broad US equity universe
KBON,Karbon Capital Partners Corp. - Class A Ordinary Shares,United States,Broad US equity universe
KBR,"KBR, Inc. Common Stock",United States,Broad US equity universe
KBSX,FST Corp. - Ordinary Shares,United States,Broad US equity universe
KCHV,Kochav Defense Acquisition Corp. - Class A Ordinary Shares,United States,Broad US equity universe
KD,"Kyndryl Holdings, Inc. Common Stock",United States,Broad US equity universe
KDK,"Kodiak AI, Inc. - Common Stock",United States,Broad US equity universe
KDP,Keurig Dr Pepper,United States,Coffee & beverages
KE,"Kimball Electronics, Inc. - Common Stock",United States,Broad US equity universe
KEEL,Keel Infrastructure Corp. - Common Stock,United States,Broad US equity universe
KELYA,"Kelly Services, Inc. - Class A Common Stock",United States,Broad US equity universe
KELYB,"Kelly Services, Inc. - Class B Common Stock",United States,Broad US equity universe
KEN,Kenon Holdings Ltd. Ordinary Shares,United States,Broad US equity universe
KEP,Korea Electric Power Corporation Common Stock,United States,Broad US equity universe
KEQU,Kewaunee Scientific Corporation - Common Stock,United States,Broad US equity universe
KEX,Kirby Corporation Common Stock,United States,Broad US equity universe
KEY,KeyCorp Common Stock,United States,Broad US equity universe
KEYS,Keysight Technologies Inc. Common Stock,United States,Broad US equity universe
KEYY,Keystone Acquisition Corp. - Class A Ordinary Shares,United States,Broad US equity universe
KF,"Korea Fund, Inc. (The) New Common Stock",United States,Broad US equity universe
KFFB,Kentucky First Federal Bancorp - Common Stock,United States,Broad US equity universe
KFII,K&F Growth Acquisition Corp. II - Class A Ordinary shares,United States,Broad US equity universe
KFRC,"Kforce, Inc. Common Stock",United States,Broad US equity universe
KFY,Korn Ferry Common Stock,United States,Broad US equity universe
KG,"Kestrel Group, Ltd. - Common Stock",United States,Broad US equity universe
KGC,Kinross Gold Corporation Common Stock,United States,Broad US equity universe
KGEI,Kolibri Global Energy Inc. - Common stock,United States,Broad US equity universe
KGS,"Kodiak Gas Services, Inc. Common Stock",United States,Broad US equity universe
KHC,The Kraft Heinz Company - Common Stock,United States,Broad US equity universe
KIDS,OrthoPediatrics Corp. - Common Stock,United States,Broad US equity universe
KIDZ,KIDZ AI Inc. - Class B Common Stock,United States,Broad US equity universe
KIM,Kimco Realty Corporation (HC) Common Stock,United States,Broad US equity universe
KINS,"Kingstone Companies, Inc - Common Stock",United States,Broad US equity universe
KIO,KKR Income Opportunities Fund Common Shares,United States,Broad US equity universe
KITT,"Nauticus Robotics, Inc. - Common stock",United States,Broad US equity universe
KKR,KKR & Co. Inc. Common Stock,United States,Broad US equity universe
KLAC,KLA Corporation  - Common Stock,United States,Broad US equity universe
KLAR,Klarna Group plc Ordinary Shares,United States,Broad US equity universe
KLC,"KinderCare Learning Companies, Inc. Common Stock",United States,Broad US equity universe
KLIC,"Kulicke and Soffa Industries, Inc. - Common Stock",United States,Broad US equity universe
KLRA,"Kailera Therapeutics, Inc. - Common stock",United States,Broad US equity universe
KLRS,"Kalaris Therapeutics, Inc.  - Common Stock",United States,Broad US equity universe
KLTR,"Kaltura, Inc. - Common Stock",United States,Broad US equity universe
KLXE,"KLX Energy Services Holdings, Inc.  - Common Stock",United States,Broad US equity universe
KMB,Kimberly-Clark Corporation - Common Stock,United States,Broad US equity universe
KMDA,Kamada Ltd. - Ordinary Shares,United States,Broad US equity universe
KMI,"Kinder Morgan, Inc. Common Stock",United States,Broad US equity universe
KMPR,Kemper Corporation,United States,Broad US equity universe
KMRK,K-Tech Solutions Company Limited - Class A Ordinary Shares,United States,Broad US equity universe
KMT,Kennametal Inc. Common Stock,United States,Broad US equity universe
KMTS,"Kestra Medical Technologies, Ltd. - Common Stock",United States,Broad US equity universe
KMX,CarMax Inc,United States,Broad US equity universe
KN,Knowles Corporation Common Stock,United States,Broad US equity universe
KNDI,"Kandi Technologies Group, Inc. - Ordinary Shares",United States,Broad US equity universe
KNF,Knife Riv Holding Co. Common Stock,United States,Broad US equity universe
KNRX,KNOREX LTD. Class A Ordinary Shares,United States,Broad US equity universe
KNSA,"Kiniksa Pharmaceuticals International, plc - Class A Ordinary Shares",United States,Broad US equity universe
KNSL,"Kinsale Capital Group, Inc. Common Stock",United States,Broad US equity universe
KNTK,Kinetik Holdings Inc. Class A Common Stock,United States,Broad US equity universe
KNX,Knight-Swift Transportation Holdings Inc.,United States,Broad US equity universe
KO,Coca-Cola Company (The) Common Stock,United States,Broad US equity universe
KOD,Kodiak Sciences Inc - Common Stock,United States,Broad US equity universe
KODK,Eastman Kodak Company Common New,United States,Broad US equity universe
KOP,Koppers Holdings Inc. Common Stock,United States,Broad US equity universe
KOPN,Kopin Corporation - Common Stock,United States,Broad US equity universe
KOS,Kosmos Energy Ltd. Common Shares (DE),United States,Broad US equity universe
KOSS,Koss Corporation - Common Stock,United States,Broad US equity universe
KOYN,CSLM Digital Asset Acquisition Corp III - Class A Ordinary Shares,United States,Broad US equity universe
KPET,KPET Ultra Paceline Corporation Class A Ordinary Shares,United States,Broad US equity universe
KPLT,"Katapult Holdings, Inc. - Common Stock",United States,Broad US equity universe
KPRX,"Kiora Pharmaceuticals, Inc.  - Common Stock",United States,Broad US equity universe
KPTI,Karyopharm Therapeutics Inc. - Common Stock,United States,Broad US equity universe
KR,Kroger Company (The) Common Stock,United States,Broad US equity universe
KRAQ,KRAKacquisition Corp - Class A Ordinary Shares,United States,Broad US equity universe
KRC,Kilroy Realty Corporation Common Stock,United States,Broad US equity universe
KREF,KKR Real Estate Finance Trust Inc. Common Stock,United States,Broad US equity universe
KRG,Kite Realty Group Trust Common Stock,United States,Broad US equity universe
KRMD,"KORU Medical Systems, Inc. - Common Stock",United States,Broad US equity universe
KRMN,Karman Holdings Inc. Common Stock,United States,Broad US equity universe
KRNT,Kornit Digital Ltd. - Ordinary Shares,United States,Broad US equity universe
KRNY,Kearny Financial - Common Stock,United States,Broad US equity universe
KRO,Kronos Worldwide Inc Common Stock,United States,Broad US equity universe
KROS,"Keros Therapeutics, Inc. - common stock",United States,Broad US equity universe
KRRO,"Korro Bio, Inc. - Common Stock",United States,Broad US equity universe
KRSP,Rice Acquisition Corporation 3 Class A Ordinary Shares,United States,Broad US equity universe
KRT,Karat Packaging Inc. - Common Stock,United States,Broad US equity universe
KRUS,"Kura Sushi USA, Inc. - Class A Common Stock",United States,Broad US equity universe
KRYS,"Krystal Biotech, Inc. - Common Stock",United States,Broad US equity universe
KSCP,"Knightscope, Inc. - Class A Common Stock",United States,Broad US equity universe
KSPI,Joint Stock Company Kaspi.kz - American Depository Shares,United States,Broad US equity universe
KSS,Kohl's Corporation Common Stock,United States,Broad US equity universe
KT,KT Corporation Common Stock,United States,Broad US equity universe
KTB,"Kontoor Brands, Inc. Common Stock ",United States,Broad US equity universe
KTCC,Key Tronic Corporation - Common Stock,United States,Broad US equity universe
KTF,DWS Municipal Income Trust,United States,Broad US equity universe
KTN,Structured Products Corp 8.205% CorTS 8.205% Corporate Backed Trust Securities (CorTS),United States,Broad US equity universe
KTOS,"Kratos Defense & Security Solutions, Inc. - Common Stock",United States,Broad US equity universe
KTTA,Pasithea Therapeutics Corp. - Common Stock,United States,Broad US equity universe
KTWO,K2 Capital Acquisition Corporation - Class A Ordinary Share,United States,Broad US equity universe
KULR,"KULR Technology Group, Inc. Common Stock",United States,Broad US equity universe
KURA,"Kura Oncology, Inc. - Common Stock",United States,Broad US equity universe
KUST,"Kustom Entertainment, Inc. - Common Stock",United States,Broad US equity universe
KVHI,"KVH Industries, Inc. - Common Stock",United States,Broad US equity universe
KVUE,Kenvue Inc. Common Stock,United States,Broad US equity universe
KVYO,"Klaviyo, Inc. Series A Common Stock",United States,Broad US equity universe
KWM,"K Wave Media, Ltd. - Ordinary Shares",United States,Broad US equity universe
KWR,Quaker Houghton Common Stock,United States,Broad US equity universe
KWY,Kingsway Corporation Common Stock,United States,Broad US equity universe
KXIN,Kaixin Holdings - Ordinary Shares,United States,Broad US equity universe
KYIV,Kyivstar Group Ltd. - Common Shares,United States,Broad US equity universe
KYMR,"Kymera Therapeutics, Inc. - Common Stock",United States,Broad US equity universe
KYN,"Kayne Anderson Energy Infrastructure Fund, Inc.",United States,Broad US equity universe
KYNB,"Kyntra Bio, Inc. - Common Stock",United States,Broad US equity universe
KYTX,"Kyverna Therapeutics, Inc. - Common Stock",United States,Broad US equity universe
L,Loews Corporation Common Stock,United States,Broad US equity universe
LAB,Standard BioTools Inc. - Common Stock,United States,Broad US equity universe
LABT,Lakewood-Amedex Biotherapeutics Inc. - Common Stock,United States,Broad US equity universe
LAC,Lithium Americas Corp. Common Shares,United States,Broad US equity universe
LAD,"Lithia Motors, Inc. Common Stock",United States,Broad US equity universe
LADR,Ladder Capital Corp Class A Common Stock,United States,Broad US equity universe
LAES,SEALSQ Corp - Ordinary Shares,United States,Broad US equity universe
LAFA,LaFayette Acquisition Corp. - Ordinary Share,United States,Broad US equity universe
LAKE,"Lakeland Industries, Inc. - Common Stock",United States,Broad US equity universe
LAMR,Lamar Advertising Company - Class A Common Stock,United States,Broad US equity universe
LAND,Gladstone Land Corporation - Common Stock,United States,Broad US equity universe
LANV,Lanvin Group Holdings Limited Ordinary Shares,United States,Broad US equity universe
LAR,Lithium Argentina AG Common Shares,United States,Broad US equity universe
LARK,Landmark Bancorp Inc. - Common Stock,United States,Broad US equity universe
LASE,Laser Photonics Corporation - Common Stock,United States,Broad US equity universe
LASR,"nLIGHT, Inc. - Common Stock",United States,Broad US equity universe
LATA,Galata Acquisition Corp. II - Class A Ordinary Shares,United States,Broad US equity universe
LAUR,"Laureate Education, Inc. - Common Stock",United States,Broad US equity universe
LAW,"CS Disco, Inc. Common Stock",United States,Broad US equity universe
LAWR,"Robot Consulting Co., Ltd. - ADS",United States,Broad US equity universe
LAZ,"Lazard, Inc. Common Stock",United States,Broad US equity universe
LB,LandBridge Company LLC Class A Shares Representing Limited Liability Company Interests,United States,Broad US equity universe
LBGJ,Li Bang International Corporation Inc. - Class A Ordinary Shares,United States,Broad US equity universe
LBRDA,Liberty Broadband Corporation - Class A Common Stock,United States,Broad US equity universe
LBRDK,Liberty Broadband Corporation - Class C Common Stock,United States,Broad US equity universe
LBRT,Liberty Energy Inc. Class A common stock,United States,Broad US equity universe
LBRX,LB Pharmaceuticals Inc - Common Stock,United States,Broad US equity universe
LBTYA,Liberty Global Ltd. - Class A Common Shares,United States,Broad US equity universe
LBTYB,Liberty Global Ltd. - Class B Common Shares,United States,Broad US equity universe
LBTYK,Liberty Global Ltd. - Class C Common Shares,United States,Broad US equity universe
LCCC,Lakeshore Acquisition III Corp. - Ordinary Shares,United States,Broad US equity universe
LCFY,Locafy Limited - Ordinary Share,United States,Broad US equity universe
LCID,"Lucid Group, Inc. - Common Stock",United States,Broad US equity universe
LCII,LCI Industries,United States,Broad US equity universe
LCLN,"Lincoln International, Inc. Class A Common Stock",United States,Broad US equity universe
LCNB,LCNB Corporation - Common Stock,United States,Broad US equity universe
LCTX,"Lineage Cell Therapeutics, Inc. Common Stock",United States,Broad US equity universe
LCUT,"Lifetime Brands, Inc. - Common Stock",United States,Broad US equity universe
LDI,"loanDepot, Inc. Class A Common Stock",United States,Broad US equity universe
LDOS,"Leidos Holdings, Inc. Common Stock",United States,Broad US equity universe
LE,"Lands' End, Inc. - Common Stock",United States,Broad US equity universe
LEA,Lear Corporation Common Stock,United States,Broad US equity universe
LECO,"Lincoln Electric Holdings, Inc. - Common Shares",United States,Broad US equity universe
LEDS,SemiLEDS Corporation - Common Stock,United States,Broad US equity universe
LEE,"Lee Enterprises, Incorporated - Common Stock",United States,Broad US equity universe
LEG,"Leggett & Platt, Incorporated Common Stock",United States,Broad US equity universe
LEGH,Legacy Housing Corporation - Common Stock,United States,Broad US equity universe
LEGO,Legato Merger Corp. IV Ordinary Shares,United States,Broad US equity universe
LEN,Lennar Corporation Class A Common Stock,United States,Broad US equity universe
LEN-B,Lennar Corporation Class B,United States,Broad US equity universe
LENZ,"LENZ Therapeutics, Inc. - Common Stock",United States,Broad US equity universe
LEO,"BNY Mellon Strategic Municipals, Inc. Common Stock",United States,Broad US equity universe
LESL,"Leslie's, Inc. - Common Stock",United States,Broad US equity universe
LEU,Centrus Energy Corp. Class A Common Stock,United States,Broad US equity universe
LEVI,Levi Strauss & Co Class A Common Stock,United States,Broad US equity universe
LEXX,Lexaria Bioscience Corp. - Common Stock,United States,Broad US equity universe
LFAC,Leapfrog Acquisition Corporation - Class A Ordinary Shares,United States,Broad US equity universe
LFCR,"Lifecore Biomedical, Inc. - Common Stock",United States,Broad US equity universe
LFMD,"LifeMD, Inc. - Common Stock",United States,Broad US equity universe
LFST,"LifeStance Health Group, Inc. - Common Stock",United States,Broad US equity universe
LFT,"Lument Finance Trust, Inc. Common Stock",United States,Broad US equity universe
LFTO,"Liftoff Mobile, Inc. - Common Stock",United States,Broad US equity universe
LFUS,"Littelfuse, Inc. - Common Stock",United States,Broad US equity universe
LFVN,Lifevantage Corporation - Common Stock,United States,Broad US equity universe
LFWD,Lifeward Ltd. - Ordinary Shares,United States,Broad US equity universe
LGCL,Lucas GC Limited - Class A Ordinary Shares,United States,Broad US equity universe
LGCY,Legacy Education Inc. Common Stock,United States,Broad US equity universe
LGHL,Lion Group Holding Ltd. - American Depositary Share,United States,Broad US equity universe
LGI,Lazard Global Total Return and Income Fund Common Stock,United States,Broad US equity universe
LGIH,"LGI Homes, Inc. - Common Stock",United States,Broad US equity universe
LGL,"LGL Group, Inc. (The) Common Stock",United States,Broad US equity universe
LGN,Legence Corp. - Class A Common stock,United States,Broad US equity universe
LGND,Ligand Pharmaceuticals Incorporated - Common Stock,United States,Broad US equity universe
LGO,Largo Inc. - Common Shares,United States,Broad US equity universe
LGPS,LogProstyle Inc. Common Shares,United States,Broad US equity universe
LGVN,Longeveron Inc. - Class A Common stock,United States,Broad US equity universe
LH,Labcorp Holdings Inc. Common Stock,United States,Broad US equity universe
LHAI,Linkhome Holdings Inc. - Common stock,United States,Broad US equity universe
LHSW,Lianhe Sowell International Group Ltd - Class A Ordinary Shares,United States,Broad US equity universe
LHX,"L3Harris Technologies, Inc. Common Stock",United States,Broad US equity universe
LICN,Lichen International Limited - Class A Ordinary Shares,United States,Broad US equity universe
LIDR,"AEye, Inc. - Class A Common Stock",United States,Broad US equity universe
LIEN,"Chicago Atlantic BDC, Inc. - Common Stock",United States,Broad US equity universe
LIF,"Life360, Inc. - Common Stock",United States,Broad US equity universe
LIFE,Ethos Technologies Inc. - Class A Common Stock,United States,Broad US equity universe
LII,"Lennox International, Inc. Common Stock",United States,Broad US equity universe
LILA,Liberty Latin America Ltd. - Class A Common Stock,United States,Broad US equity universe
LILAK,Liberty Latin America Ltd. - Class C Common Stock,United States,Broad US equity universe
LIME,"Neutron Holdings, Inc. - Common Stock",United States,Broad US equity universe
LIMN,"Liminatus Pharma, Inc. - Class A Common Stock",United States,Broad US equity universe
LIN,Linde plc - Ordinary Shares,United States,Broad US equity universe
LINC,Lincoln Educational Services Corporation - Common Stock,United States,Broad US equity universe
LIND,Lindblad Expeditions Holdings Inc.  - Common Stock,United States,Broad US equity universe
LINE,"Lineage, Inc. - Common Stock",United States,Broad US equity universe
LINK,"Interlink Electronics, Inc. - Common Stock",United States,Broad US equity universe
LION,Lionsgate Studios Corp Common Shares,United States,Broad US equity universe
LIQT,"LiqTech International, Inc. - Common Stock",United States,Broad US equity universe
LITE,Lumentum Holdings Inc. - Common Stock,United States,Broad US equity universe
LITS,"Lite Strategy, Inc. - Common Stock",United States,Broad US equity universe
LIVE,Live Ventures Incorporated - Common Stock,United States,Broad US equity universe
LIVN,LivaNova PLC - Ordinary Shares,United States,Broad US equity universe
LKFN,Lakeland Financial Corporation - Common Stock,United States,Broad US equity universe
LKQ,LKQ Corporation - Common Stock,United States,Broad US equity universe
LKSP,Lake Superior Acquisition Corp. - Class A Ordinary Shares,United States,Broad US equity universe
LLY,Eli Lilly and Company Common Stock,United States,Broad US equity universe
LLYVA,"Liberty Live Holdings, Inc. - Series A Liberty Live Group Common Stock",United States,Broad US equity universe
LLYVK,"Liberty Live Holdings, Inc. - Series C Liberty Live Group Common Stock",United States,Broad US equity universe
LMAT,"LeMaitre Vascular, Inc. - Common Stock",United States,Broad US equity universe
LMB,"Limbach Holdings, Inc. - Common Stock",United States,Broad US equity universe
LMND,"Lemonade, Inc. Common Stock",United States,Broad US equity universe
LMNR,Limoneira Co - Common Stock,United States,Broad US equity universe
LMRI,"Lumexa Imaging Holdings, Inc. - Common Stock",United States,Broad US equity universe
LMT,Lockheed Martin Corporation Common Stock,United States,Broad US equity universe
LNAI,Lunai Bioworks Inc. - Common Stock,United States,Broad US equity universe
LNC,Lincoln National Corporation Common Stock,United States,Broad US equity universe
LND,Brasilagro Brazilian Agric Real Estate Co Sponsored ADR (Brazil),United States,Broad US equity universe
LNG,"Cheniere Energy, Inc. Common Stock",United States,Broad US equity universe
LNKS,Linkers Industries Limited - Class A Ordinary Shares,United States,Broad US equity universe
LNN,Lindsay Corporation Common Stock,United States,Broad US equity universe
LNSR,"LENSAR, Inc. - Common Stock",United States,Broad US equity universe
LNT,Alliant Energy Corporation - Common Stock,United States,Broad US equity universe
LNTH,"Lantheus Holdings, Inc. - Common Stock",United States,Broad US equity universe
LNZA,"LanzaTech Global, Inc. - Common Stock",United States,Broad US equity universe
LOAN,"Manhattan Bridge Capital, Inc - Common Stock",United States,Broad US equity universe
LOAR,Loar Holdings Inc. Common Stock,United States,Broad US equity universe
LOB,"Live Oak Bancshares, Inc. Common Stock",United States,Broad US equity universe
LOBO,LOBO TECHNOLOGIES LTD. - Class A Ordinary Shares,United States,Broad US equity universe
LOCL,Local Bounti Corporation Common Stock,United States,Broad US equity universe
LOCO,"El Pollo Loco Holdings, Inc. - Common Stock",United States,Broad US equity universe
LODE,Comstock Inc. Common Stock,United States,Broad US equity universe
LOGI,Logitech International S.A. - Registered Shares,United States,Broad US equity universe
LOMA,Loma Negra Compania Industrial Argentina Sociedad Anonima ADS,United States,Broad US equity universe
LONA,"LeonaBio, Inc. - Common Stock",United States,Broad US equity universe
LOOP,"Loop Industries, Inc. - Common Stock",United States,Broad US equity universe
LOPE,"Grand Canyon Education, Inc. - Common Stock",United States,Broad US equity universe
LOVE,The Lovesac Company - Common Stock,United States,Broad US equity universe
LOW,"Lowe's Companies, Inc. Common Stock",United States,Broad US equity universe
LPA,Logistic Properties of the Americas Ordinary Shares,United States,Broad US equity universe
LPAA,Launch One Acquisition Corp. - Class A Ordinary Shares,United States,Broad US equity universe
LPBB,Launch Two Acquisition Corp. - Class A Ordinary Shares,United States,Broad US equity universe
LPCN,Lipocine Inc. - Common Stock,United States,Broad US equity universe
LPCV,Launchpad Cadenza Acquisition Corp I - Class A Ordinary Share,United States,Broad US equity universe
LPG,Dorian LPG Ltd. Common Stock,United States,Broad US equity universe
LPL,"LG Display Co, Ltd AMERICAN DEPOSITORY SHARES",United States,Broad US equity universe
LPLA,LPL Financial Holdings Inc. - Common Stock,United States,Broad US equity universe
LPSN,"LivePerson, Inc. - Common Stock",United States,Broad US equity universe
LPTH,"LightPath Technologies, Inc. - Class A Common Stock",United States,Broad US equity universe
LPX,Louisiana-Pacific Corporation Common Stock,United States,Broad US equity universe
LQDA,Liquidia Corporation - Common Stock,United States,Broad US equity universe
LQDT,"Liquidity Services, Inc. - Common Stock",United States,Broad US equity universe
LRCX,Lam Research Corporation - Common Stock,United States,Broad US equity universe
LRHC,La Rosa Holdings Corp. - Common Stock,United States,Broad US equity universe
LRMR,"Larimar Therapeutics, Inc. - Common Stock",United States,Broad US equity universe
LRN,"Stride, Inc. Common Stock",United States,Broad US equity universe
LSAK,"Lesaka Technologies, Inc. - Common Stock",United States,Broad US equity universe
LSBK,"Lake Shore Bancorp, Inc. - Common Stock",United States,Broad US equity universe
LSCC,Lattice Semiconductor Corporation - Common Stock,United States,Broad US equity universe
LSE,"Leishen Energy Holding Co., Ltd. - Class A Ordinary Shares",United States,Broad US equity universe
LSF,"Laird Superfood, Inc. Common Stock",United States,Broad US equity universe
LSPD,Lightspeed Commerce Inc. Subordinate Voting Shares,United States,Broad US equity universe
LSTA,"Lisata Therapeutics, Inc. - Common Stock",United States,Broad US equity universe
LSTR,"Landstar System, Inc. - Common Stock",United States,Broad US equity universe
LTBR,Lightbridge Corporation - Common Stock,United States,Broad US equity universe
LTC,"LTC Properties, Inc. Common Stock",United States,Broad US equity universe
LTGO,"Latigo Biotherapeutics, Inc. - Common Stock",United States,Broad US equity universe
LTGR,Long Table Growth Corp. - Class A Ordinary Shares,United States,Broad US equity universe
LTH,"Life Time Group Holdings, Inc. Common Stock",United States,Broad US equity universe
LTRN,Lantern Pharma Inc. - Common Stock,United States,Broad US equity universe
LTRX,"Lantronix, Inc. - Common Stock",United States,Broad US equity universe
LUCD,Lucid Diagnostics Inc. - Common Stock,United States,Broad US equity universe
LUCK,Lucky Strike Entertainment Corporation Class A Common Stock,United States,Broad US equity universe
LUCY,"Innovative Eyewear, Inc. - Common Stock",United States,Broad US equity universe
LUD,Luda Technology Group Limited Ordinary Shares,United States,Broad US equity universe
LULU,lululemon athletica inc. - Common Stock,United States,Broad US equity universe
LUMN,"Lumen Technologies, Inc. Common Stock",United States,Broad US equity universe
LUNG,Pulmonx Corporation - Common Stock,United States,Broad US equity universe
LUNR,"Intuitive Machines, Inc. - Class A Common Stock",United States,Broad US equity universe
LUV,Southwest Airlines Company Common Stock,United States,Broad US equity universe
LVLU,"Lulu's Fashion Lounge Holdings, Inc. - Common Stock",United States,Broad US equity universe
LVO,"LiveOne, Inc. - Common Stock",United States,Broad US equity universe
LVS,Las Vegas Sands Corp. Common Stock,United States,Broad US equity universe
LVWR,"LiveWire Group, Inc. Common Stock",United States,Broad US equity universe
LW,"Lamb Weston Holdings, Inc. Common Stock ",United States,Broad US equity universe
LWAC,LightWave Acquisition Corp. - Class A Ordinary Shares,United States,Broad US equity universe
LWAY,"Lifeway Foods, Inc. - Common Stock",United States,Broad US equity universe
LWLG,"Lightwave Logic, Inc. - Common Stock",United States,Broad US equity universe
LXEO,"Lexeo Therapeutics, Inc. - Common Stock",United States,Broad US equity universe
LXFR,Luxfer Holdings PLC Ordinary Shares,United States,Broad US equity universe
LXP,LXP Industrial Trust Common Stock (Maryland REIT),United States,Broad US equity universe
LXRX,"Lexicon Pharmaceuticals, Inc. - Common Stock",United States,Broad US equity universe
LXU,"LSB Industries, Inc. Common Stock",United States,Broad US equity universe
LYB,LyondellBasell Industries NV Ordinary Shares Class A (Netherlands),United States,Broad US equity universe
LYEL,"Lyell Immunopharma, Inc. - Common Stock",United States,Broad US equity universe
LYFT,"Lyft, Inc. - Class A Common Stock",United States,Broad US equity universe
LYTS,LSI Industries Inc. - Common Stock,United States,Broad US equity universe
LYV,"Live Nation Entertainment, Inc. Common Stock",United States,Broad US equity universe
LZ,"LegalZoom.com, Inc. - Common Stock",United States,Broad US equity universe
LZB,La-Z-Boy Incorporated Common Stock,United States,Broad US equity universe
LZM,Lifezone Metals Limited Ordinary Shares,United States,Broad US equity universe
LZMH,LZ Technology Holdings Limited - Class B Ordinary Shares,United States,Broad US equity universe
M,Macy's Inc Common Stock,United States,Broad US equity universe
MA,Mastercard Incorporated Common Stock,United States,Broad US equity universe
MAA,"Mid-America Apartment Communities, Inc. Common Stock",United States,Broad US equity universe
MAAS,Maase Inc. - Class A Ordinary Shares,United States,Broad US equity universe
MAC,Macerich Company (The) Common Stock,United States,Broad US equity universe
MACI,Melar Acquisition Corp. I - Class A Ordinary Shares,United States,Broad US equity universe
MAGH,Magnitude International Ltd - Ordinary Shares,United States,Broad US equity universe
MAGN,Magnera Corporation Common Stock,United States,Broad US equity universe
MAIA,"MAIA Biotechnology, Inc. Common Stock",United States,Broad US equity universe
MAIN,Main Street Capital Corporation Common Stock,United States,Broad US equity universe
MAIR,Madison Air Solutions Corporation Class A Common Stock,United States,Broad US equity universe
MAKO,Mako Mining Corp - Common Stock,United States,Broad US equity universe
MAMA,"Mama's Creations, Inc. - Common Stock",United States,Broad US equity universe
MAMK,MaxsMaking Inc. - Class A Ordinary Shares,United States,Broad US equity universe
MAMO,Massimo Group - Common Stock,United States,Broad US equity universe
MAN,ManpowerGroup Common Stock,United States,Broad US equity universe
MANE,"Veradermics, Incorporated Common Stock",United States,Broad US equity universe
MANH,"Manhattan Associates, Inc. - Common Stock",United States,Broad US equity universe
MANU,Manchester United Ltd. Class A Ordinary Shares,United States,Broad US equity universe
MAR,Marriott International - Class A Common Stock,United States,Broad US equity universe
MARA,"MARA Holdings, Inc. - Common Stock",United States,Broad US equity universe
MAS,Masco Corporation Common Stock,United States,Broad US equity universe
MASK,3 E Network Technology Group Ltd - Class A Ordinary Shares,United States,Broad US equity universe
MASS,908 Devices Inc. - Common Stock,United States,Broad US equity universe
MAT,"Mattel, Inc. - Common Stock",United States,Broad US equity universe
MATH,Metalpha Technology Holding Limited - Ordinary Shares,United States,Broad US equity universe
MATV,"Mativ Holdings, Inc. Common Stock",United States,Broad US equity universe
MATW,Matthews International Corporation - Class A Common Stock,United States,Broad US equity universe
MATX,Matson,United States,Ocean transport
MAX,"MediaAlpha, Inc. Class A Common Stock",United States,Broad US equity universe
MAYS,"J. W. Mays, Inc. - Common Stock",United States,Broad US equity universe
MAZE,"Maze Therapeutics, Inc. - Common Stock",United States,Broad US equity universe
MB,MasterBeef Group - Ordinary Shares,United States,Broad US equity universe
MBAI,Check-Cap Ltd. - Ordinary Share,United States,Broad US equity universe
MBBC,"Marathon Bancorp, Inc. - Common Stock",United States,Broad US equity universe
MBC,"MasterBrand, Inc. Common Stock",United States,Broad US equity universe
MBGL,Mobility Global Inc. Common Stock,United States,Broad US equity universe
MBI,MBIA Inc. Common Stock,United States,Broad US equity universe
MBIN,Merchants Bancorp - Common Stock,United States,Broad US equity universe
MBIO,"Mustang Bio, Inc. - Common Stock",United States,Broad US equity universe
MBLY,Mobileye Global Inc. - Class A Common Stock,United States,Broad US equity universe
MBOT,Microbot Medical Inc.  - Common Stock,United States,Broad US equity universe
MBRX,"Moleculin Biotech, Inc. - Common Stock",United States,Broad US equity universe
MBUU,"Malibu Boats, Inc. - Common Stock",United States,Broad US equity universe
MBVI,M3-Brigade Acquisition VI Corp. - Class A Ordinary Shares,United States,Broad US equity universe
MBWM,Mercantile Bank Corporation - Common Stock,United States,Broad US equity universe
MBX,"MBX Biosciences, Inc. - Common Stock",United States,Broad US equity universe
MC,Moelis & Company Class A Common Stock,United States,Broad US equity universe
MCAH,Mountain Crest Acquisition 6 Corp. - Ordinary Shares,United States,Broad US equity universe
MCB,Metropolitan Bank Holding Corp. Common Stock,United States,Broad US equity universe
MCBS,"MetroCity Bankshares, Inc. - Common Stock",United States,Broad US equity universe
MCD,McDonald's Corporation Common Stock,United States,Broad US equity universe
MCFT,"MasterCraft Boat Holdings, Inc. - Common Stock",United States,Broad US equity universe
MCGA,Yorkville Acquisition Corp. - Class A Ordinary Share,United States,Broad US equity universe
MCHB,Mechanics Bancorp - Class A Common Stock,United States,Broad US equity universe
MCHP,Microchip Technology Incorporated - Common Stock,United States,Broad US equity universe
MCHX,"Marchex, Inc. - Class B Common Stock",United States,Broad US equity universe
MCI,Barings Corporate Investors Common Stock,United States,Broad US equity universe
MCK,McKesson Corporation Common Stock,United States,Broad US equity universe
MCN,XAI Madison Equity Premium Income Fund Common Shares,United States,Broad US equity universe
MCO,Moody's Corporation Common Stock,United States,Broad US equity universe
MCRB,"Seres Therapeutics, Inc. - Common Stock",United States,Broad US equity universe
MCRI,"Monarch Casino & Resort, Inc. - Common Stock",United States,Broad US equity universe
MCRP,Micropolis AI Robotics Ordinary Shares,United States,Broad US equity universe
MCS,Marcus Corporation (The) Common Stock,United States,Broad US equity universe
MCTA,Charming Medical Limited - Class A Ordinary Shares,United States,Broad US equity universe
MCY,Mercury General Corporation Common Stock,United States,Broad US equity universe
MD,"Pediatrix Medical Group, Inc. Common Stock",United States,Broad US equity universe
MDA,MDA Space Ltd. Common Shares,United States,Broad US equity universe
MDAI,"Spectral AI, Inc. - Class A Common Stock",United States,Broad US equity universe
MDB,"MongoDB, Inc. - Class A Common Stock",United States,Broad US equity universe
MDBH,"MDB Capital Holdings, LLC - Class A common ",United States,Broad US equity universe
MDCX,Medicus Pharma Ltd. - Common Stock,United States,Broad US equity universe
MDGL,"Madrigal Pharmaceuticals, Inc. - Common Stock",United States,Broad US equity universe
MDIA,Mediaco Holding Inc. - Class A Common Stock,United States,Broad US equity universe
MDLN,Medline Inc. - Class A common stock,United States,Broad US equity universe
MDLZ,"Mondelez International, Inc. - Class A Common Stock",United States,Broad US equity universe
MDRR,"Medalist Diversified, Inc. - Common Stock",United States,Broad US equity universe
MDT,Medtronic plc. Ordinary Shares,United States,Broad US equity universe
MDU,"MDU Resources Group, Inc. Common Stock (Holding Company)",United States,Broad US equity universe
MDWD,MediWound Ltd. - Ordinary Shares,United States,Broad US equity universe
MDXG,"MiMedx Group, Inc - Common Stock",United States,Broad US equity universe
MDXH,MDxHealth SA - Ordinary Shares,United States,Broad US equity universe
MEC,"Mayville Engineering Company, Inc. Common Stock",United States,Broad US equity universe
MED,MEDIFAST INC Common Stock,United States,Broad US equity universe
MEDP,"Medpace Holdings, Inc. - Common Stock",United States,Broad US equity universe
MEDS,"DataMeds AI, Inc. - Common Stock",United States,Broad US equity universe
MEGI,NYLI CBRE Global Infrastructure Megatrends Term Fund Common Shares,United States,Broad US equity universe
MEGL,Magic Empire Global Limited - Class A Ordinary Shares,United States,Broad US equity universe
MEI,"Methode Electronics, Inc. Common Stock",United States,Broad US equity universe
MEL.NZ,Meridian Energy,New Zealand,Hydroelectric utility
MELI,"MercadoLibre, Inc. - Common Stock",United States,Broad US equity universe
MENS,Jyong Biotech Ltd. - Ordinary shares,United States,Broad US equity universe
MEOH,Methanex Corporation - Common Stock,United States,Broad US equity universe
MERC,Mercer International Inc. - Common Stock,United States,Broad US equity universe
MESH,Meshflow Acquisition Corp. - Class A Ordinary Shares,United States,Broad US equity universe
MET,"MetLife, Inc. Common Stock",United States,Broad US equity universe
META,"Meta Platforms, Inc. - Class A Common Stock",United States,Broad US equity universe
METC,"Ramaco Resources, Inc. - Class A Common Stock",United States,Broad US equity universe
METCB,"Ramaco Resources, Inc. - Class B Common Stock",United States,Broad US equity universe
MEVO,M Evo Global Acquisition Corp II - Class A Ordinary Shares,United States,Broad US equity universe
MF,MindForge Inc. - Class A Ordinary Shares,United States,Broad US equity universe
MFA,"MFA Financial, Inc.",United States,Broad US equity universe
MFC,Manulife Financial Corporation Common Stock,United States,Broad US equity universe
MFG,"Mizuho Financial Group, Inc. Sponosred ADR (Japan)",United States,Broad US equity universe
MFI,mF International Limited - Class A Ordinary Shares,United States,Broad US equity universe
MFIC,MidCap Financial Investment Corporation - Closed End Fund,United States,Broad US equity universe
MFIN,Medallion Financial Corp. - Common Stock,United States,Broad US equity universe
MFM,Aberdeen Municipal Income Fund Common Shares of Beneficial Interest,United States,Broad US equity universe
MFP,"Midera Food Processing, Inc. - Common Stock",United States,Broad US equity universe
MG,Mistras Group Inc Common Stock,United States,Broad US equity universe
MGA,"Magna International, Inc. Common Stock",United States,Broad US equity universe
MGEE,MGE Energy Inc. - Common Stock,United States,Broad US equity universe
MGF,Aberdeen Government Markets Income Fund Common Shares of Beneficial Interest,United States,Broad US equity universe
MGIH,Millennium Group International Holdings Limited - Ordinary Shares,United States,Broad US equity universe
MGLD,"The Marygold Companies, Inc. Common Stock",United States,Broad US equity universe
MGM,MGM Resorts International Common Stock,United States,Broad US equity universe
MGN,Megan Holdings Limited - Class A Ordinary Shares,United States,Broad US equity universe
MGNI,"Magnite, Inc. - Common Stock",United States,Broad US equity universe
MGNX,"MacroGenics, Inc. - Common Stock",United States,Broad US equity universe
MGPI,"MGP Ingredients, Inc. - Common Stock",United States,Broad US equity universe
MGRC,McGrath RentCorp - Common Stock,United States,Broad US equity universe
MGRT,Mega Fortune Company Limited - Ordinary Shares,United States,Broad US equity universe
MGRX,"Mangoceuticals, Inc. - Common Stock",United States,Broad US equity universe
MGTX,MeiraGTx Holdings plc - Ordinary Shares,United States,Broad US equity universe
MGX,"Metagenomi Therapeutics, Inc. - Common Stock",United States,Broad US equity universe
MGY,Magnolia Oil & Gas Corporation Class A Common Stock,United States,Broad US equity universe
MGYR,"Magyar Bancorp, Inc. - Common Stock",United States,Broad US equity universe
MH,"McGraw Hill, Inc. Common Stock",United States,Broad US equity universe
MHD,"Blackrock MuniHoldings Fund, Inc. Common Stock",United States,Broad US equity universe
MHF,"Western Asset Municipal High Income Fund, Inc. Common Stock",United States,Broad US equity universe
MHH,"Mastech Digital, Inc Common Stock",United States,Broad US equity universe
MHK,"Mohawk Industries, Inc. Common Stock",United States,Broad US equity universe
MHO,"M/I Homes, Inc. Common Stock",United States,Broad US equity universe
MI,NFT Limited Class A Ordinary Share,United States,Broad US equity universe
MIAX,"Miami International Holdings, Inc. Common Stock",United States,Broad US equity universe
MICC,The Magnum Ice Cream Company N.V. Ordinary Shares,United States,Broad US equity universe
MIDD,The Middleby Corporation - Common Stock,United States,Broad US equity universe
MIMI,Mint Incorporation Limited - Class A Ordinary Shares,United States,Broad US equity universe
MIN,Aberdeen Intermediate Income Fund Common Shares of Beneficial Interest,United States,Broad US equity universe
MIND,"MIND Technology, Inc. - Common Stock",United States,Broad US equity universe
MINE,Mayfair Gold Corp. Common Shares,United States,Broad US equity universe
MIR,"Mirion Technologies, Inc. Class A Common Stock",United States,Broad US equity universe
MIRA,"MIRA Pharmaceuticals, Inc. - Common Stock",United States,Broad US equity universe
MIRM,"Mirum Pharmaceuticals, Inc. - common stock",United States,Broad US equity universe
MIST,Milestone Pharmaceuticals Inc. - Common Shares,United States,Broad US equity universe
MITK,"Mitek Systems, Inc. - Common Stock",United States,Broad US equity universe
MITQ,"Moving iMage Technologies, Inc. Common Stock",United States,Broad US equity universe
MITT,"TPG Mortgage Investment Trust, Inc. Common Stock",United States,Broad US equity universe
MIY,"Blackrock MuniYield Michigan Quality Fund, Inc. Common Stock",United States,Broad US equity universe
MKC,"McCormick & Company, Incorporated Common Stock",United States,Broad US equity universe
MKC-V,"McCormick & Company, Incorporated Common Stock",United States,Broad US equity universe
MKDW,MKDWELL Tech Inc. - Ordinary Shares,United States,Broad US equity universe
MKL,Markel Group Inc. Common Stock,United States,Broad US equity universe
MKLY,McKinley Acquisition Corporation - Class A Ordinary Shares,United States,Broad US equity universe
MKSI,MKS Inc. - Common Stock,United States,Broad US equity universe
MKTW,"MarketWise, Inc. - Class A Common Stock",United States,Broad US equity universe
MKTX,"MarketAxess Holdings, Inc. - Common Stock",United States,Broad US equity universe
MKZR,"MacKenzie Realty Capital, Inc. - Common Stock",United States,Broad US equity universe
MLAA,Mountain Lake Acquisition Corp. II - Class A Ordinary Shares,United States,Broad US equity universe
MLAB,"Mesa Laboratories, Inc. - Common Stock",United States,Broad US equity universe
MLCI,Mount Logan Capital Inc. - Common Stock,United States,Broad US equity universe
MLEC,Moolec Science SA - Ordinary Shares,United States,Broad US equity universe
MLGO,"MicroAlgo, Inc. - Ordinary Shares",United States,Broad US equity universe
MLI,"Mueller Industries, Inc. Common Stock",United States,Broad US equity universe
MLKN,"MillerKnoll, Inc. - Common Stock",United States,Broad US equity universe
MLM,"Martin Marietta Materials, Inc. Common Stock",United States,Broad US equity universe
MLP,"Maui Land & Pineapple Company, Inc. Common Stock",United States,Broad US equity universe
MLPB,"ETRACS Alerian MLP Infrastructure Index ETN Series B due April 2, 2040",United States,Broad US equity universe
MLR,"Miller Industries, Inc. Common Stock",United States,Broad US equity universe
MLSS,"Milestone Scientific, Inc. Common Stock",United States,Broad US equity universe
MLTX,MoonLake Immunotherapeutics - Class A Ordinary Shares,United States,Broad US equity universe
MLYS,"Mineralys Therapeutics, Inc. - Common Stock",United States,Broad US equity universe
MMA,Mixed Martial Arts Group Limited Ordinary Shares,United States,Broad US equity universe
MMD,NYLI MacKay DefinedTerm Muni Opportunities Fund Common Shares,United States,Broad US equity universe
MMED,"MiniMed Group, Inc. - Common Stock",United States,Broad US equity universe
MMI,"Marcus & Millichap, Inc. Common Stock",United States,Broad US equity universe
MMM,3M Company Common Stock,United States,Broad US equity universe
MMS,"Maximus, Inc. Common Stock",United States,Broad US equity universe
MMSI,"Merit Medical Systems, Inc. - Common Stock",United States,Broad US equity universe
MMT,Aberdeen Multi-Market Income Fund Common Shares of Beneficial Interest,United States,Broad US equity universe
MMTX,Miluna Acquisition Corp - Class A Ordinary Shares,United States,Broad US equity universe
MMU,"Western Asset Managed Municipals Fund, Inc. Common Stock",United States,Broad US equity universe
MMYT,MakeMyTrip Limited - Ordinary Shares,United States,Broad US equity universe
MNDO,MIND C.T.I. Ltd. - Ordinary Shares,United States,Broad US equity universe
MNDR,Mobile-health Network Solutions - Class A Ordinary Shares,United States,Broad US equity universe
MNDY,monday.com Ltd. - Ordinary Shares,United States,Broad US equity universe
MNKD,MannKind Corporation - Common Stock,United States,Broad US equity universe
MNOV,"MediciNova, Inc. - Common Stock",United States,Broad US equity universe
MNPR,Monopar Therapeutics Inc. - Common Stock,United States,Broad US equity universe
MNRO,"Monro, Inc.  - Common Stock",United States,Broad US equity universe
MNSB,"MainStreet Bancshares, Inc. - Common Stock",United States,Broad US equity universe
MNST,Monster Beverage Corporation - Common Stock,United States,Broad US equity universe
MNTK,"Montauk Renewables, Inc. - Common Stock",United States,Broad US equity universe
MNTN,"MNTN, Inc. Class A Common Stock",United States,Broad US equity universe
MNTS,Momentus Inc. - Class A Common Stock,United States,Broad US equity universe
MNY,MoneyHero Limited - Class A Ordinary Shares,United States,Broad US equity universe
MO,"Altria Group, Inc.",United States,Broad US equity universe
MOB,Mobilicom Limited - Ordinary Shares,United States,Broad US equity universe
MOBI,"Mobia Medical, Inc. - Common Stock",United States,Broad US equity universe
MOBX,"Mobix Labs, Inc. - Class A Common Stock",United States,Broad US equity universe
MOD,Modine Manufacturing Company Common Stock,United States,Broad US equity universe
MODD,"Modular Medical, Inc. - common stock",United States,Broad US equity universe
MOG-A,Moog Inc. Class A Common Stock,United States,Broad US equity universe
MOG-B,Moog Inc. Class B Common Stock,United States,Broad US equity universe
MOH,Molina Healthcare Inc Common Stock,United States,Broad US equity universe
MORN,"Morningstar, Inc. - Common Stock",United States,Broad US equity universe
MOS,Mosaic,United States,Fertilizer
MOV,Movado Group Inc. Common Stock,United States,Broad US equity universe
MOVE,"Corvex, Inc. - Common Stock",United States,Broad US equity universe
MP,MP Materials Corp. Common Stock,United States,Broad US equity universe
MPA,Blackrock MuniYield Pennsylvania Quality Fund Common Stock,United States,Broad US equity universe
MPAA,"Motorcar Parts of America, Inc. - Common Stock",United States,Broad US equity universe
MPB,Mid Penn Bancorp - Common Stock,United States,Broad US equity universe
MPC,Marathon Petroleum Corporation Common Stock,United States,Broad US equity universe
MPLT,"MapLight Therapeutics, Inc. - Common Stock",United States,Broad US equity universe
MPT,"Medical Properties Trust, Inc. common stock",United States,Broad US equity universe
MPTI,"M-tron Industries, Inc. Common Stock",United States,Broad US equity universe
MPU,Mega Matrix Inc. Class A Ordinary Shares,United States,Broad US equity universe
MPV,Barings Participation Investors Common Stock,United States,Broad US equity universe
MPWR,"Monolithic Power Systems, Inc. - Common Stock",United States,Broad US equity universe
MQ,"Marqeta, Inc. - Class A Common Stock",United States,Broad US equity universe
MQY,"Blackrock MuniYield Quality Fund, Inc. Common Stock",United States,Broad US equity universe
MRAM,"Everspin Technologies, Inc. - Common Stock",United States,Broad US equity universe
MRBK,Meridian Corporation - Common Stock,United States,Broad US equity universe
MRCY,Mercury Systems Inc - Common Stock,United States,Broad US equity universe
MRDN,Meridian Holdings Inc. - Common Stock,United States,Broad US equity universe
MRK,"Merck & Company, Inc. Common Stock (new)",United States,Broad US equity universe
MRKR,"Marker Therapeutics, Inc. - Common Stock",United States,Broad US equity universe
MRLN,"Merlin, Inc. - Common Stock",United States,Broad US equity universe
MRM,MEDIROM Healthcare Technologies Inc. - American Depositary Share,United States,Broad US equity universe
MRNA,"Moderna, Inc. - Common Stock",United States,Broad US equity universe
MRNO,Murano Global Investments PLC - Ordinary Shares,United States,Broad US equity universe
MRP,"Millrose Properties, Inc. Class A Common Stock",United States,Broad US equity universe
MRSH,Marsh Common Stock,United States,Broad US equity universe
MRT,"Marti Technologies, Inc. Class A Ordinary Shares",United States,Broad US equity universe
MRTN,"Marten Transport, Ltd. - Common Stock",United States,Broad US equity universe
MRVI,"Maravai LifeSciences Holdings, Inc. - Class A common stock",United States,Broad US equity universe
MRVL,"Marvell Technology, Inc. - Common Stock",United States,Broad US equity universe
MRX,Marex Group Limited - Ordinary Shares,United States,Broad US equity universe
MS,Morgan Stanley Common Stock,United States,Broad US equity universe
MSA,MSA Safety Incorporated Common Stock,United States,Broad US equity universe
MSAI,"MultiSensor AI Holdings, Inc. - Common Stock",United States,Broad US equity universe
MSB,Mesabi Trust Common Stock,United States,Broad US equity universe
MSBI,"Midland States Bancorp, Inc. - Common Stock",United States,Broad US equity universe
MSCI,MSCI Inc. Common Stock,United States,Broad US equity universe
MSD,"Morgan Stanley Emerging Markets Debt Fund, Inc. Common Stock",United States,Broad US equity universe
MSDL,Morgan Stanley Direct Lending Fund Common Stock,United States,Broad US equity universe
MSEX,Middlesex Water Company - Common Stock,United States,Broad US equity universe
MSFT,Microsoft Corporation - Common Stock,United States,Broad US equity universe
MSGE,Madison Square Garden Entertainment Corp. Class A Common Stock,United States,Broad US equity universe
MSGM,Motorsport Games Inc. - Class A Common Stock,United States,Broad US equity universe
MSGS,Madison Square Garden Sports Corp. Class A Common Stock (New),United States,Broad US equity universe
MSGY,Masonglory Limited - Class A Ordinary Shares,United States,Broad US equity universe
MSI,"Motorola Solutions, Inc. Common Stock",United States,Broad US equity universe
MSIF,"MSC Income Fund, Inc. Common Stock",United States,Broad US equity universe
MSLE,Satellos Bioscience Inc. - Common Stock,United States,Broad US equity universe
MSM,"MSC Industrial Direct Company, Inc. Common Stock",United States,Broad US equity universe
MSN,Emerson Radio Corporation Common Stock,United States,Broad US equity universe
MSS,Maison Solutions Inc. - Class A Common Stock,United States,Broad US equity universe
MSTR,Strategy Inc - Class A Common Stock,United States,Broad US equity universe
MT,Arcelor Mittal NY Registry Shares NEW,United States,Broad US equity universe
MTA,Metalla Royalty & Streaming Ltd. Common Shares,United States,Broad US equity universe
MTAL,Metals Acquisition Corp. II Class A Ordinary Shares,United States,Broad US equity universe
MTB,M&T Bank Corporation Common Stock,United States,Broad US equity universe
MTC,"MMTec, Inc. - Common Shares",United States,Broad US equity universe
MTCH,"Match Group, Inc. - Common Stock",United States,Broad US equity universe
MTD,"Mettler-Toledo International, Inc. Common Stock",United States,Broad US equity universe
MTDR,Matador Resources Company Common Stock,United States,Broad US equity universe
MTEK,Maris-Tech Ltd. - ordinary shares,United States,Broad US equity universe
MTEN,Mingteng International Corporation Inc. - Class A Ordinary Shares,United States,Broad US equity universe
MTEX,"Mannatech, Incorporated - Common Stock",United States,Broad US equity universe
MTG,MGIC Investment Corporation Common Stock,United States,Broad US equity universe
MTH,Meritage Homes Corporation Common Stock,United States,Broad US equity universe
MTN,"Vail Resorts, Inc. Common Stock",United States,Broad US equity universe
MTNB,"Matinas Biopharma Holdings, Inc. Common Stock",United States,Broad US equity universe
MTNE,CH4 Natural Solutions Corporation Class A Ordinary Shares,United States,Broad US equity universe
MTR,Mesa Royalty Trust Common Stock,United States,Broad US equity universe
MTRN,Materion Corporation,United States,Broad US equity universe
MTRX,Matrix Service Company - Common Stock,United States,Broad US equity universe
MTSI,"MACOM Technology Solutions Holdings, Inc. - Common Stock",United States,Broad US equity universe
MTUS,Metallus Inc. Common Shares,United States,Broad US equity universe
MTVA,MetaVia Inc.  - Common Stock,United States,Broad US equity universe
MTW,"Manitowoc Company, Inc. (The) Common Stock",United States,Broad US equity universe
MTX,Minerals Technologies Inc. Common Stock,United States,Broad US equity universe
MTZ,"MasTec, Inc. Common Stock",United States,Broad US equity universe
MU,"Micron Technology, Inc. - Common Stock",United States,Broad US equity universe
MUA,"Blackrock MuniAssets Fund, Inc Common Stock",United States,Broad US equity universe
MUC,"Blackrock MuniHoldings California Quality Fund, Inc.  Common Stock",United States,Broad US equity universe
MUFG,"Mitsubishi UFJ Financial Group, Inc. Common Stock",United States,Broad US equity universe
MUJ,"Blackrock MuniHoldings New Jersey Quality Fund, Inc. Common Stock",United States,Broad US equity universe
MUR,Murphy Oil Corporation Common Stock,United States,Broad US equity universe
MUSA,Murphy USA Inc. Common Stock,United States,Broad US equity universe
MUV2.DE,Munich Re,Germany,Reinsurance
MUX,McEwen Inc. Common Stock,United States,Broad US equity universe
MUZE,Muzero Acquisition Corp - Class A Ordinary Shares,United States,Broad US equity universe
MVBF,MVB Financial Corp. - Common Stock,United States,Broad US equity universe
MVIS,"MicroVision, Inc. - Common Stock",United States,Broad US equity universe
MVST,"Microvast Holdings, Inc. - Common Stock",United States,Broad US equity universe
MWA,MUELLER WATER PRODUCTS Common Stock,United States,Broad US equity universe
MWG,Multi Ways Holdings Limited Class A Ordinary Shares,United States,Broad US equity universe
MWH,"SOLV Energy, Inc. - Class A common stock",United States,Broad US equity universe
MWYN,"Marwynn Holdings, Inc. - Common stock",United States,Broad US equity universe
MX,Magnachip Semiconductor Corporation Common Stock,United States,Broad US equity universe
MXC,Mexco Energy Corporation Common Stock,United States,Broad US equity universe
MXCT,"MaxCyte, Inc. - Common Stock",United States,Broad US equity universe
MXE,"Mexico Equity and Income Fund, Inc. (The) Common Stock",United States,Broad US equity universe
MXF,"Mexico Fund, Inc. (The) Common Stock",United States,Broad US equity universe
MXL,"MaxLinear, Inc - Common Stock",United States,Broad US equity universe
MYE,"Myers Industries, Inc. Common Stock",United States,Broad US equity universe
MYFW,"First Western Financial, Inc. - Common Stock",United States,Broad US equity universe
MYGN,"Myriad Genetics, Inc. - Common Stock",United States,Broad US equity universe
MYI,"Blackrock MuniYield Quality Fund III, Inc Common Stock",United States,Broad US equity universe
MYN,"Blackrock MuniYield New York Quality Fund, Inc.Common Stock",United States,Broad US equity universe
MYO,Myomo Inc. Common Stock,United States,Broad US equity universe
MYPS,"PLAYSTUDIOS, Inc.  - Class A Common Stock",United States,Broad US equity universe
MYRG,"MYR Group, Inc. - Common Stock",United States,Broad US equity universe
MYSE,"Myseum.AI, Inc. - Common Stock",United States,Broad US equity universe
MYSZ,"My Size, Inc. - Common Stock",United States,Broad US equity universe
MYX,Maywood Acquisition Corp. 2 - Class A Ordinary Share,United States,Broad US equity universe
MZTI,The Marzetti Company - Common Stock,United States,Broad US equity universe
MZYX,MOZAYYX Acquisition Corp. Class A Ordinary Shares,United States,Broad US equity universe
NABL,"N-able, Inc. Common Stock",United States,Broad US equity universe
NAC,Nuveen California Quality Municipal Income Fund,United States,Broad US equity universe
NAD,Nuveen Quality Municipal Income Fund Common Stock,United States,Broad US equity universe
NAGE,"Niagen Bioscience, Inc. - Common Stock",United States,Broad US equity universe
NAII,"Natural Alternatives International, Inc. - Common Stock",United States,Broad US equity universe
NAK,"Northern Dynasty Minerals, Ltd. Common Stock",United States,Broad US equity universe
NAKA,Nakamoto Inc. - Common Stock,United States,Broad US equity universe
NAMM,Namib Minerals - Ordinary Shares,United States,Broad US equity universe
NAMS,NewAmsterdam Pharma Company N.V. - Ordinary Shares,United States,Broad US equity universe
NAN,Nuveen New York Quality Municipal Income Fund Common Stock,United States,Broad US equity universe
NAT,Nordic American Tankers Limited Common Stock,United States,Broad US equity universe
NATH,"Nathan's Famous, Inc. - Common Stock",United States,Broad US equity universe
NATL,NCR Atleos Corporation Common Stock,United States,Broad US equity universe
NATR,"Nature's Sunshine Products, Inc. - Common Stock",United States,Broad US equity universe
NAUT,"Nautilus Biotechnology, Inc. - Common Stock",United States,Broad US equity universe
NAVI,Navient Corporation - Common Stock,United States,Broad US equity universe
NAVN,"Navan, Inc. - Class A Common Stock",United States,Broad US equity universe
NAZ,Nuveen Arizona Quality Municipal Income Fund Common Stock,United States,Broad US equity universe
NB,NioCorp Developments Ltd. - Common Stock,United States,Broad US equity universe
NBB,Nuveen Taxable Municipal Income Fund Common Shares of Beneficial Interest,United States,Broad US equity universe
NBBK,"NB Bancorp, Inc. - Common Stock",United States,Broad US equity universe
NBH,Neuberger Municipal Fund Inc. Common Stock,United States,Broad US equity universe
NBHC,National Bank Holdings Corporation Common Stock,United States,Broad US equity universe
NBIS,Nebius Group N.V. - Class A Ordinary Shares,United States,Broad US equity universe
NBIX,"Neurocrine Biosciences, Inc. - Common Stock",United States,Broad US equity universe
NBN,Northeast Bank - Common Stock,United States,Broad US equity universe
NBR,Nabors Industries Ltd.,United States,Broad US equity universe
NBRG,Newbridge Acquisition Limited - Class A Ordinary Share,United States,Broad US equity universe
NBTB,NBT Bancorp Inc. - Common Stock,United States,Broad US equity universe
NBTX,Nanobiotix S.A. - ADSs,United States,Broad US equity universe
NBXG,Neuberger Next Generation Connectivity Fund Inc. Common Stock,United States,Broad US equity universe
NC,"NACCO Industries, Inc. Common Stock",United States,Broad US equity universe
NCA,Nuveen California Municipal Value Fund,United States,Broad US equity universe
NCDL,Nuveen Churchill Direct Lending Corp. Common Stock,United States,Broad US equity universe
NCEL,NewcelX Ltd. - Ordinary Shares,United States,Broad US equity universe
NCEW,New Century Logistics (BVI) Limited - Ordinary Shares,United States,Broad US equity universe
NCI,Neo-Concept International Group Holdings Limited - Class A Ordinary Shares,United States,Broad US equity universe
NCL,Northann Corp. Common Stock,United States,Broad US equity universe
NCLH,Norwegian Cruise Line Holdings Ltd. Ordinary Shares,United States,Broad US equity universe
NCMI,"National CineMedia, Inc. - Common Stock",United States,Broad US equity universe
NCNO,"nCino, Inc. - Common Stock",United States,Broad US equity universe
NCO,Southern Cross Acquisition I Corp. - Ordinary Shares,United States,Broad US equity universe
NCPL,Netcapital Inc. - Common Stock,United States,Broad US equity universe
NCRA,"Nocera, Inc. - common stock",United States,Broad US equity universe
NCSM,"NCS Multistage Holdings, Inc. - Common Stock",United States,Broad US equity universe
NCT,Intercont (Cayman) Limited - Class A Ordinary shares,United States,Broad US equity universe
NCTY,The9 Limited - American Depository Shares,United States,Broad US equity universe
NCV,Virtus Convertible & Income Fund Common Shares of Beneficial Interest,United States,Broad US equity universe
NCZ,Virtus Convertible & Income Fund II Common Shares of Beneficial Interest,United States,Broad US equity universe
NDAQ,"Nasdaq, Inc. - Common Stock",United States,Broad US equity universe
NDLS,Noodles & Company - Class A Common Stock,United States,Broad US equity universe
NDMO,Nuveen Dynamic Municipal Opportunities Fund Common Shares of Beneficial Interest,United States,Broad US equity universe
NDRA,ENDRA Life Sciences Inc. - Common Stock,United States,Broad US equity universe
NDSN,Nordson Corporation - Common Stock,United States,Broad US equity universe
NE,Noble Corporation plc A Ordinary Shares,United States,Broad US equity universe
NEA,Nuveen AMT-Free Quality Municipal Income Fund Common Shares of Beneficial Interest Par Value $.01,United States,Broad US equity universe
NECB,"NorthEast Community Bancorp, Inc. - Common Stock",United States,Broad US equity universe
NEE,"NextEra Energy, Inc. Common Stock",United States,Broad US equity universe
NEGG,"Newegg Commerce, Inc. - Common Shares",United States,Broad US equity universe
NEM,Newmont Corporation,United States,Broad US equity universe
NEO,"NeoGenomics, Inc. - Common Stock",United States,Broad US equity universe
NEOG,Neogen Corporation - Common Stock,United States,Broad US equity universe
NEON,Neonode Inc. - Common Stock,United States,Broad US equity universe
NEOV,NeoVolta Inc. - Common Stock,United States,Broad US equity universe
NEPH,"Nephros, Inc. - Common Stock",United States,Broad US equity universe
NERV,"Minerva Neurosciences, Inc - Common Stock",United States,Broad US equity universe
NESR,National Energy Services Reunited Corp - Ordinary Shares,United States,Broad US equity universe
NET,"Cloudflare, Inc. Class A Common Stock",United States,Broad US equity universe
NEU,NewMarket Corp Common Stock,United States,Broad US equity universe
NEUP,Neuphoria Therapeutics Inc. - Common Stock,United States,Broad US equity universe
NEWP,New Pacific Metals Corp. Common Shares,United States,Broad US equity universe
NEWT,"NewtekOne, Inc. - Common Stock",United States,Broad US equity universe
NEXA,Nexa Resources S.A. Common Shares,United States,Broad US equity universe
NEXM,NexMetals Mining Corp. - Common Stock,United States,Broad US equity universe
NEXN,Nexxen International Ltd. - Ordinary Shares,United States,Broad US equity universe
NEXR,Nexera Technologies Ltd - Ordinary Shares,United States,Broad US equity universe
NEXT,NextDecade Corporation - Common Stock,United States,Broad US equity universe
NFE,New Fortress Energy Inc. - Class A Common Stock,United States,Broad US equity universe
NFG,National Fuel Gas Company Common Stock,United States,Broad US equity universe
NFGC,New Found Gold Corp Common Shares,United States,Broad US equity universe
NFJ,"Virtus Dividend, Interest & Premium Strategy Fund Common Shares of Beneficial Interest",United States,Broad US equity universe
NFLX,"Netflix, Inc. - Common Stock",United States,Broad US equity universe
NG,Novagold Resources Inc.,United States,Broad US equity universe
NGEN,NervGen Pharma Corp. - Common stock,United States,Broad US equity universe
NGNE,Neurogene Inc. - Common Stock,United States,Broad US equity universe
NGS,"Natural Gas Services Group, Inc. Common Stock",United States,Broad US equity universe
NGVC,"Natural Grocers by Vitamin Cottage, Inc. Common Stock",United States,Broad US equity universe
NGVT,Ingevity Corporation Common Stock ,United States,Broad US equity universe
NHC,National HealthCare Corporation Common Stock,United States,Broad US equity universe
NHI,"National Health Investors, Inc. Common Stock",United States,Broad US equity universe
NHIC,NewHold Investment Corp III - Class A Ordinary shares,United States,Broad US equity universe
NHIV,NewHold Investment Corp IV - Class A Ordinary Shares,United States,Broad US equity universe
NHP,"National Healthcare Properties, Inc. - Class A Common Stock",United States,Broad US equity universe
NHS,Neuberger High Yield Strategies Fund Inc. Common Stock,United States,Broad US equity universe
NHTC,Natural Health Trends Corp. - Common Stock,United States,Broad US equity universe
NI,NiSource Inc Common Stock,United States,Broad US equity universe
NIC,Nicolet Bankshares Inc. Common Stock,United States,Broad US equity universe
NIE,Virtus Equity & Convertible Income Fund Common Shares of Beneficial Interest,United States,Broad US equity universe
NIKI,"Niki BioSolutions, Inc. - Common Stock",United States,Broad US equity universe
NIM,Nuveen Select Maturities Municipal Fund Common Stock,United States,Broad US equity universe
NINE,"Nine Energy Service, Inc. Common Stock",United States,Broad US equity universe
NIQ,NIQ Global Intelligence plc Ordinary Shares,United States,Broad US equity universe
NIVF,NewGenIvf Group Limited - Class A Ordinary Shares,United States,Broad US equity universe
NIXX,"Nixxy, Inc. - Common Stock",United States,Broad US equity universe
NJR,NewJersey Resources Corporation Common Stock,United States,Broad US equity universe
NKE,"Nike, Inc. Common Stock",United States,Broad US equity universe
NKLR,Terra Innovatum Global N.V. - Ordinary shares,United States,Broad US equity universe
NKSH,"National Bankshares, Inc. - Common Stock",United States,Broad US equity universe
NKTR,Nektar Therapeutics - Common Stock,United States,Broad US equity universe
NKTX,"Nkarta, Inc. - Common Stock",United States,Broad US equity universe
NKX,Nuveen California AMT-Free Quality Municipal Income Fund,United States,Broad US equity universe
NL,"NLI Holdings, Inc. Common Stock",United States,Broad US equity universe
NLOP,Net Lease Office Properties Common Shares of Beneficial Interest,United States,Broad US equity universe
NLY,Annaly Capital Management Inc. Common Stock,United States,Broad US equity universe
NMAD,"Nomad Power Solutions, Inc. - Common Stock",United States,Broad US equity universe
NMAI,Nuveen Multi-Asset Income Fund Common Shares of Beneficial Interest,United States,Broad US equity universe
NMAX,"Newsmax, Inc. Class B Common Stock",United States,Broad US equity universe
NMCO,Nuveen Municipal Credit Opportunities Fund Common Shares,United States,Broad US equity universe
NMFC,New Mountain Finance Corporation - Common Stock,United States,Broad US equity universe
NMG,Nouveau Monde Graphite Inc. Common Shares,United States,Broad US equity universe
NMI,"Nuveen Municipal Income Fund, Inc. Common Stock",United States,Broad US equity universe
NMIH,NMI Holdings Inc - Common Stock,United States,Broad US equity universe
NML,Neuberger Energy Infrastructure and Income Fund Inc. Common Stock,United States,Broad US equity universe
NMP,NMP Acquisition Corp. - Class A Ordinary Shares,United States,Broad US equity universe
NMRA,"Neumora Therapeutics, Inc. - Common Stock",United States,Broad US equity universe
NMRK,"Newmark Group, Inc. - Class A Common Stock",United States,Broad US equity universe
NMS,Nuveen Minnesota Quality Municipal Income Fund ,United States,Broad US equity universe
NMT,Nuveen Massachusetts Quality Municipal Income Fund Common Stock,United States,Broad US equity universe
NMTC,NeuroOne Medical Technologies Corporation - Common Stock,United States,Broad US equity universe
NMZ,"Nuveen Municipal High Income Opportunity Fund Common Stock, $0.01 par value, per share",United States,Broad US equity universe
NN,NextNav Inc. - Common stock,United States,Broad US equity universe
NNBR,"NN, Inc. - Common Stock",United States,Broad US equity universe
NNE,Nano Nuclear Energy Inc. - common stock,United States,Broad US equity universe
NNI,"Nelnet, Inc. Common Stock",United States,Broad US equity universe
NNN,"NNN REIT, Inc. Common Stock",United States,Broad US equity universe
NNNN,Anbio Biotechnology - Class A Ordinary Shares,United States,Broad US equity universe
NNOX,NANO-X IMAGING LTD - Ordinary Shares,United States,Broad US equity universe
NNVC,"NanoViricides, Inc. Common Stock",United States,Broad US equity universe
NNY,Nuveen New York Municipal Value Fund Common Stock,United States,Broad US equity universe
NOA,North American Construction Group Ltd. Common Shares (no par),United States,Broad US equity universe
NOC,Northrop Grumman Corporation Common Stock,United States,Broad US equity universe
NODK,"NI Holdings, Inc. - Common Stock",United States,Broad US equity universe
NOEM,CO2 Energy Transition Corp. - Common Stock,United States,Broad US equity universe
NOG,"Northern Oil and Gas, Inc. Common Stock",United States,Broad US equity universe
NOMA,NOMADAR Corp. - Class A Common Stock,United States,Broad US equity universe
NOMD,Nomad Foods Limited Ordinary Shares,United States,Broad US equity universe
NOV,NOV Inc. Common Stock,United States,Broad US equity universe
NOVT,Novanta Inc. - Common Shares,United States,Broad US equity universe
NOW,"ServiceNow, Inc. Common Stock",United States,Broad US equity universe
NP,Neptune Insurance Holdings Inc. Class A Common Stock,United States,Broad US equity universe
NPAC,New Providence Acquisition Corp. III - Ordinary Shares,United States,Broad US equity universe
NPB,"Northpointe Bancshares, Inc. Common Stock",United States,Broad US equity universe
NPCE,"Neuropace, Inc. - Common Stock",United States,Broad US equity universe
NPCT,Nuveen Core Plus Impact Fund Common Shares of Beneficial Interest,United States,Broad US equity universe
NPK,"National Presto Industries, Inc. Common Stock",United States,Broad US equity universe
NPKI,NPK International Inc. Common Stock,United States,Broad US equity universe
NPO,Enpro Inc. Common Stock,United States,Broad US equity universe
NPT,Texxon Holding Limited - Ordinary shares,United States,Broad US equity universe
NPV,Nuveen Virginia Quality Municipal Income Fund Common Stock,United States,Broad US equity universe
NPWR,NET Power Inc. Class A Common Stock,United States,Broad US equity universe
NRC,NRC Health - Common Stock,United States,Broad US equity universe
NRDS,"NerdWallet, Inc. - Class A Common Stock",United States,Broad US equity universe
NRDY,Nerdy Inc. Class A Common Stock,United States,Broad US equity universe
NREF,"NexPoint Real Estate Finance, Inc. Common Stock",United States,Broad US equity universe
NRG,"NRG Energy, Inc. Common Stock",United States,Broad US equity universe
NRGV,"Energy Vault Holdings, Inc. Common Stock",United States,Broad US equity universe
NRIM,Northrim BanCorp Inc - Common Stock,United States,Broad US equity universe
NRIX,"Nurix Therapeutics, Inc. - Common stock",United States,Broad US equity universe
NRK,Nuveen New York AMT-Free Quality Municipal Income Fund ,United States,Broad US equity universe
NRO,Neuberger Real Estate Securities Income Fund Inc. Common Stock,United States,Broad US equity universe
NRP,Natural Resource Partners LP Limited Partnership,United States,Broad US equity universe
NRSN,NeuroSense Therapeutics Ltd. - Ordinary Shares,United States,Broad US equity universe
NRT,North European Oil Royality Trust Common Stock,United States,Broad US equity universe
NRXP,"NRX Pharmaceuticals, Inc. - Common Stock",United States,Broad US equity universe
NRXS,"Neuraxis, Inc. Common Stock",United States,Broad US equity universe
NSC,Norfolk Southern Corporation Common Stock,United States,Broad US equity universe
NSIT,"Insight Enterprises, Inc. - Common Stock",United States,Broad US equity universe
NSLR,Neostellar Capital Corp. - Closed End Fund,United States,Broad US equity universe
NSP,"Insperity, Inc. Common Stock",United States,Broad US equity universe
NSPR,InspireMD Inc. - Common Stock,United States,Broad US equity universe
NSRX,Nasus Pharma Ltd. Ordinary Shares,United States,Broad US equity universe
NSSC,"NAPCO Security Technologies, Inc. - Common Stock",United States,Broad US equity universe
NSTS,"NSTS Bancorp, Inc. - Common Stock",United States,Broad US equity universe
NSYS,Nortech Systems Incorporated - Common Stock,United States,Broad US equity universe
NTAP,"NetApp, Inc. - Common Stock",United States,Broad US equity universe
NTB,Bank of N.T. Butterfield & Son Limited (The) Voting Ordinary Shares,United States,Broad US equity universe
NTCL,NETCLASS TECHNOLOGY INC - Class A Ordinary Shares,United States,Broad US equity universe
NTCT,"NetScout Systems, Inc. - Common Stock",United States,Broad US equity universe
NTGR,"NETGEAR, Inc. - Common Stock",United States,Broad US equity universe
NTHI,"NeOnc Technologies Holdings, Inc. - Common Stock",United States,Broad US equity universe
NTIC,Northern Technologies International Corporation - Common Stock,United States,Broad US equity universe
NTIP,"Network-1 Technologies, Inc. Common Stock",United States,Broad US equity universe
NTLA,"Intellia Therapeutics, Inc. - Common Stock",United States,Broad US equity universe
NTNX,"Nutanix, Inc. - Class A Common Stock",United States,Broad US equity universe
NTR,Nutrien,Canada,Fertilizer
NTRA,"Natera, Inc. - Common Stock",United States,Broad US equity universe
NTRB,Nutriband Inc. - Common Stock,United States,Broad US equity universe
NTRP,"NextTrip, Inc. - Common Stock",United States,Broad US equity universe
NTRS,Northern Trust Corporation - Common Stock,United States,Broad US equity universe
NTSK,"Netskope, Inc. - Class A Common Stock",United States,Broad US equity universe
NTST,NetSTREIT Corp. Common Stock,United States,Broad US equity universe
NTWK,NETSOL Technologies Inc. - Common Stock,United States,Broad US equity universe
NTWO,Newbury Street II Acquisition Corp - Class A Ordinary Shares,United States,Broad US equity universe
NTZ,"Natuzzi, S.p.A.",United States,Broad US equity universe
NU,Nu Holdings Ltd. Class A Ordinary Shares,United States,Broad US equity universe
NUAI,"New Era Energy & Digital, Inc. - Common Stock",United States,Broad US equity universe
NUCL,Eagle Nuclear Energy Corp. - Common stock,United States,Broad US equity universe
NUE,Nucor Corporation Common Stock,United States,Broad US equity universe
NUS,"Nu Skin Enterprises, Inc. Common Stock",United States,Broad US equity universe
NUTX,Nutex Health Inc. - Common Stock,United States,Broad US equity universe
NUV,"Nuveen Municipal Value Fund, Inc. Common Stock",United States,Broad US equity universe
NUVB,Nuvation Bio Inc. Class A Common Stock,United States,Broad US equity universe
NUW,Nuveen AMT-Free Municipal Value Fund,United States,Broad US equity universe
NUWE,"Nuwellis, Inc. - Common Stock",United States,Broad US equity universe
NVA,Nova Minerals Corp Common Stock,United States,Broad US equity universe
NVAX,"Novavax, Inc. - Common Stock",United States,Broad US equity universe
NVCR,NovoCure Limited - Ordinary Shares,United States,Broad US equity universe
NVCT,"Nuvectis Pharma, Inc. - Common Stock",United States,Broad US equity universe
NVDA,NVIDIA Corporation - Common Stock,United States,Broad US equity universe
NVEC,NVE Corporation - Common Stock,United States,Broad US equity universe
NVG,Nuveen AMT-Free Municipal Credit Income Fund ,United States,Broad US equity universe
NVGS,Navigator Holdings Ltd. Ordinary Shares (Marshall Islands),United States,Broad US equity universe
NVMI,Nova Ltd. - Ordinary Shares,United States,Broad US equity universe
NVNI,Nvni Group Limited - Ordinary Shares,United States,Broad US equity universe
NVNO,enVVeno Medical Corporation - Common Stock,United States,Broad US equity universe
NVO,Novo Nordisk A/S Common Stock,United States,Broad US equity universe
NVR,"NVR, Inc. Common Stock",United States,Broad US equity universe
NVRI,Enviri Corporation Common Stock,United States,Broad US equity universe
NVS,Novartis AG Common Stock,United States,Broad US equity universe
NVST,Envista Holdings Corporation Common Stock,United States,Broad US equity universe
NVT,nVent Electric plc Ordinary Shares ,United States,Broad US equity universe
NVTS,Navitas Semiconductor Corporation - Common Stock,United States,Broad US equity universe
NVX,NOVONIX Limited - American Depository Shares,United States,Broad US equity universe
NWAX,New America Acquisition I Corp. Class A Common Stock,United States,Broad US equity universe
NWBI,"Northwest Bancshares, Inc. - Common Stock",United States,Broad US equity universe
NWE,"NorthWestern Energy Group, Inc.  - Common Stock",United States,Broad US equity universe
NWFL,Norwood Financial Corp. - Common Stock,United States,Broad US equity universe
NWL,Newell Brands Inc. - Common Stock,United States,Broad US equity universe
NWN,Northwest Natural Holding Company Common Stock,United States,Broad US equity universe
NWPX,"NWPX Infrastructure, Inc. - Common Stock",United States,Broad US equity universe
NWS,News Corporation - Class B Common Stock,United States,Broad US equity universe
NWSA,News Corporation - Class A Common Stock,United States,Broad US equity universe
NWTG,"Newton Golf Company, Inc. - Common Stock",United States,Broad US equity universe
NX,Quanex Building Products Corporation Common Stock,United States,Broad US equity universe
NXB,NextBoat Inc. Common Stcok,United States,Broad US equity universe
NXDR,"Nextdoor Holdings, Inc. Class A Common Stock",United States,Broad US equity universe
NXDT,NexPoint Diversified Real Estate Trust Common Stock,United States,Broad US equity universe
NXE,Nexgen Energy Ltd. Common Shares,United States,Broad US equity universe
NXG,NXG NextGen Infrastructure Income Fund Common Shares of Beneficial Interest,United States,Broad US equity universe
NXGL,"NexGel, Inc - Common Stock",United States,Broad US equity universe
NXL,"Nexalin Technology, Inc. - Common Stock",United States,Broad US equity universe
NXP,Nuveen Select Tax Free Income Portfolio Common Stock,United States,Broad US equity universe
NXPI,NXP Semiconductors N.V. - Common Stock,United States,Broad US equity universe
NXPL,NextPlat Corp - Common Stock,United States,Broad US equity universe
NXRT,"NexPoint Residential Trust, Inc. Common Stock",United States,Broad US equity universe
NXST,"Nexstar Media Group, Inc. - Common Stock",United States,Broad US equity universe
NXT,Nextpower Inc. - Class A Common Stock,United States,Broad US equity universe
NXTC,"NextCure, Inc. - Common Stock",United States,Broad US equity universe
NXTS,Nexentis Technologies Inc. - Common Stock,United States,Broad US equity universe
NXTT,Next Technology Holding Inc. - Ordinary Shares,United States,Broad US equity universe
NXXT,"NextNRG, Inc. - Common Stock",United States,Broad US equity universe
NYAX,Nayax Ltd. - Ordinary Shares,United States,Broad US equity universe
NYC,American Strategic Investment Co. Class A Common Stock,United States,Broad US equity universe
NYT,New York Times Company (The) Common Stock,United States,Broad US equity universe
NYXH,Nyxoah SA - Ordinary Shares,United States,Broad US equity universe
NZF,Nuveen Municipal Credit Income Fund ,United States,Broad US equity universe
O,Realty Income Corporation Common Stock,United States,Broad US equity universe
OABI,"OmniAb, Inc. - Common Stock",United States,Broad US equity universe
OACC,Oaktree Acquisition Corp. III Life Sciences - Class A Ordinary Share,United States,Broad US equity universe
OBA,Oxley Bridge Acquisition Limited - Class A Ordinary Shares,United States,Broad US equity universe
OBDC,Blue Owl Capital Corporation Common Stock,United States,Broad US equity universe
OBE,Obsidian Energy Ltd. Common Shares,United States,Broad US equity universe
OBIO,"Orchestra BioMed Holdings, Inc. - Ordinary Shares",United States,Broad US equity universe
OBK,"Origin Bancorp, Inc. Common Stock",United States,Broad US equity universe
OBT,"Orange County Bancorp, Inc. - Common Stock",United States,Broad US equity universe
OBX,"Obsidian Therapeutics, Inc. - Common Stock",United States,Broad US equity universe
OC,Owens Corning Inc Common Stock New,United States,Broad US equity universe
OCAC,Ocean Capital Acquisition Corporation Ordinary Shares,United States,Broad US equity universe
OCC,Optical Cable Corporation - Common Stock,United States,Broad US equity universe
OCCI,"OFS Credit Company, Inc. - Closed End Fund",United States,Broad US equity universe
OCFC,OceanFirst Financial Corp. - Common Stock,United States,Broad US equity universe
OCG,Oriental Culture Holding LTD - Ordinary Shares,United States,Broad US equity universe
OCGN,"Ocugen, Inc. - Common Stock",United States,Broad US equity universe
OCS,Oculis Holding AG - Ordinary shares,United States,Broad US equity universe
OCSL,Oaktree Specialty Lending Corporation - Closed End Fund,United States,Broad US equity universe
OCTV,Octave Intelligence plc - Class B Ordinary Shares,United States,Broad US equity universe
OCUL,"Ocular Therapeutix, Inc. - Common Stock",United States,Broad US equity universe
ODC,Oil-Dri Corporation Of America Common Stock,United States,Broad US equity universe
ODD,ODDITY Tech Ltd. - Class A Ordinary Shares,United States,Broad US equity universe
ODFL,"Old Dominion Freight Line, Inc. - Common Stock",United States,Broad US equity universe
ODTX,"Odyssey Therapeutics, Inc. - Common Stock",United States,Broad US equity universe
ODYS,Odysight.ai Inc. - Common Stock,United States,Broad US equity universe
OEC,Orion S.A. Common Shares,United States,Broad US equity universe
OESX,"Orion Energy Systems, Inc. - Common Stock",United States,Broad US equity universe
OFAL,OFA Group - Class A Ordinary Shares,United States,Broad US equity universe
OFG,OFG Bancorp Common Stock,United States,Broad US equity universe
OFIX,Orthofix Medical Inc.  - Common Stock,United States,Broad US equity universe
OFLX,"Omega Flex, Inc. - Common Stock",United States,Broad US equity universe
OFRM,"Once Upon a Farm, PBC Common Stock",United States,Broad US equity universe
OFS,OFS Capital Corporation - Closed End Fund,United States,Broad US equity universe
OGC,OceanaGold Corporation Common Shares,United States,Broad US equity universe
OGE,OGE Energy Corp Common Stock,United States,Broad US equity universe
OGEN,Oragenics Inc. Common Stock,United States,Broad US equity universe
OGG,Osisko Gold Group Inc. Common Shares,United States,Broad US equity universe
OGI,Organigram Global Inc. - Common Shares,United States,Broad US equity universe
OGN,Organon & Co. Common Stock ,United States,Broad US equity universe
OGS,"ONE Gas, Inc. Common Stock",United States,Broad US equity universe
OHAC,Oceanhawk Acquisition Corp. - Class A Ordinary Shares,United States,Broad US equity universe
OHI,"Omega Healthcare Investors, Inc. Common Stock",United States,Broad US equity universe
OI,"O-I Glass, Inc. Common Stock",United States,Broad US equity universe
OIA,Invesco Municipal Income Opportunities Trust Common Stock,United States,Broad US equity universe
OII,"Oceaneering International, Inc. Common Stock",United States,Broad US equity universe
OIM,OneIM Acquisition Corp. - Class A Ordinary Shares,United States,Broad US equity universe
OIO,OIO Group - Ordinary Shares,United States,Broad US equity universe
OIS,"Oil States International, Inc. Common Stock",United States,Broad US equity universe
OKE,"ONEOK, Inc. Common Stock",United States,Broad US equity universe
OKLO,Oklo Inc. Class A common stock,United States,Broad US equity universe
OKTA,"Okta, Inc. - Class A Common Stock",United States,Broad US equity universe
OKUR,"OnKure Therapeutics, Inc. - Class A Common Stock",United States,Broad US equity universe
OKYO,OKYO Pharma Limited - Ordinary Shares,United States,Broad US equity universe
OLB,"The OLB Group, Inc. - Common Stock",United States,Broad US equity universe
OLED,Universal Display Corporation - Common Stock,United States,Broad US equity universe
OLLI,"Ollie's Bargain Outlet Holdings, Inc. - Common Stock",United States,Broad US equity universe
OLMA,"Olema Pharmaceuticals, Inc. - Common Stock",United States,Broad US equity universe
OLN,Olin Corporation Common Stock,United States,Broad US equity universe
OLOX,Olenox Industries Inc. - Common Stock,United States,Broad US equity universe
OLP,"One Liberty Properties, Inc. Common Stock",United States,Broad US equity universe
OM,"Outset Medical, Inc. - Common Stock",United States,Broad US equity universe
OMC,Omnicom Group Inc. Common Stock,United States,Broad US equity universe
OMCL,"Omnicell, Inc. - Common Stock",United States,Broad US equity universe
OMDA,"Omada Health, Inc. - Common Stock",United States,Broad US equity universe
OMER,Omeros Corporation - Common Stock,United States,Broad US equity universe
OMEX,"Odyssey Marine Exploration, Inc. - Common Stock",United States,Broad US equity universe
OMF,"OneMain Holdings, Inc. Common Stock",United States,Broad US equity universe
OMH,Ohmyhome Limited - Class A Ordinary Shares,United States,Broad US equity universe
OMN.JO,Omnia Holdings,South Africa,Fertilizer & farm inputs
OMSE,OMS Energy Technologies Inc. - Ordinary Shares,United States,Broad US equity universe
ON,ON Semiconductor Corporation - Common Stock,United States,Broad US equity universe
ONB,Old National Bancorp - Common Stock,United States,Broad US equity universe
ONCH,1RT Acquisition Corp. - Class A Ordinary Share,United States,Broad US equity universe
ONCO,"Onconetix, Inc.  - Common Stock",United States,Broad US equity universe
ONCY,Oncolytics Biotech Inc. - Common Stock,United States,Broad US equity universe
ONDS,Ondas Inc - Common Stock,United States,Broad US equity universe
ONEG,OneConstruction Group Limited - Ordinary Shares,United States,Broad US equity universe
ONEW,OneWater Marine Inc. - Class A Common Stock,United States,Broad US equity universe
ONFO,Onfolio Holdings Inc. - Common Stock,United States,Broad US equity universe
ONIT,Onity Group Inc. Common Stock,United States,Broad US equity universe
ONL,Orion Properties Inc. Common Stock,United States,Broad US equity universe
ONMD,OneMedNet Corp - Class A Common Stock,United States,Broad US equity universe
ONON,On Holding AG Class A Ordinary Shares,United States,Broad US equity universe
ONT,"Onterris, Inc. Common Stock",United States,Broad US equity universe
ONTO,Onto Innovation Inc. Common Stock,United States,Broad US equity universe
OOMA,"Ooma, Inc. Common Stock",United States,Broad US equity universe
OPAD,Offerpad Solutions Inc. Class A Common Stock,United States,Broad US equity universe
OPAL,OPAL Fuels Inc. - Class A Common Stock,United States,Broad US equity universe
OPBK,OP Bancorp - Common Stock,United States,Broad US equity universe
OPCH,"Option Care Health, Inc. - Common Stock",United States,Broad US equity universe
OPEN,Opendoor Technologies Inc  - Common Stock,United States,Broad US equity universe
OPFI,OppFi Inc. Class A Common Stock,United States,Broad US equity universe
OPHC,"OptimumBank Holdings, Inc. Common Stock",United States,Broad US equity universe
OPI,Office Properties Income Trust - Common shares of beneficial interest,United States,Broad US equity universe
OPK,"Opko Health, Inc. - Common Stock",United States,Broad US equity universe
OPLN,"OPENLANE, Inc. Common Stock",United States,Broad US equity universe
OPP,"RiverNorth/DoubleLine Strategic Opportunity Fund, Inc. Common Stock",United States,Broad US equity universe
OPRT,Oportun Financial Corporation - common stock,United States,Broad US equity universe
OPRX,OptimizeRx Corporation - Common Stock,United States,Broad US equity universe
OPTH,Optimi Health Corp. - Common Shares,United States,Broad US equity universe
OPTT,"Ocean Power Technologies, Inc. Common Stock",United States,Broad US equity universe
OPTU,"Optimum Communications, Inc. Class A common stock",United States,Broad US equity universe
OPTX,"Syntec Optics Holdings, Inc. - Class A Common Stock",United States,Broad US equity universe
OPXS,"Optex Systems Holdings, Inc. - Common Stock",United States,Broad US equity universe
OPY,"Oppenheimer Holdings, Inc. Class A Common Stock (DE)",United States,Broad US equity universe
OR,OR Royalties Inc. Common Shares,United States,Broad US equity universe
ORA,"Ormat Technologies, Inc. Common Stock",United States,Broad US equity universe
ORBS,Eightco Holdings Inc. - Common Stock,United States,Broad US equity universe
ORC,"Orchid Island Capital, Inc. Common Stock",United States,Broad US equity universe
ORCL,Oracle Corporation Common Stock,United States,Broad US equity universe
ORGO,Organogenesis Holdings Inc.  - Class A ,United States,Broad US equity universe
ORI,Old Republic International Corporation Common Stock,United States,Broad US equity universe
ORIC,"Oric Pharmaceuticals, Inc. - Common Stock",United States,Broad US equity universe
ORIO,Orion Digital Corp. - Common Shares,United States,Broad US equity universe
ORIQ,Origin Investment Corp I - Ordinary Shares,United States,Broad US equity universe
ORKA,"Oruka Therapeutics, Inc. - Common Stock",United States,Broad US equity universe
ORKT,Orangekloud Technology Inc. - Class A Ordinary Shares,United States,Broad US equity universe
ORLY,"O'Reilly Automotive, Inc. - Common Stock",United States,Broad US equity universe
ORMP,Oramed Pharmaceuticals Inc. - Common Stock,United States,Broad US equity universe
ORN,"Orion Group Holdings, Inc. Common",United States,Broad US equity universe
ORRF,"Orrstown Financial Services, Inc. - Common Stock",United States,Broad US equity universe
OSBC,"Old Second Bancorp, Inc. - Common Stock",United States,Broad US equity universe
OSCR,"Oscar Health, Inc. Class A Common Stock",United States,Broad US equity universe
OSG,"Octave Specialty Group, Inc. Common Stock",United States,Broad US equity universe
OSIS,"OSI Systems, Inc. - Common Stock",United States,Broad US equity universe
OSK,Oshkosh Corporation (Holding Company)Common Stock,United States,Broad US equity universe
OSPN,OneSpan Inc. - Common Stock,United States,Broad US equity universe
OSRH,"OSR Health, Inc. - Common Stock",United States,Broad US equity universe
OSS,"One Stop Systems, Inc. - Common Stock",United States,Broad US equity universe
OST,"Ostin Technology Group Co., Ltd. - Class A Ordinary Shares",United States,Broad US equity universe
OSTX,OS Therapies Incorporated Common Stock,United States,Broad US equity universe
OSUR,"OraSure Technologies, Inc. - Common Stock",United States,Broad US equity universe
OSW,OneSpaWorld Holdings Limited - Common Shares,United States,Broad US equity universe
OTAI,Starlink AI Acquisition Corporation Ordinary Shares,United States,Broad US equity universe
OTEX,Open Text Corporation - Common Shares,United States,Broad US equity universe
OTF,Blue Owl Technology Finance Corp. Common Stock,United States,Broad US equity universe
OTGA,OTG Acquisition Corp. I - Class A Ordinary Share,United States,Broad US equity universe
OTIS,Otis Worldwide Corporation Common Stock ,United States,Broad US equity universe
OTLK,"Outlook Therapeutics, Inc. - Common Stock",United States,Broad US equity universe
OTTR,Otter Tail Corporation - Common Stock,United States,Broad US equity universe
OUST,"Ouster, Inc. - Common Stock",United States,Broad US equity universe
OUT,OUTFRONT Media Inc. Common Stock,United States,Broad US equity universe
OVBC,Ohio Valley Banc Corp. - Common Stock,United States,Broad US equity universe
OVID,Ovid Therapeutics Inc. - Common Stock,United States,Broad US equity universe
OVLY,Oak Valley Bancorp (CA) - Common Stock,United States,Broad US equity universe
OVV,Ovintiv Inc. (DE),United States,Broad US equity universe
OWL,Blue Owl Capital Inc. Class A Common Stock,United States,Broad US equity universe
OWLS,OBOOK Holdings Inc. - Class A Common Shares,United States,Broad US equity universe
OWLT,"Owlet, Inc. Class A Common Stock",United States,Broad US equity universe
OXBR,Oxbridge Re Holdings Limited - Ordinary Shares,United States,Broad US equity universe
OXLC,Oxford Lane Capital Corp. - Closed End Fund,United States,Broad US equity universe
OXM,"Oxford Industries, Inc. Common Stock",United States,Broad US equity universe
OXSQ,Oxford Square Capital Corp. - Closed End Fund,United States,Broad US equity universe
OXY,Occidental Petroleum Corporation Common Stock,United States,Broad US equity universe
OYSE,Oyster Enterprises II Acquisition Corp - Class A Ordinary Shares,United States,Broad US equity universe
OZK,Bank OZK - Common Stock,United States,Broad US equity universe
P,"Everpure, Inc. Class A common stock",United States,Broad US equity universe
PAAC,Proem Acquisition Corp I - Ordinary Shares,United States,Broad US equity universe
PAAS,Pan American Silver Corp. Common Stock,United States,Broad US equity universe
PAC,"Grupo Aeroportuario Del Pacifico, S.A. B. de C.V. Grupo Aeroportuario Del Pacifico, S.A. de C.V. (each representing 10 Series B shares)",United States,Broad US equity universe
PACB,"Pacific Biosciences of California, Inc. - Common Stock",United States,Broad US equity universe
PACH,Pioneer Acquisition I Corp - Class A Ordinary Shares,United States,Broad US equity universe
PACK,Ranpak Holdings Corp Class A Common Stock,United States,Broad US equity universe
PACS,"PACS Group, Inc. Common Stock",United States,Broad US equity universe
PAG,"Penske Automotive Group, Inc. Common Stock",United States,Broad US equity universe
PAGP,"Plains GP Holdings, L.P. - Class A Shares representing limited partner interests",United States,Broad US equity universe
PAGS,PagSeguro Digital Ltd. Class A Common Shares,United States,Broad US equity universe
PAHC,Phibro Animal Health Corporation - Class A Common Stock,United States,Broad US equity universe
PAI,Western Asset Investment Grade Income Fund Inc.,United States,Broad US equity universe
PAII,Pyrophyte Acquisition Corp. II Class A Ordinary Shares,United States,Broad US equity universe
PAL,"Proficient Auto Logistics, Inc. - Common Stock",United States,Broad US equity universe
PALI,"Palisade Bio, Inc. - Common Stock",United States,Broad US equity universe
PALO,Paloma Acquisition Corp I - Class A Ordinary Shares,United States,Broad US equity universe
PAM,Pampa Energia S.A.,United States,Broad US equity universe
PAMT,PAMT CORP - Common Stock,United States,Broad US equity universe
PANL,Pangaea Logistics Solutions Ltd. - Common Stock,United States,Broad US equity universe
PANW,"Palo Alto Networks, Inc. - Common Stock",United States,Broad US equity universe
PAPL,Pineapple Financial Inc. Common Stock,United States,Broad US equity universe
PAR,PAR Technology Corporation Common Stock,United States,Broad US equity universe
PARA,"Banzai International, Inc. - Class A Common Stock",United States,Broad US equity universe
PARK,"Park Dental Partners, Inc. - Common Stock",United States,Broad US equity universe
PARR,"Par Pacific Holdings, Inc.  Common Stock",United States,Broad US equity universe
PASG,"Passage Bio, Inc. - Common Stock",United States,Broad US equity universe
PASW,"Ping An Biomedical Co., Ltd. - Class A Ordinary Shares",United States,Broad US equity universe
PATH,"UiPath, Inc. Class A Common Stock",United States,Broad US equity universe
PATK,"Patrick Industries, Inc. - Common Stock",United States,Broad US equity universe
PAVM,PAVmed Inc. - Common Stock,United States,Broad US equity universe
PAVS,Paranovus Entertainment Technology Ltd. - Class A Ordinary Shares,United States,Broad US equity universe
PAX,Patria Investments Limited - Class A Common Shares,United States,Broad US equity universe
PAXS,PIMCO Access Income Fund Common Shares of Beneficial Interest,United States,Broad US equity universe
PAY,"Paymentus Holdings, Inc. Class A Common Stock",United States,Broad US equity universe
PAYC,"Paycom Software, Inc. Common Stock",United States,Broad US equity universe
PAYO,Payoneer Global Inc. - Common Stock,United States,Broad US equity universe
PAYP,PayPay Corporation - American Depository Shares,United States,Broad US equity universe
PAYS,"Paysign, Inc. - Common Stock",United States,Broad US equity universe
PAYX,"Paychex, Inc. - Common Stock",United States,Broad US equity universe
PB,"Prosperity Bancshares, Inc. Common Stock",United States,Broad US equity universe
PBA,Pembina Pipeline Corp. Ordinary Shares (Canada),United States,Broad US equity universe
PBAM,"Private Bancorp of America, Inc. - Common Stock",United States,Broad US equity universe
PBF,PBF Energy Inc. Class A Common Stock,United States,Broad US equity universe
PBFS,"Pioneer Bancorp, Inc. - Common Stock",United States,Broad US equity universe
PBH,Prestige Consumer Healthcare Inc. Common Stock,United States,Broad US equity universe
PBHC,"Pathfinder Bancorp, Inc. - Common Stock",United States,Broad US equity universe
PBI,Pitney Bowes Inc. Common Stock,United States,Broad US equity universe
PBK,PowerBank Corporation - Common Stock,United States,Broad US equity universe
PBLS,"Parabilis Medicines, Inc. - Common Stock",United States,Broad US equity universe
PBM,Psyence Biomedical Ltd. - Common Shares,United States,Broad US equity universe
PBR,Petroleo Brasileiro S.A. Petrobras ADS,United States,Broad US equity universe
PBT,Permian Basin Royalty Trust Common Stock,United States,Broad US equity universe
PBYI,Puma Biotechnology Inc - Common Stock,United States,Broad US equity universe
PC,Premium Catering (Holdings) Limited - Ordinary Shares,United States,Broad US equity universe
PCAP,ProCap Acquisition Corp - Class A Ordinary Shares,United States,Broad US equity universe
PCAR,PACCAR Inc. - Common Stock,United States,Broad US equity universe
PCB,PCB Bancorp - Common Stock,United States,Broad US equity universe
PCF,High Income Securities Fund Common Stock,United States,Broad US equity universe
PCG,Pacific Gas & Electric Co. Common Stock,United States,Broad US equity universe
PCM,"PCM Fund, Inc. Common Stock",United States,Broad US equity universe
PCN,Pimco Corporate & Income Strategy Fund Common Stock,United States,Broad US equity universe
PCOR,"Procore Technologies, Inc. Common Stock",United States,Broad US equity universe
PCQ,PIMCO California Municipal Income Fund Common Stock,United States,Broad US equity universe
PCRX,"Pacira BioSciences, Inc. - Common Stock",United States,Broad US equity universe
PCSA,"Processa Pharmaceuticals, Inc. - Common Stock",United States,Broad US equity universe
PCT,"PureCycle Technologies, Inc. - Common stock",United States,Broad US equity universe
PCTY,Paylocity Holding Corporation - Common Stock,United States,Broad US equity universe
PCVX,"Vaxcyte, Inc. - Common Stock",United States,Broad US equity universe
PCYO,Pure Cycle Corporation - Common Stock,United States,Broad US equity universe
PD,"PagerDuty, Inc. Common Stock",United States,Broad US equity universe
PDCC,Pearl Diver Credit Company Inc. Common Stock,United States,Broad US equity universe
PDEX,"Pro-Dex, Inc. - Common Stock",United States,Broad US equity universe
PDFS,"PDF Solutions, Inc. - Common Stock",United States,Broad US equity universe
PDI,PIMCO Dynamic Income Fund Common Stock,United States,Broad US equity universe
PDLB,"Ponce Financial Group, Inc. - Common Stock",United States,Broad US equity universe
PDM,"Piedmont Realty Trust, Inc. Class A Common Stock",United States,Broad US equity universe
PDO,PIMCO Dynamic Income Opportunities Fund Common Shares of Beneficial Interest,United States,Broad US equity universe
PDS,Precision Drilling Corporation Common Stock,United States,Broad US equity universe
PDSB,PDS Biotechnology Corporation - Common Stock,United States,Broad US equity universe
PDT,John Hancock Premium Dividend Fund,United States,Broad US equity universe
PDX,PIMCO Dynamic Income Strategy Fund Common Shares of Beneficial Interest,United States,Broad US equity universe
PDYN,Palladyne AI Corp. - Common stock,United States,Broad US equity universe
PEB,Pebblebrook Hotel Trust Common Shares of Beneficial Interest,United States,Broad US equity universe
PEBK,"Peoples Bancorp of North Carolina, Inc. - Common Stock",United States,Broad US equity universe
PEBO,Peoples Bancorp Inc. - Common Stock,United States,Broad US equity universe
PECE,Peace Acquisition Corp - Ordinary Shares,United States,Broad US equity universe
PECO,"Phillips Edison & Company, Inc. - Common Stock",United States,Broad US equity universe
PED,Pedevco Corp. Common Stock,United States,Broad US equity universe
PEG,Public Service Enterprise Group Incorporated Common Stock,United States,Broad US equity universe
PEGA,Pegasystems Inc. - Common Stock,United States,Broad US equity universe
PEN,"Penumbra, Inc. Common Stock",United States,Broad US equity universe
PENG,"Penguin Solutions, Inc. - Common Stock",United States,Broad US equity universe
PENN,"PENN Entertainment, Inc. - Common Stock",United States,Broad US equity universe
PEO,"Adams Natural Resources Fund, Inc. Common Stock",United States,Broad US equity universe
PEP,"PepsiCo, Inc. - Common Stock",United States,Broad US equity universe
PEPG,PepGen Inc. - Common Stock,United States,Broad US equity universe
PERF,Perfect Corp. Class A Ordinary Share,United States,Broad US equity universe
PERI,Perion Network Ltd - Ordinary Shares,United States,Broad US equity universe
PESI,"Perma-Fix Environmental Services, Inc. - Common Stock",United States,Broad US equity universe
PETS,"PetMed Express, Inc. - Common Stock",United States,Broad US equity universe
PETZ,"TDH Holdings, Inc. - Common Shares",United States,Broad US equity universe
PEW,GrabAGun Digital Holdings Inc. Common Stock,United States,Broad US equity universe
PFAI,Pinnacle Food Group Limited - Class A Common Shares,United States,Broad US equity universe
PFE,"Pfizer, Inc. Common Stock",United States,Broad US equity universe
PFG,Principal Financial Group Inc - Common Stock,United States,Broad US equity universe
PFGC,Performance Food Group Company Common Stock,United States,Broad US equity universe
PFIS,Peoples Financial Services Corp.  - Common Stock,United States,Broad US equity universe
PFL,PIMCO Income Strategy Fund Shares of Beneficial Interest,United States,Broad US equity universe
PFLT,PennantPark Floating Rate Capital Ltd. Common Stock,United States,Broad US equity universe
PFN,PIMCO Income Strategy Fund II,United States,Broad US equity universe
PFS,"Provident Financial Services, Inc Common Stock",United States,Broad US equity universe
PFSA,"Profusa, Inc. - Common Stock",United States,Broad US equity universe
PFSI,"PennyMac Financial Services, Inc. Common Stock",United States,Broad US equity universe
PFX,PhenixFIN Corporation  - Common Stock,United States,Broad US equity universe
PG,Procter & Gamble Company (The) Common Stock,United States,Broad US equity universe
PGAC,Pantages Capital Acquisition Corporation - Class A Ordinary Shares,United States,Broad US equity universe
PGC,Peapack-Gladstone Financial Corporation - Common Stock,United States,Broad US equity universe
PGEN,"Precigen, Inc. - Common Stock",United States,Broad US equity universe
PGNY,"Progyny, Inc. - Common Stock",United States,Broad US equity universe
PGP,Pimco Global StocksPlus & Income Fund Common Shares of Beneficial Interest,United States,Broad US equity universe
PGR,Progressive Corporation (The) Common Stock,United States,Broad US equity universe
PGY,Pagaya Technologies Ltd. - Class A Ordinary Shares,United States,Broad US equity universe
PGZ,Principal Real Estate Income Fund Common Shares of Beneficial Interest,United States,Broad US equity universe
PH,Parker-Hannifin Corporation Common Stock,United States,Broad US equity universe
PHAR,"Pharming Group N.V. - ADS, each representing 10 ordinary shares",United States,Broad US equity universe
PHAT,"Phathom Pharmaceuticals, Inc. - Common Stock",United States,Broad US equity universe
PHG,Koninklijke Philips N.V. NY Registry Shares,United States,Broad US equity universe
PHGE,BiomX Inc. COmmon Stock,United States,Broad US equity universe
PHI,PLDT Inc. Sponsored ADR,United States,Broad US equity universe
PHIN,PHINIA Inc. Common Stock,United States,Broad US equity universe
PHIO,Phio Pharmaceuticals Corp. - Common Stock,United States,Broad US equity universe
PHK,Pimco High Income Fund,United States,Broad US equity universe
PHM,"PulteGroup, Inc. Common Stock",United States,Broad US equity universe
PHOE,Phoenix Asia Holdings Limited - Ordinary Shares,United States,Broad US equity universe
PHR,"Phreesia, Inc. Common Stock",United States,Broad US equity universe
PHUN,"Phunware, Inc. - Common Stock",United States,Broad US equity universe
PHVS,Pharvaris N.V. - Ordinary Shares,United States,Broad US equity universe
PI,"Impinj, Inc. - Common Stock",United States,Broad US equity universe
PICS,PicS N.V. - Class A Common Shares,United States,Broad US equity universe
PII,Polaris Inc. Common Stock,United States,Broad US equity universe
PIII,P3 Health Partners Inc. - Class A Common Stock,United States,Broad US equity universe
PIM,Franklin Master Intermediate Income Trust Shares of Beneficial Interest,United States,Broad US equity universe
PINE,"Alpine Income Property Trust, Inc. Common Stock",United States,Broad US equity universe
PINS,"Pinterest, Inc. Class A Common Stock",United States,Broad US equity universe
PIPR,Piper Sandler Companies Common Stock,United States,Broad US equity universe
PJT,PJT Partners Inc. Class A Common Stock,United States,Broad US equity universe
PK,Park Hotels & Resorts Inc. Common Stock ,United States,Broad US equity universe
PKBK,"Parke Bancorp, Inc. - Common Stock",United States,Broad US equity universe
PKE,Park Aerospace Corp. Common Stock,United States,Broad US equity universe
PKG,Packaging Corporation of America Common Stock,United States,Broad US equity universe
PKOH,Park-Ohio Holdings Corp. - Common Stock,United States,Broad US equity universe
PL,Planet Labs PBC Class A Common Stock,United States,Broad US equity universe
PLAB,"Photronics, Inc. - Common Stock",United States,Broad US equity universe
PLAG,Planet Green Holdings Corp. Common Stock,United States,Broad US equity universe
PLAY,"Dave & Buster's Entertainment, Inc. - Common Stock",United States,Broad US equity universe
PLBC,Plumas Bancorp - Common Stock,United States,Broad US equity universe
PLBL,Polibeli Group Ltd - Class A Ordinary Shares,United States,Broad US equity universe
PLBY,"Playboy, Inc. - Common Stock",United States,Broad US equity universe
PLCE,"Children's Place, Inc. (The) - Common Stock",United States,Broad US equity universe
PLCI,Pelican Acquisition II Corporation - Ordinary Shares,United States,Broad US equity universe
PLD,"Prologis, Inc. Common Stock",United States,Broad US equity universe
PLG,Platinum Group Metals Ltd. Ordinary Shares (Canada),United States,Broad US equity universe
PLGO,Pelagos Insurance Capital Limited Common Shares,United States,Broad US equity universe
PLMK,Plum Acquisition Corp. IV - Class A Ordinary Shares,United States,Broad US equity universe
PLMR,"Palomar Holdings, Inc. - Common stock",United States,Broad US equity universe
PLNT,"Planet Fitness, Inc. Common Stock",United States,Broad US equity universe
PLOW,"Douglas Dynamics, Inc. Common Stock",United States,Broad US equity universe
PLPC,Preformed Line Products Company - Common Stock,United States,Broad US equity universe
PLRX,"Pliant Therapeutics, Inc. - Common Stock",United States,Broad US equity universe
PLRZ,Polyrizon Ltd. - Ordinary Shares,United States,Broad US equity universe
PLSE,"Pulse Biosciences, Inc - Common Stock",United States,Broad US equity universe
PLSM,Pulsenmore Ltd. - Ordinary Shares,United States,Broad US equity universe
PLTK,Playtika Holding Corp. - Common Stock,United States,Broad US equity universe
PLTR,Palantir Technologies Inc. - Class A Common Stock,United States,Broad US equity universe
PLTS,Platinum Analytics Cayman Limited - Class A Ordinary Shares,United States,Broad US equity universe
PLUG,"Plug Power, Inc. - Common Stock",United States,Broad US equity universe
PLUN,Plutonian Acquisition Corp II Class A Ordinary Shares,United States,Broad US equity universe
PLUR,Pluri Inc. - Common Stock,United States,Broad US equity universe
PLUS,ePlus inc. - Common Stock,United States,Broad US equity universe
PLUT,Plutus Financial Group Limited - Ordinary Shares,United States,Broad US equity universe
PLX,"Protalix BioTherapeutics, Inc. (DE) Common Stock",United States,Broad US equity universe
PLXS,Plexus Corp. - Common Stock,United States,Broad US equity universe
PLYX,"Polaryx Therapeutics, Inc. - Common Stock",United States,Broad US equity universe
PM,Philip Morris International Inc Common Stock,United States,Broad US equity universe
PMA,Ming Shing Group Holdings Limited - Ordinary Shares,United States,Broad US equity universe
PMAX,Powell Max Limited - Class A Ordinary Shares,United States,Broad US equity universe
PMCB,"PharmaCyte  Biotech, Inc. - Common Stock",United States,Broad US equity universe
PMEC,Primech Holdings Ltd. - Ordinary Shares,United States,Broad US equity universe
PMI,"Picard Medical, Inc. Common Stock",United States,Broad US equity universe
PML,Pimco Municipal Income Fund II Common Shares of Beneficial Interest,United States,Broad US equity universe
PMM,Franklin Managed Municipal Income Trust Shares of Beneficial Interest,United States,Broad US equity universe
PMN,ProMIS Neurosciences Inc. - Common Shares,United States,Broad US equity universe
PMO,Franklin Municipal Opportunities Trust Shares of Beneficial Interest,United States,Broad US equity universe
PMT,PennyMac Mortgage Investment Trust Common Shares of Beneficial Interest,United States,Broad US equity universe
PMTR,Perimeter Acquisition Corp. I - Class A Ordinary Shares,United States,Broad US equity universe
PMTS,CPI Card Group Inc. - Common Stock,United States,Broad US equity universe
PMVP,"PMV Pharmaceuticals, Inc. - Common Stock",United States,Broad US equity universe
PN,PN Smart Energy Limited - Class A Ordinary Shares,United States,Broad US equity universe
PNBK,Patriot National Bancorp Inc. - Common Stock,United States,Broad US equity universe
PNC,"PNC Financial Services Group, Inc. (The) Common Stock",United States,Broad US equity universe
PNFP,"Pinnacle Financial Partners, Inc. Common stock",United States,Broad US equity universe
PNI,Pimco New York Municipal Income Fund II Common Shares of Beneficial Interest,United States,Broad US equity universe
PNNT,PennantPark Investment Corporation Common Stock,United States,Broad US equity universe
PNR,Pentair plc. Ordinary Share,United States,Broad US equity universe
PNRG,PrimeEnergy Resources Corporation - Common Stock,United States,Broad US equity universe
PNTG,"The Pennant Group, Inc. - Common Stock",United States,Broad US equity universe
PNW,Pinnacle West Capital Corporation Common Stock,United States,Broad US equity universe
POAS,Phaos Technology Holdings (Cayman) Limited Class A Ordinary Shares,United States,Broad US equity universe
POCI,"Precision Optics Corporation, Inc. - Common stock",United States,Broad US equity universe
PODC,"PodcastOne, Inc. - Common Stock",United States,Broad US equity universe
PODD,Insulet Corporation - Common Stock,United States,Broad US equity universe
POET,POET Technologies Inc. - Common Shares,United States,Broad US equity universe
POLA,"Polar Power, Inc. - Common Stock",United States,Broad US equity universe
POLE,Andretti Acquisition Corp. II - Class A Ordinary Shares,United States,Broad US equity universe
PONO,"Pono Capital Four, Inc. - Class A Ordinary Shares",United States,Broad US equity universe
POOL,Pool Corporation - Common Stock,United States,Broad US equity universe
POR,Portland General Electric Co Common Stock,United States,Broad US equity universe
POST,"Post Holdings, Inc. Common Stock",United States,Broad US equity universe
POWI,"Power Integrations, Inc. - Common Stock",United States,Broad US equity universe
POWL,"Powell Industries, Inc. - Common Stock",United States,Broad US equity universe
POWW,Outdoor Holding Company - Common Stock,United States,Broad US equity universe
PPC,Pilgrim's Pride Corporation - Common Stock,United States,Broad US equity universe
PPCB,"Propanc Biopharma, Inc. - Common Stock",United States,Broad US equity universe
PPG,"PPG Industries, Inc. Common Stock",United States,Broad US equity universe
PPHC,"Public Policy Holding Company, Inc. - Common Stock",United States,Broad US equity universe
PPIH,"Perma-Pipe International Holdings, Inc. - Common Stock",United States,Broad US equity universe
PPL,PPL Corporation Common Stock,United States,Broad US equity universe
PPLI,People Incorporated - Common Stock,United States,Broad US equity universe
PPSI,"Pioneer Power Solutions, Inc. - Common Stock",United States,Broad US equity universe
PPT,Franklin Premier Income Trust Shares of Beneficial Interest,United States,Broad US equity universe
PPTA,Perpetua Resources Corp. - Common Shares,United States,Broad US equity universe
PR,Permian Resources Corporation Class A Common Stock,United States,Broad US equity universe
PRAA,"PRA Group, Inc. - Common Stock",United States,Broad US equity universe
PRAX,"Praxis Precision Medicines, Inc. - Common Stock",United States,Broad US equity universe
PRCH,"Porch Group, Inc. - Common Stock",United States,Broad US equity universe
PRCT,PROCEPT BioRobotics Corporation - Common Stock,United States,Broad US equity universe
PRDO,Perdoceo Education Corporation - Common Stock,United States,Broad US equity universe
PRE,Prenetics Global Limited - Class A Ordinary Share,United States,Broad US equity universe
PRFX,PRF Technologies Ltd. - Ordinary Shares,United States,Broad US equity universe
PRG,"PROG Holdings, Inc. Common Stock",United States,Broad US equity universe
PRGO,Perrigo Company plc Ordinary Shares,United States,Broad US equity universe
PRGS,Progress Software Corporation - Common Stock,United States,Broad US equity universe
PRHI,"Presurance Holdings, Inc. - Common Stock",United States,Broad US equity universe
PRI,"Primerica, Inc. Common Stock",United States,Broad US equity universe
PRIM,Primoris Services Corporation Common Stock,United States,Broad US equity universe
PRK,Park National Corporation Common Stock,United States,Broad US equity universe
PRKS,United Parks & Resorts Inc. Common Stock,United States,Broad US equity universe
PRLB,"Proto Labs, Inc. Common stock",United States,Broad US equity universe
PRLD,Prelude Therapeutics Incorporated - Common Stock,United States,Broad US equity universe
PRM,"Perimeter Solutions, SA Common Stock",United States,Broad US equity universe
PRMB,Primo Brands Corporation Class A Common Stock,United States,Broad US equity universe
PRME,"Prime Medicine, Inc. - Common Stock",United States,Broad US equity universe
PROF,Profound Medical Corp. - common stock,United States,Broad US equity universe
PROK,ProKidney Corp. - Class A Ordinary Shares,United States,Broad US equity universe
PROP,Prairie Operating Co. - Common Stock,United States,Broad US equity universe
PROV,"Provident Financial Holdings, Inc. - Common Stock",United States,Broad US equity universe
PRPL,"Purple Innovation, Inc. - Common Stock",United States,Broad US equity universe
PRPO,"Precipio, Inc. - Common Stock",United States,Broad US equity universe
PRQR,ProQR Therapeutics N.V. - Ordinary Shares,United States,Broad US equity universe
PRSO,Peraso Inc. - Common Stock,United States,Broad US equity universe
PRSU,"Pursuit Attractions and Hospitality, Inc. Common Stock",United States,Broad US equity universe
PRTA,Prothena Corporation plc - Ordinary Shares,United States,Broad US equity universe
PRTH,"Priority Technology Holdings, Inc. - Common Stock",United States,Broad US equity universe
PRTS,"CarParts.com, Inc. - Common Stock",United States,Broad US equity universe
PRU,"Prudential Financial, Inc. Common Stock",United States,Broad US equity universe
PRVA,"Privia Health Group, Inc. - Common Stock",United States,Broad US equity universe
PRZO,ParaZero Technologies Ltd. - Ordinary Shares,United States,Broad US equity universe
PS,Pershing Square Inc. Common Stock,United States,Broad US equity universe
PSA,Public Storage Common Stock,United States,Broad US equity universe
PSBD,Palmer Square Capital BDC Inc. Common Stock,United States,Broad US equity universe
PSEC,Prospect Capital Corporation - Closed End Fund,United States,Broad US equity universe
PSFE,Paysafe Limited Common Shares,United States,Broad US equity universe
PSHG,Performance Shipping Inc. - Common Shares,United States,Broad US equity universe
PSIG,PS International Group Ltd. - Ordinary Shares,United States,Broad US equity universe
PSIX,"Power Solutions International, Inc. - Common Stock",United States,Broad US equity universe
PSKY,Paramount Skydance Corporation - Class B Common Stock,United States,Broad US equity universe
PSMT,"PriceSmart, Inc. - Common Stock",United States,Broad US equity universe
PSN,Parsons Corporation Common Stock,United States,Broad US equity universe
PSNL,"Personalis, Inc. - Common Stock",United States,Broad US equity universe
PSNY,Polestar Automotive Holding UK Limited - Class A ADS,United States,Broad US equity universe
PSNYW,Polestar Automotive Holding UK Limited - Class C-1 ADS (ADW),United States,Broad US equity universe
PSO,"Pearson, Plc Common Stock",United States,Broad US equity universe
PSQH,"PSQ Holdings, Inc. Class A Common Stock",United States,Broad US equity universe
PSTL,"Postal Realty Trust, Inc. Class A Common Stock",United States,Broad US equity universe
PSUS,"Pershing Square USA, Ltd. Common Shares",United States,Broad US equity universe
PSX,Phillips 66 Common Stock,United States,Broad US equity universe
PTAC,Patriot Acquisition Corp. - Class A Ordinary Shares,United States,Broad US equity universe
PTC,PTC Inc. - Common Stock,United States,Broad US equity universe
PTCT,"PTC Therapeutics, Inc. - Common Stock",United States,Broad US equity universe
PTEN,"Patterson-UTI Energy, Inc. - Common Stock",United States,Broad US equity universe
PTGX,"Protagonist Therapeutics, Inc. - Common Stock",United States,Broad US equity universe
PTHS,Pelthos Therapeutics Inc. Common Stock,United States,Broad US equity universe
PTLE,PTL LTD - Class A Ordinary Shares,United States,Broad US equity universe
PTLO,Portillo's Inc. - Class A Common Stock,United States,Broad US equity universe
PTN,"Palatin Technologies, Inc. - Common Stock",United States,Broad US equity universe
PTON,"Peloton Interactive, Inc. - Common Stock",United States,Broad US equity universe
PTOR,Praetorian Acquisition Corp. - Class A Ordinary Shares,United States,Broad US equity universe
PTRN,Pattern Group Inc. - Series A Common Stock,United States,Broad US equity universe
PTY,Pimco Corporate & Income Opportunity Fund,United States,Broad US equity universe
PUBM,"PubMatic, Inc. - Class A Common Stock",United States,Broad US equity universe
PUK,Prudential Public Limited Company Common Stock,United States,Broad US equity universe
PULM,"Pulmatrix, Inc. - Common Stock",United States,Broad US equity universe
PUMP,ProPetro Holding Corp. Common Stock,United States,Broad US equity universe
PURR,Hyperliquid Strategies Inc - Common Stock,United States,Broad US equity universe
PUSA,Aureus Greenway Holdings Inc. - Common Stock,United States,Broad US equity universe
PVH,PVH Corp. Common Stock,United States,Broad US equity universe
PVLA,"Palvella Therapeutics, Inc. - Common Stock",United States,Broad US equity universe
PW,Power REIT (MD) Common Stock,United States,Broad US equity universe
PWCM,"PowerCompute, Inc. - Common Stock",United States,Broad US equity universe
PWP,Perella Weinberg Partners - Class A Common Stock,United States,Broad US equity universe
PWR,"Quanta Services, Inc. Common Stock",United States,Broad US equity universe
PWRL,Powerlaw Corp. - Common Stock,United States,Broad US equity universe
PXED,"Phoenix Education Partners, Inc. Common Stock",United States,Broad US equity universe
PXLW,"Pixelworks, Inc. - Common Stock",United States,Broad US equity universe
PXS,Pyxis Tankers Inc. - Common Stock,United States,Broad US equity universe
PYPD,PolyPid Ltd. - Ordinary Shares,United States,Broad US equity universe
PYPL,"PayPal Holdings, Inc. - Common Stock",United States,Broad US equity universe
PYT,PPlus Tr GSC-2 Tr Ctf Fltg Rate,United States,Broad US equity universe
PYXS,"Pyxis Oncology, Inc. - Common Stock",United States,Broad US equity universe
PZG,Paramount Gold Nevada Corp. Common Stock,United States,Broad US equity universe
PZZA,"Papa John's International, Inc. - Common Stock",United States,Broad US equity universe
Q,"Qnity Electronics, Inc. Common Stock",United States,Broad US equity universe
QADR,QDRO Acquisition Corp. - Class A Ordinary Shares,United States,Broad US equity universe
QBE.AX,QBE Insurance Group,Australia,Property insurance
QBTS,D-Wave Quantum Inc. - Common Stock,United States,Broad US equity universe
QCLS,"Q/C Technologies, Inc. - Common Stock",United States,Broad US equity universe
QCOM,QUALCOMM Incorporated - Common Stock,United States,Broad US equity universe
QCRH,"QCR Holdings, Inc. - Common Stock",United States,Broad US equity universe
QDEL,QuidelOrtho Corporation - Common Stock,United States,Broad US equity universe
QETA,Quetta Acquisition Corporation - Common Stock,United States,Broad US equity universe
QGEN,Qiagen N.V. Common Shares,United States,Broad US equity universe
QH,Quhuo Limited - Class A Ordinary Shares,United States,Broad US equity universe
QLEP,Quantum Leap Acquisition Corp Class A Ordinary Shares,United States,Broad US equity universe
QLYS,"Qualys, Inc. - Common Stock",United States,Broad US equity universe
QMCO,Quantum Corporation - Common Stock,United States,Broad US equity universe
QMLS,"QumulusAI, Inc. - Common Stock",United States,Broad US equity universe
QNC,Quantum eMotion Corp. Common Shares,United States,Broad US equity universe
QNCX,"Quince Therapeutics, Inc. - Common Stock",United States,Broad US equity universe
QNME,"Quanome Technologies, Inc. - Common Stock",United States,Broad US equity universe
QNST,"QuinStreet, Inc. - Common Stock",United States,Broad US equity universe
QNT,Quantinuum Inc. - Class A Common Stock,United States,Broad US equity universe
QNTM,Quantum Biopharma Ltd. - Class B Subordinate Voting Shares,United States,Broad US equity universe
QQQX,Nuveen NASDAQ 100 Dynamic Overwrite Fund - Closed End Fund,United States,Broad US equity universe
QRED,QuasarEdge Acquisition Corporation Ordinary Shares,United States,Broad US equity universe
QRHC,Quest Resource Holding Corporation - Common Stock,United States,Broad US equity universe
QRVO,"Qorvo, Inc. - Common Stock",United States,Broad US equity universe
QS,QuantumScape Corporation - Common Stock,United States,Broad US equity universe
QSEA,Quartzsea Acquisition Corporation - Ordinary Shares,United States,Broad US equity universe
QSI,Quantum-Si Incorporated - Class A Common Stock,United States,Broad US equity universe
QSR,Restaurant Brands International Inc. Common Shares,United States,Broad US equity universe
QTEX,QTREX Quantum Ltd. - Ordinary Shares,United States,Broad US equity universe
QTI,"QT Imaging Holdings, Inc. - Common Stock",United States,Broad US equity universe
QTRX,Quanterix Corporation - Common Stock,United States,Broad US equity universe
QTTB,Q32 Bio Inc. - Common Stock,United States,Broad US equity universe
QTWO,"Q2 Holdings, Inc. Common Stock",United States,Broad US equity universe
QUAD,"Quad Graphics, Inc Class A Common Stock",United States,Broad US equity universe
QUBT,Quantum Computing Inc. - Common Stock,United States,Broad US equity universe
QUCY,Quantum Cyber N.V. - Ordinary Shares,United States,Broad US equity universe
QUIK,QuickLogic Corporation - Common Stock,United States,Broad US equity universe
QUMS,Quantumsphere Acquisition Corp. - Ordinary Shares,United States,Broad US equity universe
QURE,uniQure N.V. - Ordinary Shares,United States,Broad US equity universe
QVCG,"QVC Group, Inc. - Common Stock",United States,Broad US equity universe
QXL,Quantum X Labs Inc. - Common Stock,United States,Broad US equity universe
QXO,"QXO, Inc. Common Stock",United States,Broad US equity universe
R,"Ryder System, Inc. Common Stock",United States,Broad US equity universe
RA,Brookfield Real Assets Income Fund Inc. Common Stock,United States,Broad US equity universe
RAC,Rithm Acquisition Corp. Class A Ordinary Shares,United States,Broad US equity universe
RACC,Research Alliance Corporation III - Class A Ordinary Shares,United States,Broad US equity universe
RACD,Research Alliance Corporation IV - Class A Ordinary Shares,United States,Broad US equity universe
RACE,Ferrari N.V. Common Shares,United States,Broad US equity universe
RAIL,"Freightcar America, Inc. - Common Stock",United States,Broad US equity universe
RAIN,"Rain Enhancement Technologies Holdco, Inc. - Class A Common Stock",United States,Broad US equity universe
RAL,Ralliant Corporation Common Stock,United States,Broad US equity universe
RAMP,"LiveRamp Holdings, Inc. Common Stock",United States,Broad US equity universe
RAND,Rand Capital Corporation - Closed End Fund,United States,Broad US equity universe
RANG,Range Capital Acquisition Corp. - Ordinary Shares,United States,Broad US equity universe
RANI,"Rani Therapeutics Holdings, Inc. - Class A Common Stock",United States,Broad US equity universe
RAPP,"Rapport Therapeutics, Inc. - Common Stock",United States,Broad US equity universe
RARE,Ultragenyx Pharmaceutical Inc. - Common Stock,United States,Broad US equity universe
RAVE,"Rave Restaurant Group, Inc. - Common Stock",United States,Broad US equity universe
RAY,Raytech Holding Limited - Ordinary Shares,United States,Broad US equity universe
RAYA,Erayak Power Solution Group Inc. - Class A Ordinary Shares,United States,Broad US equity universe
RBA,"RB Global, Inc. Common Stock",United States,Broad US equity universe
RBB,RBB Bancorp - Common Stock,United States,Broad US equity universe
RBBN,Ribbon Communications Inc.  - Common Stock,United States,Broad US equity universe
RBC,RBC Bearings Incorporated Common Stock,United States,Broad US equity universe
RBCAA,"Republic Bancorp, Inc. - Class A Common Stock",United States,Broad US equity universe
RBKB,"Rhinebeck Bancorp, Inc. - Common Stock",United States,Broad US equity universe
RBLX,Roblox Corporation Class A Common Stock,United States,Broad US equity universe
RBNE,Robin Energy Ltd. - Common Stock,United States,Broad US equity universe
RBRK,"Rubrik, Inc. Class A Common Stock",United States,Broad US equity universe
RC,Ready Capital Corporation Common Stock,United States,Broad US equity universe
RCAT,"Red Cat Holdings, Inc. - Common Stock",United States,Broad US equity universe
RCBC,River City Bank - Common stock,United States,Broad US equity universe
RCEL,"Avita Medical, Inc. - Common Stock",United States,Broad US equity universe
RCG,"RENN Fund, Inc Common Stock",United States,Broad US equity universe
RCI,"Rogers Communication, Inc. Common Stock",United States,Broad US equity universe
RCKT,"Rocket Pharmaceuticals, Inc. - Common Stock",United States,Broad US equity universe
RCKY,"Rocky Brands, Inc. - Common Stock",United States,Broad US equity universe
RCL,Royal Caribbean Cruises Ltd. Common Stock,United States,Broad US equity universe
RCMT,"RCM Technologies, Inc. - Common Stock",United States,Broad US equity universe
RCON,"Recon Technology, Ltd. - Class A Ordinary Shares",United States,Broad US equity universe
RCS,"PIMCO Strategic Income Fund, Inc.",United States,Broad US equity universe
RCT,RedCloud Holdings plc - Ordinary Shares,United States,Broad US equity universe
RCUS,"Arcus Biosciences, Inc. Common Stock",United States,Broad US equity universe
RDAC,Rising Dragon Acquisition Corp. - Ordinary Shares,United States,Broad US equity universe
RDAG,Republic Digital Acquisition Company - Class A Ordinary Shares,United States,Broad US equity universe
RDCM,Radcom Ltd. - Ordinary Shares,United States,Broad US equity universe
RDDT,"Reddit, Inc. Class A Common Stock",United States,Broad US equity universe
RDGT,"Ridgetech, Inc. - Ordinary Shares",United States,Broad US equity universe
RDI,Reading International Inc - Class A Non-voting Common Stock,United States,Broad US equity universe
RDIB,Reading International Inc - Class B Voting Common Stock,United States,Broad US equity universe
RDN,Radian Group Inc. Common Stock,United States,Broad US equity universe
RDNT,"RadNet, Inc. - Common Stock",United States,Broad US equity universe
RDNW,"RideNow Group, Inc. - Class B Common Stock",United States,Broad US equity universe
RDVT,"Red Violet, Inc. - Common Stock ",United States,Broad US equity universe
RDW,Redwire Corporation Common Stock,United States,Broad US equity universe
RDWR,Radware Ltd. - Ordinary Shares,United States,Broad US equity universe
RDY,Dr. Reddy's Laboratories Ltd Common Stock,United States,Broad US equity universe
RDZN,"Roadzen, Inc. - Ordinary Shares",United States,Broad US equity universe
REA,"Rare Earths Americas, Inc. Common Stock",United States,Broad US equity universe
REAL,"The RealReal, Inc. - Common Stock",United States,Broad US equity universe
REAX,"The Real Brokerage, Inc. - Common Shares",United States,Broad US equity universe
REBN,"Reborn Coffee, Inc. - Common Stock",United States,Broad US equity universe
RECT,Rectitude Holdings Ltd - Ordinary Shares,United States,Broad US equity universe
REED,"Reed's, Inc. Common Stock",United States,Broad US equity universe
REF,Reformation Inc. Common Stock,United States,Broad US equity universe
REFI,"Chicago Atlantic Real Estate Finance, Inc. - Common Stock",United States,Broad US equity universe
REFR,Research Frontiers Incorporated - Common Stock,United States,Broad US equity universe
REG,Regency Centers Corporation - Common Stock,United States,Broad US equity universe
REGN,"Regeneron Pharmaceuticals, Inc. - Common Stock",United States,Broad US equity universe
REI,"Ring Energy, Inc. Common Stock",United States,Broad US equity universe
REKR,"Rekor Systems, Inc. - Common Stock",United States,Broad US equity universe
RELL,"Richardson Electronics, Ltd. - Common Stock",United States,Broad US equity universe
RELY,"Remitly Global, Inc. - Common stock",United States,Broad US equity universe
RENT,"Rent the Runway, Inc. - Class A Common Stock",United States,Broad US equity universe
RENX,RenX Enterprises Corp. - Common Stock,United States,Broad US equity universe
REPL,"Replimune Group, Inc. - Common Stock",United States,Broad US equity universe
REPX,"Riley Exploration Permian, Inc. Common Stock",United States,Broad US equity universe
RES,"RPC, Inc. Common Stock",United States,Broad US equity universe
RETO,"ReTo Eco-Solutions, Inc. - Class A Shares",United States,Broad US equity universe
REVB,"Revelation Biosciences, Inc. - Common Stock",United States,Broad US equity universe
REX,REX American Resources Corporation,United States,Broad US equity universe
REXR,"Rexford Industrial Realty, Inc. Common Stock",United States,Broad US equity universe
REYN,Reynolds Consumer Products Inc. - Common Stock,United States,Broad US equity universe
REZI,"Resideo Technologies, Inc. Common Stock ",United States,Broad US equity universe
RF,Regions Financial Corporation Common Stock,United States,Broad US equity universe
RFAI,RF Acquisition Corp II - Ordinary Shares,United States,Broad US equity universe
RFAM,RF Acquisition Corp III - Ordinary Shares,United States,Broad US equity universe
RFI,"Cohen & Steers Total Return Realty Fund, Inc. Common Stock",United States,Broad US equity universe
RFIL,"RF Industries, Ltd. - Common Stock",United States,Broad US equity universe
RFL,"Rafael Holdings, Inc. Class B Common Stock",United States,Broad US equity universe
RFM,"RiverNorth Flexible Municipal Income Fund, Inc. Common Stock",United States,Broad US equity universe
RFMZ,"RiverNorth Flexible Municipal Income Fund II, Inc. Common Stock",United States,Broad US equity universe
RGA,"Reinsurance Group of America, Incorporated Common Stock",United States,Broad US equity universe
RGC,Regencell Bioscience Holdings Limited - Ordinary Shares,United States,Broad US equity universe
RGCO,RGC Resources Inc. - Common Stock,United States,Broad US equity universe
RGEN,Repligen Corporation - Common Stock,United States,Broad US equity universe
RGLD,"Royal Gold, Inc. - Common Stock",United States,Broad US equity universe
RGNT,Regentis Biomaterials Ltd. Ordinary Shares,United States,Broad US equity universe
RGNX,REGENXBIO Inc. - Common Stock,United States,Broad US equity universe
RGP,"Resources Connection, Inc. - Common Stock",United States,Broad US equity universe
RGR,"Sturm, Ruger & Company, Inc. Common Stock",United States,Broad US equity universe
RGS,Regis Corporation - Common Stock,United States,Broad US equity universe
RGT,"Royce Global Trust, Inc. Common Stock",United States,Broad US equity universe
RGTI,"Rigetti Computing, Inc.  - Common stock",United States,Broad US equity universe
RH,RH Common Stock,United States,Broad US equity universe
RHI,Robert Half Inc. Common Stock,United States,Broad US equity universe
RHLD,Resolute Holdings Management Common Stock ,United States,Broad US equity universe
RHP,"Ryman Hospitality Properties, Inc. (REIT)",United States,Broad US equity universe
RIBB,Ribbon Acquisition Corp - Class A Ordinary Shares,United States,Broad US equity universe
RICK,"RCI Hospitality Holdings, Inc. - Common Stock",United States,Broad US equity universe
RIG,Transocean Ltd (Switzerland) Common Stock,United States,Broad US equity universe
RIGL,"Rigel Pharmaceuticals, Inc. - Common Stock",United States,Broad US equity universe
RILY,"BRC Group Holdings, Inc. - Common Stock",United States,Broad US equity universe
RIME,"Algorhythm Holdings, Inc. - Common Stock",United States,Broad US equity universe
RIO,Rio Tinto Plc Common Stock,United States,Broad US equity universe
RIOT,"Riot Platforms, Inc. - Common Stock",United States,Broad US equity universe
RITM,Rithm Capital Corp. Common Stock,United States,Broad US equity universe
RITR,Reitar Logtech Holdings Limited - Ordinary shares,United States,Broad US equity universe
RIV,"RiverNorth Opportunities Fund, Inc. Common Stock",United States,Broad US equity universe
RIVN,"Rivian Automotive, Inc. - Class A Common Stock",United States,Broad US equity universe
RJET,Republic Airways Holdings Inc. - Common Stock,United States,Broad US equity universe
RJF,"Raymond James Financial, Inc. Common Stock",United States,Broad US equity universe
RKDA,"Arcadia Biosciences, Inc. - Common Stock",United States,Broad US equity universe
RKLB,Rocket Lab Corporation - Common Stock,United States,Broad US equity universe
RKT,"Rocket Companies, Inc. Class A Common Stock",United States,Broad US equity universe
RKTO,Rocket One Inc. - Common Stock,United States,Broad US equity universe
RL,Ralph Lauren Corporation Common Stock,United States,Broad US equity universe
RLAY,"Relay Therapeutics, Inc. - Common Stock",United States,Broad US equity universe
RLGT,"Radiant Logistics, Inc. Common Stock",United States,Broad US equity universe
RLI,RLI Corp. Common Stock (DE),United States,Broad US equity universe
RLJ,RLJ Lodging Trust Common Shares of Beneficial Interest $0.01 par value,United States,Broad US equity universe
RLMD,"Relmada Therapeutics, Inc. - Common Stock",United States,Broad US equity universe
RLTY,Cohen & Steers Real Estate Opportunities and Income Fund Common Shares of Beneficial Interest,United States,Broad US equity universe
RLYB,Rallybio Corporation - Common Stock,United States,Broad US equity universe
RM,Regional Management Corp. Common Stock,United States,Broad US equity universe
RMAX,"RE/MAX Holdings, Inc. Class A Common Stock",United States,Broad US equity universe
RMBI,"Richmond Mutual Bancorporation, Inc. - Common Stock",United States,Broad US equity universe
RMBS,"Rambus, Inc. - Common Stock",United States,Broad US equity universe
RMCF,"Rocky Mountain Chocolate Factory, Inc. - Common Stock",United States,Broad US equity universe
RMCO,Royalty Management Holding Corporation - Class A Common Stock,United States,Broad US equity universe
RMD,ResMed Inc. Common Stock,United States,Broad US equity universe
RMI,"RiverNorth Opportunistic Municipal Income Fund, Inc. Common Stock",United States,Broad US equity universe
RMIX,"Suncrete, Inc. - Class A Common Stock",United States,Broad US equity universe
RMM,"RiverNorth Managed Duration Municipal Income Fund, Inc. Common Stock",United States,Broad US equity universe
RMMZ,"RiverNorth Managed Duration Municipal Income Fund II, Inc. Common Stock",United States,Broad US equity universe
RMNI,"Rimini Street, Inc. - Common Stock",United States,Broad US equity universe
RMR,The RMR Group Inc. - Class A Common Stock,United States,Broad US equity universe
RMSG,Real Messenger Corporation - Ordinary Shares,United States,Broad US equity universe
RMT,"Royce Micro-Cap Trust, Inc. Common Stock",United States,Broad US equity universe
RMTI,"Rockwell Medical, Inc. - Common Stock",United States,Broad US equity universe
RNA,"Atrium Therapeutics, Inc. - Common Stock",United States,Broad US equity universe
RNAC,"Cartesian Therapeutics, Inc. - Common Stock",United States,Broad US equity universe
RNAZ,"TransCode Therapeutics, Inc. - Common Stock",United States,Broad US equity universe
RNG,"RingCentral, Inc. Class A Common Stock",United States,Broad US equity universe
RNGR,"Ranger Energy Services, Inc. Class A Common Stock",United States,Broad US equity universe
RNGT,Range Capital Acquisition Corp II - Class A Ordinary Shares,United States,Broad US equity universe
RNR,RenaissanceRe Holdings Ltd. Common Stock,United States,Broad US equity universe
RNST,Renasant Corporation Common Stock,United States,Broad US equity universe
RNTX,"Rein Therapeutics, Inc. - Common Stock",United States,Broad US equity universe
RNW,ReNew Energy Global plc - Class A Shares,United States,Broad US equity universe
RNXT,"RenovoRx, Inc. - Common Stock",United States,Broad US equity universe
ROAD,"Construction Partners, Inc. - Common Stock",United States,Broad US equity universe
ROC,Rank One Computing Corporation - Common stock,United States,Broad US equity universe
ROCK,"Gibraltar Industries, Inc. - Common Stock",United States,Broad US equity universe
ROG,Rogers Corporation Common Stock,United States,Broad US equity universe
ROIV,Roivant Sciences Ltd. - Common Shares,United States,Broad US equity universe
ROK,"Rockwell Automation, Inc. Common Stock",United States,Broad US equity universe
ROKU,"Roku, Inc. - Class A Common Stock",United States,Broad US equity universe
ROL,"Rollins, Inc. Common Stock",United States,Broad US equity universe
ROLR,"High Roller Technologies, Inc. Common Stock",United States,Broad US equity universe
ROMA,Roma Green Finance Limited - Class A Ordinary Shares,United States,Broad US equity universe
ROOT,"Root, Inc. - Common Stock",United States,Broad US equity universe
ROP,"Roper Technologies, Inc. - Common Stock",United States,Broad US equity universe
ROST,"Ross Stores, Inc. - Common Stock",United States,Broad US equity universe
RPAY,Repay Holdings Corporation - Class A Common Stock,United States,Broad US equity universe
RPC,"Ridgepost Capital, Inc. Class A Common Stock",United States,Broad US equity universe
RPD,"Rapid7, Inc. - Common Stock",United States,Broad US equity universe
RPGL,Republic Power Group Limited - Class A Ordinary Shares,United States,Broad US equity universe
RPID,"Rapid Micro Biosystems, Inc. - Class A Common Stock",United States,Broad US equity universe
RPM,RPM International Inc. Common Stock,United States,Broad US equity universe
RPRX,Royalty Pharma plc - Class A Ordinary Shares,United States,Broad US equity universe
RPT,Rithm Property Trust Inc. Common stock,United States,Broad US equity universe
RQI,Cohen & Steers Quality Income Realty Fund Inc Common Shares,United States,Broad US equity universe
RR,Richtech Robotics Inc. - Class B Common Stock,United States,Broad US equity universe
RRBI,"Red River Bancshares, Inc. - Common Stock",United States,Broad US equity universe
RRC,Range Resources Corporation Common Stock,United States,Broad US equity universe
RREV,RRE Ventures Acquisition Corp. - Class A Ordinary Shares,United States,Broad US equity universe
RRGB,"Red Robin Gourmet Burgers, Inc. - Common Stock",United States,Broad US equity universe
RRR,"Red Rock Resorts, Inc. - Class A Common Stock",United States,Broad US equity universe
RRX,Regal Rexnord Corporation Common Stock,United States,Broad US equity universe
RS,"Reliance, Inc. Common Stock",United States,Broad US equity universe
RSF,RiverNorth Capital and Income Fund Common Stock,United States,Broad US equity universe
RSG,"Republic Services, Inc. Common Stock",United States,Broad US equity universe
RSI,"Rush Street Interactive, Inc. Class A Common Stock",United States,Broad US equity universe
RSKD,Riskified Ltd. Class A Ordinary Shares,United States,Broad US equity universe
RSSS,"Research Solutions, Inc - Common Stock",United States,Broad US equity universe
RSVR,"Reservoir Media, Inc.. - Common Stock",United States,Broad US equity universe
RTAC,Renatus Tactical Acquisition Corp I - Class A Ordinary Shares,United States,Broad US equity universe
RTB,"RTB Digital, Inc. - Common Stock",United States,Broad US equity universe
RTX,RTX Corporation Common Stock,United States,Broad US equity universe
RUBI,Rubico Inc. - Common Stock,United States,Broad US equity universe
RUM,RUM Group Inc. - Class A Common Stock,United States,Broad US equity universe
RUN,Sunrun Inc. - Common Stock,United States,Broad US equity universe
RUSHA,"Rush Enterprises, Inc. - Class A Common Stock",United States,Broad US equity universe
RUSHB,"Rush Enterprises, Inc. - Class B Common Stock",United States,Broad US equity universe
RVI,Robinhood Ventures Fund I Common Shares of Beneficial Interest,United States,Broad US equity universe
RVII,Robinhood Ventures Fund II Common Shares of Beneficial Interest,United States,Broad US equity universe
RVLV,"Revolve Group, Inc. Class A Common Stock",United States,Broad US equity universe
RVMD,"Revolution Medicines, Inc. - Common Stock",United States,Broad US equity universe
RVP,"Retractable Technologies, Inc. Common Stock",United States,Broad US equity universe
RVSB,Riverview Bancorp Inc - Common Stock,United States,Broad US equity universe
RVSN,Rail Vision Ltd. - Ordinary Shares,United States,Broad US equity universe
RVT,"Royce Small-Cap Trust, Inc. Common Stock",United States,Broad US equity universe
RVTY,"Revvity, Inc. Common Stock",United States,Broad US equity universe
RWAY,Runway Growth Finance Corp. - Common Stock,United States,Broad US equity universe
RWT,"Redwood Trust, Inc. Common Stock",United States,Broad US equity universe
RXO,"RXO, Inc. Common Stock",United States,Broad US equity universe
RXRX,"Recursion Pharmaceuticals, Inc. - Class A Common Stock",United States,Broad US equity universe
RXST,"RxSight, Inc. - Common Stock",United States,Broad US equity universe
RXT,"Rackspace Technology, Inc. - Common Stock",United States,Broad US equity universe
RY,Royal Bank Of Canada Common Stock,United States,Broad US equity universe
RYAM,Rayonier Advanced Materials Inc. Common Stock,United States,Broad US equity universe
RYAN,"Ryan Specialty Holdings, Inc. Class A Common Stock",United States,Broad US equity universe
RYDE,Ryde Group Ltd. Class A Ordinary Shares,United States,Broad US equity universe
RYET,Ruanyun Edai Technology Inc. - Ordinary shares,United States,Broad US equity universe
RYM,"RYTHM, Inc. - Common Stock",United States,Broad US equity universe
RYN,Rayonier Inc. REIT Common Stock,United States,Broad US equity universe
RYOJ,"rYojbaba Co., Ltd. - Common Shares",United States,Broad US equity universe
RYTM,"Rhythm Pharmaceuticals, Inc. - Common Stock",United States,Broad US equity universe
RYZ,Ryerson Holding Corporation Common Stock,United States,Broad US equity universe
RZLT,"Rezolute, Inc. - Common Stock (NV)",United States,Broad US equity universe
RZLV,Rezolve AI PLC - Ordinary Shares,United States,Broad US equity universe
S,"SentinelOne, Inc. Class A Common Stock",United States,Broad US equity universe
SA,"Seabridge Gold, Inc. Common Shares New",United States,Broad US equity universe
SAAQ,Space Asset Acquisition Corp. - Class A Ordinary Shares,United States,Broad US equity universe
SABA,Saba Capital Income & Opportunities Fund II Shares of Beneficial Interest,United States,Broad US equity universe
SABR,Sabre Corporation - Common Stock,United States,Broad US equity universe
SABS,"SAB Biotherapeutics, Inc. - Common Stock",United States,Broad US equity universe
SAC,Safeguard Acquisition Corp. Class A Ordinary Shares,United States,Broad US equity universe
SACH,Sachem Capital Corp. Common Shares,United States,Broad US equity universe
SAFE,Safehold Inc. New Common Stock ,United States,Broad US equity universe
SAFT,"Safety Insurance Group, Inc. - Common Stock",United States,Broad US equity universe
SAFX,"XCF Global, Inc. - Class A Common Stock",United States,Broad US equity universe
SAGT,SAGTEC GLOBAL LIMITED - Class A Ordinary shares,United States,Broad US equity universe
SAGU,Shreya Acquisition Group Class A Ordinary Shares,United States,Broad US equity universe
SAH,"Sonic Automotive, Inc. Common Stock",United States,Broad US equity universe
SAIA,"Saia, Inc. - Common Stock",United States,Broad US equity universe
SAIC,Science Applications International Corporation - Common Stock,United States,Broad US equity universe
SAIH,SAIHEAT Limited - Class A Ordinary Shares,United States,Broad US equity universe
SAIL,"SailPoint, Inc. - Common Stock",United States,Broad US equity universe
SALM.OL,SalMar,Norway,Salmon aquaculture
SAM,"Boston Beer Company, Inc. (The) Common Stock",United States,Broad US equity universe
SAMG,Silvercrest Asset Management Group Inc. - Common Stock,United States,Broad US equity universe
SAN,"Banco Santander, S.A. Sponsored ADR (Spain)",United States,Broad US equity universe
SANA,"Sana Biotechnology, Inc. - Common Stock",United States,Broad US equity universe
SANG,Sangoma Technologies Corporation - Common Shares,United States,Broad US equity universe
SANM,Sanmina Corporation - Common Stock,United States,Broad US equity universe
SAP,SAP  SE ADS,United States,Broad US equity universe
SAR,Saratoga Investment Corp New,United States,Broad US equity universe
SARO,"StandardAero, Inc. Common Stock",United States,Broad US equity universe
SATL,Satellogic Inc. - Class A Common Stock,United States,Broad US equity universe
SB,"Safe Bulkers, Inc Common Stock ($0.001 par value)",United States,Broad US equity universe
SBAC,SBA Communications Corporation - Class A Common Stock,United States,Broad US equity universe
SBC,SBC Medical Group Holdings Incorporated - Common Stock,United States,Broad US equity universe
SBCF,Seacoast Banking Corporation of Florida - Common Stock,United States,Broad US equity universe
SBET,"Sharplink, Inc. - Common Stock",United States,Broad US equity universe
SBEV,"Splash Beverage Group, Inc. (NV) Common Stock",United States,Broad US equity universe
SBFG,"SB Financial Group, Inc. - Common Stock",United States,Broad US equity universe
SBFM,Sunshine Biopharma Inc. - Common stock,United States,Broad US equity universe
SBGI,"Sinclair, Inc. - Class A Common Stock",United States,Broad US equity universe
SBH,"Sally Beauty Holdings, Inc. (Name to be changed from Sally Holdings, Inc.) Common Stock",United States,Broad US equity universe
SBI,Western Asset Intermediate Muni Fund Inc Common Stock,United States,Broad US equity universe
SBLK,Star Bulk Carriers Corp. - Common Shares,United States,Broad US equity universe
SBMT,Silver Bow Mining Corp. Common Shares,United States,Broad US equity universe
SBR,Sabine Royalty Trust Common Stock,United States,Broad US equity universe
SBRA,"Sabra Health Care REIT, Inc. - Common Stock",United States,Broad US equity universe
SBS,Sabesp,Brazil,Water utility
SBSI,"Southside Bancshares, Inc. Common Stock",United States,Broad US equity universe
SBSW,D/B/A Sibanye-Stillwater Limited ADS,United States,Broad US equity universe
SBUX,Starbucks,United States,Coffee buyer
SBXD,SilverBox Corp IV Class A Ordinary Shares,United States,Broad US equity universe
SBXE,SilverBox Corp V Class A Ordinary Shares,United States,Broad US equity universe
SCCO,Southern Copper,Peru / Mexico,Copper mining
SCD,LMP Capital and Income Fund Inc. Common Stock,United States,Broad US equity universe
SCHL,Scholastic Corporation - Common Stock,United States,Broad US equity universe
SCHW,Charles Schwab Corporation (The) Common Stock,United States,Broad US equity universe
SCI,Service Corporation International Common Stock,United States,Broad US equity universe
SCII,SC II Acquisition Corp. - Class A ordinary share,United States,Broad US equity universe
SCKT,"Socket Mobile, Inc. - Common Stock",United States,Broad US equity universe
SCL,Stepan Company Common Stock,United States,Broad US equity universe
SCLX,Scilex Holding Company - Common Stock,United States,Broad US equity universe
SCM,Stellus Capital Investment Corporation Common Stock,United States,Broad US equity universe
SCNX,"Scienture Holdings, Inc. - Common Stock",United States,Broad US equity universe
SCOR,"comScore, Inc. - Common Stock",United States,Broad US equity universe
SCPQ,Social Commerce Partners Corporation - Class A Ordinary Shares,United States,Broad US equity universe
SCSC,"ScanSource, Inc. - Common Stock",United States,Broad US equity universe
SCTX,Scribe Therapeutics Inc. - Common Stock,United States,Broad US equity universe
SCWO,374Water Inc. - common stock,United States,Broad US equity universe
SCYX,"SCYNEXIS, Inc. - Common Stock",United States,Broad US equity universe
SCZM,Santacruz Silver Mining Ltd. - Common Shares,United States,Broad US equity universe
SD,"SandRidge Energy, Inc. Common Stock",United States,Broad US equity universe
SDA,SunCar Technology Group Inc. - Ordinary Shares,United States,Broad US equity universe
SDEV,Stablecoin Development Corporation Common Stock,United States,Broad US equity universe
SDGR,"Schrodinger, Inc. - Common Stock",United States,Broad US equity universe
SDHC,Smith Douglas Homes Corp. Class A Common Stock,United States,Broad US equity universe
SDHI,Siddhi Acquisition Corp - Class A Common stock,United States,Broad US equity universe
SDHY,PGIM Short Duration High Yield Opportunities Fund Common Shares,United States,Broad US equity universe
SDOT,Sadot Group Inc. - Common Stock,United States,Broad US equity universe
SDRL,Seadrill Limited Common Shares,United States,Broad US equity universe
SDST,Stardust Power Inc. - Common Stock,United States,Broad US equity universe
SEAT,Vivid Seats Inc. - Class A common stock,United States,Broad US equity universe
SEB,Seaboard Corporation Common Stock,United States,Broad US equity universe
SECZ,Securitize Corp. Common Stock,United States,Broad US equity universe
SEDG,"SolarEdge Technologies, Inc. - Common Stock",United States,Broad US equity universe
SEED,Origin Agritech Limited - Ordinary Shares,United States,Broad US equity universe
SEER,"Seer, Inc. - Class A Common Stock",United States,Broad US equity universe
SEG,Seaport Entertainment Group Inc. Common Stock,United States,Broad US equity universe
SEGG,Sports Entertainment Gaming Global Corporation  - Common Stock,United States,Broad US equity universe
SEI,"Solaris Energy Infrastructure, Inc. Class A Common Stock",United States,Broad US equity universe
SEIC,SEI Investments Company - Common Stock,United States,Broad US equity universe
SELF,"Global Self Storage, Inc. - Common Stock",United States,Broad US equity universe
SENEA,Seneca Foods Corp. - Class A Common Stock,United States,Broad US equity universe
SENEB,Seneca Foods Corp. - Class B Common Stock,United States,Broad US equity universe
SENS,"Senseonics Holdings, Inc. - Common Stock",United States,Broad US equity universe
SEPN,"Septerna, Inc. - Common Stock",United States,Broad US equity universe
SER,"Serina Therapeutics, Inc. Common Stock",United States,Broad US equity universe
SERA,"Sera Prognostics, Inc. - Class A Common Stock",United States,Broad US equity universe
SERV,Serve Robotics Inc. - Common Stock,United States,Broad US equity universe
SES,SES AI Corporation Class A Common Stock,United States,Broad US equity universe
SEV,Aptera Motors Corp. - Class B Common Stock,United States,Broad US equity universe
SEVN,Seven Hills Realty Trust  - Common Stock,United States,Broad US equity universe
SEZL,Sezzle Inc. - Common Stock,United States,Broad US equity universe
SF,Stifel Financial Corporation Common Stock,United States,Broad US equity universe
SFBC,"Sound Financial Bancorp, Inc. - Common Stock",United States,Broad US equity universe
SFBS,"ServisFirst Bancshares, Inc. Common Stock",United States,Broad US equity universe
SFD,"Smithfield Foods, Inc. - Common Stock",United States,Broad US equity universe
SFHG,Samfine Creation Holdings Group Limited - Class A Ordinary Share,United States,Broad US equity universe
SFIX,"Stitch Fix, Inc. - Class A Common Stock",United States,Broad US equity universe
SFL,SFL Corporation Ltd,United States,Broad US equity universe
SFM,"Sprouts Farmers Market, Inc. - Common Stock",United States,Broad US equity universe
SFNC,Simmons First National Corporation - Common Stock,United States,Broad US equity universe
SFST,"Southern First Bancshares, Inc. - Common Stock",United States,Broad US equity universe
SFWL,Shengfeng Development Limited - Class A Ordinary Shares,United States,Broad US equity universe
SG,"Sweetgreen, Inc. Class A Common Stock",United States,Broad US equity universe
SGA,"Saga Communications, Inc. - Class A Common Stock",United States,Broad US equity universe
SGC,"Superior Group of Companies, Inc. - Common Stock",United States,Broad US equity universe
SGHC,Super Group (SGHC) Limited Ordinary Shares,United States,Broad US equity universe
SGHT,"Sight Sciences, Inc. - Common Stock",United States,Broad US equity universe
SGI,Somnigroup International Inc. Common Stock,United States,Broad US equity universe
SGLY,Singularity Future Technology Ltd. - Common Stock,United States,Broad US equity universe
SGML,Sigma Lithium Corporation - common shares,United States,Broad US equity universe
SGMT,Sagimet Biosciences Inc. - Series A Common Stock,United States,Broad US equity universe
SGP,"SpyGlass Pharma, Inc. - Common Stock",United States,Broad US equity universe
SGRY,"Surgery Partners, Inc. - Common Stock",United States,Broad US equity universe
SGU,Star Group L.P. Common Stock,United States,Broad US equity universe
SHAK,"Shake Shack, Inc. Class A Common Stock",United States,Broad US equity universe
SHAZ,"SharonAI Holdings, Inc. - Class A Common Stock",United States,Broad US equity universe
SHBI,"Shore Bancshares, Inc. - Common Stock",United States,Broad US equity universe
SHC,Sotera Health Company - Common Stock,United States,Broad US equity universe
SHEN,Shenandoah Telecommunications Co - Common Stock,United States,Broad US equity universe
SHFS,"SHF Holdings, Inc. - Class A Common Stock",United States,Broad US equity universe
SHIM,Shimmick Corporation - Common Stock,United States,Broad US equity universe
SHIP,Seanergy Maritime Holdings Corp. - Common Stock,United States,Broad US equity universe
SHLS,"Shoals Technologies Group, Inc. - Class A Common Stock",United States,Broad US equity universe
SHMD,SCHMID Group N.V. - Class A Ordinary Shares,United States,Broad US equity universe
SHO,"Sunstone Hotel Investors, Inc. Sunstone Hotel Investors, Inc. Common Shares",United States,Broad US equity universe
SHOE,"Shoe Station Group, Inc. - Common Stock",United States,Broad US equity universe
SHOO,"Steven Madden, Ltd. - Common Stock",United States,Broad US equity universe
SHOP,Shopify Inc. - Class A Subordinate Voting Shares,United States,Broad US equity universe
SHOT,RMG ML Sports Holdings - Class A Ordinary Shares,United States,Broad US equity universe
SHPH,"Shuttle Pharmaceuticals Holdings, Inc. - common stock",United States,Broad US equity universe
SHW,Sherwin-Williams Company (The) Common Stock,United States,Broad US equity universe
SI,"Shoulder Innovations, Inc. Common Stock",United States,Broad US equity universe
SIBN,"SI-BONE, Inc. - Common Stock",United States,Broad US equity universe
SID,Companhia Siderurgica Nacional S.A. Common Stock,United States,Broad US equity universe
SIDU,"Sidus Space, Inc. - Class A Common Stock",United States,Broad US equity universe
SIEB,Siebert Financial Corp. - Common Stock,United States,Broad US equity universe
SIF,"SIFCO Industries, Inc. Common Stock",United States,Broad US equity universe
SIFY,Sify Technologies Limited - American Depository Shares,United States,Broad US equity universe
SIG,Signet Jewelers Limited Common Shares,United States,Broad US equity universe
SIGA,SIGA Technologies Inc. - Common Stock,United States,Broad US equity universe
SIGI,"Selective Insurance Group, Inc. - Common Stock",United States,Broad US equity universe
SII,Sprott Inc. Common Shares,United States,Broad US equity universe
SILC,Silicom Ltd - Ordinary Shares,United States,Broad US equity universe
SILO,"Silo Pharma, Inc. - Common Stock",United States,Broad US equity universe
SIMA,SIM Acquisition Corp. I - Class A Ordinary Shares,United States,Broad US equity universe
SIND,Sinda Ltd. Common Stock,United States,Broad US equity universe
SINT,"SiNtx Technologies, Inc. - Common Stock",United States,Broad US equity universe
SION,"Sionna Therapeutics, Inc. - Common Stock",United States,Broad US equity universe
SIRI,SiriusXM Holdings Inc. - Common Stock,United States,Broad US equity universe
SITC,SITE Centers Corp. Common Stock,United States,Broad US equity universe
SITE,"SiteOne Landscape Supply, Inc. Common Stock",United States,Broad US equity universe
SITM,SiTime Corporation - Common Stock,United States,Broad US equity universe
SJ,Scienjoy Holding Corporation - Class A Ordinary Shares,United States,Broad US equity universe
SJM,The J.M. Smucker Company Common Stock,United States,Broad US equity universe
SJT,San Juan Basin Royalty Trust Common Stock,United States,Broad US equity universe
SKE,Skeena Resources Limited Common Shares,United States,Broad US equity universe
SKIL,Skillsoft Corp. Class A Common Stock,United States,Broad US equity universe
SKIN,SkinHealth Systems Inc. - Class A Common Stock,United States,Broad US equity universe
SKK,SKK Holdings Limited - Class A Ordinary Shares,United States,Broad US equity universe
SKM,"SK Telecom Co., Ltd. Common Stock",United States,Broad US equity universe
SKT,Tanger Inc. Common Stock,United States,Broad US equity universe
SKWD,"Skyward Specialty Insurance Group, Inc. - Common Stock",United States,Broad US equity universe
SKY,"Champion Homes, Inc. Common Stock",United States,Broad US equity universe
SKYA,"SkyAI, Inc. - Common Stock",United States,Broad US equity universe
SKYE,"Skye Bioscience, Inc. - Common Stock",United States,Broad US equity universe
SKYH,Sky Harbour Group Corporation Class A Common Stock,United States,Broad US equity universe
SKYQ,Sky Quarry Inc. - Common Stock,United States,Broad US equity universe
SKYW,"SkyWest, Inc. - Common Stock",United States,Broad US equity universe
SKYX,SKYX Platforms Corp. - Common Stock,United States,Broad US equity universe
SLAB,"Silicon Laboratories, Inc. - Common Stock",United States,Broad US equity universe
SLB,SLB Limited Common Shares,United States,Broad US equity universe
SLBT,SL Science Holding Limited - Ordinary Shares,United States,Broad US equity universe
SLDB,Solid Biosciences Inc. - Common Stock,United States,Broad US equity universe
SLDE,"Slide Insurance Holdings, Inc. - Common Stock",United States,Broad US equity universe
SLDP,"Solid Power, Inc. - Class A Common Stock",United States,Broad US equity universe
SLE,"Super League Enterprise, Inc. - Common Stock",United States,Broad US equity universe
SLF,Sun Life Financial Inc. Common Stock,United States,Broad US equity universe
SLG,SL Green Realty Corp Common Stock,United States,Broad US equity universe
SLGB,Smart Logistics Global Limited - Class A Ordinary Shares,United States,Broad US equity universe
SLGL,Sol-Gel Technologies Ltd. - Ordinary Shares,United States,Broad US equity universe
SLGN,Silgan Holdings Inc. Common Stock,United States,Broad US equity universe
SLI,Standard Lithium Ltd. Common Shares,United States,Broad US equity universe
SLM,SLM Corporation - Common Stock,United States,Broad US equity universe
SLMT,Brera Holdings PLC - Class B Ordinary Shares,United States,Broad US equity universe
SLN,Silence Therapeutics Plc - American Depository Share,United States,Broad US equity universe
SLND,"Southland Holdings, Inc. Common Stock",United States,Broad US equity universe
SLNG,"Stabilis Solutions, Inc. - Common Stock",United States,Broad US equity universe
SLNH,"Soluna Holdings, Inc. - Common Stock",United States,Broad US equity universe
SLP,"Simulations Plus, Inc. - Common Stock",United States,Broad US equity universe
SLQT,"SelectQuote, Inc. Common Stock",United States,Broad US equity universe
SLRC,SLR Investment Corp. - Closed End Fund,United States,Broad US equity universe
SLS,"SELLAS Life Sciences Group, Inc.  - Common Stock",United States,Broad US equity universe
SLSN,"Solesence, Inc. - Common stock",United States,Broad US equity universe
SLSR,Solaris Resources Inc. Common Shares,United States,Broad US equity universe
SLVM,Sylvamo Corporation Common Stock,United States,Broad US equity universe
SLXN,Silexion Therapeutics Corp - Ordinary Shares,United States,Broad US equity universe
SM,SM Energy Company Common Stock,United States,Broad US equity universe
SMA,"SmartStop Self Storage REIT, Inc. Common Stock",United States,Broad US equity universe
SMBC,"Southern Missouri Bancorp, Inc. - Common Stock",United States,Broad US equity universe
SMBK,"SmartFinancial, Inc. Common Stock",United States,Broad US equity universe
SMC,Summit Midstream Corporation Common Stock,United States,Broad US equity universe
SMCI,"Super Micro Computer, Inc. - Common Stock",United States,Broad US equity universe
SMG,Scotts Miracle-Gro Company (The) Common Stock,United States,Broad US equity universe
SMHB,ETRACS Monthly Pay 2x Leveraged Small Cap High Dividend ETN Series B,United States,Broad US equity universe
SMHI,SEACOR Marine Holdings Inc. Common Stock ,United States,Broad US equity universe
SMID,Smith-Midland Corporation - Common Stock,United States,Broad US equity universe
SMJF,SMJ International Holdings Inc. Class A Ordinary Shares,United States,Broad US equity universe
SMMT,Summit Therapeutics Inc.  - Common Stock,United States,Broad US equity universe
SMP,"Standard Motor Products, Inc. Common Stock",United States,Broad US equity universe
SMPL,The Simply Good Foods Company - Common Stock,United States,Broad US equity universe
SMR,NuScale Power Corporation Class A Common Stock,United States,Broad US equity universe
SMRT,"SmartRent, Inc. Class A Common Stock",United States,Broad US equity universe
SMSI,"Smith Micro Software, Inc. - Common Stock",United States,Broad US equity universe
SMTC,Semtech Corporation - Common Stock,United States,Broad US equity universe
SMTI,Sanara MedTech Inc. - Common Stock,United States,Broad US equity universe
SMTK,"SmartKem, Inc. - Common Stock",United States,Broad US equity universe
SMTO3.SA,Sao Martinho,Brazil,Sugar & ethanol
SMWB,Similarweb Ltd. Ordinary Shares,United States,Broad US equity universe
SMX,SMX (Security Matters) Public Limited Company - Ordinary Shares,United States,Broad US equity universe
SMXT,Solarmax Technology Inc. - Common Stock,United States,Broad US equity universe
SN,"SharkNinja, Inc. Ordinary Shares",United States,Broad US equity universe
SNA,Snap-On Incorporated Common Stock,United States,Broad US equity universe
SNAL,"Snail, Inc. - Class A Common Stock",United States,Broad US equity universe
SNAP,Snap Inc. Class A Common Stock,United States,Broad US equity universe
SND,"Smart Sand, Inc. - Common Stock",United States,Broad US equity universe
SNDA,"Sonida Senior Living, Inc. Common Stock",United States,Broad US equity universe
SNDK,Sandisk Corporation - Common Stock When-Issued,United States,Broad US equity universe
SNDL,SNDL Inc. - Common Shares,United States,Broad US equity universe
SNDR,"Schneider National, Inc. Common Stock",United States,Broad US equity universe
SNDX,"Syndax Pharmaceuticals, Inc. - Common Stock",United States,Broad US equity universe
SNES,"SenesTech, Inc. - Common Stock",United States,Broad US equity universe
SNEX,StoneX Group Inc. - Common Stock,United States,Broad US equity universe
SNFCA,Security National Financial Corporation - Class A Common Stock,United States,Broad US equity universe
SNGX,"Soligenix, Inc. - Common Stock",United States,Broad US equity universe
SNN,"Smith & Nephew SNATS, Inc. Common Stock",United States,Broad US equity universe
SNOA,"Sonoma Pharmaceuticals, Inc. - Common Stock",United States,Broad US equity universe
SNOW,Snowflake Inc. Common Stock,United States,Broad US equity universe
SNPS,"Synopsys, Inc. - Common Stock",United States,Broad US equity universe
SNSC,SunScout Holding Limited Class A Ordinary Shares,United States,Broad US equity universe
SNT,Senstar Technologies Corporation - Common Shares,United States,Broad US equity universe
SNTG,Sentage Holdings Inc. - Class A Ordinary Shares,United States,Broad US equity universe
SNTI,"Senti Biosciences Holdings, Inc. - Common Stock",United States,Broad US equity universe
SNWV,"SANUWAVE Health, Inc. - Common Stock",United States,Broad US equity universe
SNX,TD SYNNEX Corporation Common Stock,United States,Broad US equity universe
SNYR,Synergy CHC Corp. - Common Stock,United States,Broad US equity universe
SO,Southern Company (The) Common Stock,United States,Broad US equity universe
SOAR,"Volato Group, Inc. Class A Common Stock",United States,Broad US equity universe
SOBO,South Bow Corporation Common Shares,United States,Broad US equity universe
SOBR,"SOBR Safe, Inc. - Common Stock",United States,Broad US equity universe
SOC,Sable Offshore Corp. Common Stock,United States,Broad US equity universe
SOCA,Solarius Capital Acquisition Corp. - Class A Ordinary Share,United States,Broad US equity universe
SOFI,"SoFi Technologies, Inc.  - Common Stock",United States,Broad US equity universe
SOLS,Solstice Advanced Materials Inc. - Common Stock,United States,Broad US equity universe
SOLV,Solventum Corporation Common Stock,United States,Broad US equity universe
SON,Sonoco Products Company Common Stock,United States,Broad US equity universe
SONM,"DNA X, Inc. - Common Stock",United States,Broad US equity universe
SONO,"Sonos, Inc. - Common Stock",United States,Broad US equity universe
SOPH,SOPHiA GENETICS SA - Ordinary Shares,United States,Broad US equity universe
SOR,"Source Capital, Inc. Cmn Shs of BI",United States,Broad US equity universe
SORA,AsiaStrategy - Ordinary Shares,United States,Broad US equity universe
SORN,Soren Acquisition Corp. - Class A Ordinary Shares,United States,Broad US equity universe
SOS,SOS Limited Class A Ordinary Shares,United States,Broad US equity universe
SOTK,Sono-Tek Corporation - Common Stock,United States,Broad US equity universe
SOUL,Soulpower Acquisition Corporation Class A Ordinary Shares,United States,Broad US equity universe
SOUN,"SoundHound AI, Inc. - Class A Common Stock",United States,Broad US equity universe
SOWG,Sow Good Inc. - Common Stock,United States,Broad US equity universe
SOYB,Teucrium Soybean Fund,United States,Soybeans
SPAI,Safe Pro Group Inc. - Common Stock,United States,Broad US equity universe
SPB,"Spectrum Brands Holdings, Inc. Common Stock",United States,Broad US equity universe
SPCB,"SuperCom, Ltd. - Ordinary Shares",United States,Broad US equity universe
SPCE,"Virgin Galactic Holdings, Inc. Common Stock",United States,Broad US equity universe
SPCX,Space Exploration Technologies Corp. - Class A Common Stock,United States,Broad US equity universe
SPE,"Special Opportunities Fund, Inc Common Stock",United States,Broad US equity universe
SPEG,Silver Pegasus Acquisition Corp - Class A Ordinary Shares,United States,Broad US equity universe
SPFI,"South Plains Financial, Inc. - Common Stock",United States,Broad US equity universe
SPG,"Simon Property Group, Inc. Common Stock",United States,Broad US equity universe
SPGI,S&P Global Inc. Common Stock,United States,Broad US equity universe
SPH,"Suburban Propane Partners, L.P. Common Stock",United States,Broad US equity universe
SPHL,Springview Holdings Ltd - Ordinary shares,United States,Broad US equity universe
SPHR,Sphere Entertainment Co. Class A Common Stock,United States,Broad US equity universe
SPIR,"Spire Global, Inc. Class A Common Stock",United States,Broad US equity universe
SPKL,Spark I Acquisition Corp. - Class A Ordinary Share,United States,Broad US equity universe
SPMC,"Sound Point Meridian Capital, Inc. Common Stock",United States,Broad US equity universe
SPNT,SiriusPoint Ltd. Common Shares,United States,Broad US equity universe
SPOK,"Spok Holdings, Inc. - Common Stock",United States,Broad US equity universe
SPOT,Spotify Technology S.A. Ordinary Shares,United States,Broad US equity universe
SPPL,SIMPPLE LTD. - Ordinary Shares,United States,Broad US equity universe
SPRB,"Spruce Biosciences, Inc. - Common Stock",United States,Broad US equity universe
SPRC,SciSparc Ltd. - Ordinary Shares,United States,Broad US equity universe
SPRO,"Spero Therapeutics, Inc. - Common Stock",United States,Broad US equity universe
SPRU,Spruce Power Holding Corporation Class A Common Stock,United States,Broad US equity universe
SPRY,"ARS Pharmaceuticals, Inc. - Common Stock",United States,Broad US equity universe
SPSC,"SPS Commerce, Inc. - Common Stock",United States,Broad US equity universe
SPT,"Sprout Social, Inc - Class A Common Stock",United States,Broad US equity universe
SPTX,"Seaport Therapeutics, Inc. - Common Stock",United States,Broad US equity universe
SPWH,"Sportsman's Warehouse Holdings, Inc. - Common Stock",United States,Broad US equity universe
SPWR,SunPower Inc. - Common Stock,United States,Broad US equity universe
SPXC,"SPX Technologies, Inc. Common Stock",United States,Broad US equity universe
SPXX,Nuveen S&P 500 Dynamic Overwrite Fund,United States,Broad US equity universe
SQFT,"Presidio Property Trust, Inc. - Class A Common Stock",United States,Broad US equity universe
SQM,Sociedad Quimica y Minera de Chile,Chile,Fertilizer & lithium mining
SR,Spire Inc. Common Stock,United States,Broad US equity universe
SRAD,Sportradar Group AG - Class A Ordinary Shares,United States,Broad US equity universe
SRBK,"SR Bancorp, Inc. - Common stock",United States,Broad US equity universe
SRCE,1st Source Corporation - Common Stock,United States,Broad US equity universe
SRE,DBA Sempra Common Stock,United States,Broad US equity universe
SRFM,Surf Air Mobility Inc. Common Stock,United States,Broad US equity universe
SRG,Seritage Growth Properties Class A Common Stock,United States,Broad US equity universe
SRI,"Stoneridge, Inc. Common Stock",United States,Broad US equity universe
SRL,Scully Royalty Ltd.,United States,Broad US equity universe
SRPT,"Sarepta Therapeutics, Inc. - Common Stock",United States,Broad US equity universe
SRRK,Scholar Rock Holding Corporation - Common Stock,United States,Broad US equity universe
SRTA,"Strata Critical Medical, Inc. - Class A Common Stock",United States,Broad US equity universe
SRTS,"Sensus Healthcare, Inc. - Common Stock",United States,Broad US equity universe
SRV,NXG Cushing Midstream Energy Fund Common Shares of Beneficial Interest,United States,Broad US equity universe
SRXH,SRX Global Inc. Common Stock,United States,Broad US equity universe
SRZN,"Surrozen, Inc. - Common Stock",United States,Broad US equity universe
SSAC,SPACSphere Acquisition Corp. - Class A Ordinary Shares,United States,Broad US equity universe
SSB,SouthState Bank Corporation Common Stock,United States,Broad US equity universe
SSBI,Summit State Bank - Common Stock,United States,Broad US equity universe
SSD,"Simpson Manufacturing Company, Inc. Common Stock",United States,Broad US equity universe
SSEA,Starry Sea Acquisition Corp - Ordinary Shares,United States,Broad US equity universe
SSII,SS Innovations International Inc. - Common Stock,United States,Broad US equity universe
SSM,Sono Group N.V. - Ordinary Shares,United States,Broad US equity universe
SSMR,Sunshine Silver Mining & Refining Company Common Stock,United States,Broad US equity universe
SSNC,"SS&C Technologies Holdings, Inc. - Common Stock",United States,Broad US equity universe
SSP,E.W. Scripps Company (The) - Class A Common Stock,United States,Broad US equity universe
SSRM,SSR Mining Inc. - Common Stock,United States,Broad US equity universe
SST,"System1, Inc. Class A Common Stock",United States,Broad US equity universe
SSTI,"SoundThinking, Inc. - Common Stock",United States,Broad US equity universe
SSTK,"Shutterstock, Inc. Common Stock",United States,Broad US equity universe
SSYS,"Stratasys, Ltd. - Common Stock",United States,Broad US equity universe
ST,Sensata Technologies Holding plc Ordinary Shares,United States,Broad US equity universe
STAA,STAAR Surgical Company - Common Stock,United States,Broad US equity universe
STAG,"Stag Industrial, Inc. Common Stock",United States,Broad US equity universe
STAK,STAK Inc. - Class A Ordinary Shares,United States,Broad US equity universe
STBA,"S&T Bancorp, Inc. - Common Stock",United States,Broad US equity universe
STC,Stewart Information Services Corporation Common Stock,United States,Broad US equity universe
STDN,"Standard Nuclear, Inc. Class A Common Stock",United States,Broad US equity universe
STE,STERIS plc (Ireland) Ordinary Shares,United States,Broad US equity universe
STEM,"Stem, Inc. Class A Common Stock",United States,Broad US equity universe
STEP,StepStone Group Inc. - Class A Common Stock,United States,Broad US equity universe
STEW,"SRH Total Return Fund, Inc. Common Stock",United States,Broad US equity universe
STEX,Streamex Corp. - Common Stock,United States,Broad US equity universe
STFS,Star Fashion Culture Holdings Limited - Class A Ordinary Shares,United States,Broad US equity universe
STGW,Stagwell Inc. - Class A Common Stock,United States,Broad US equity universe
STHO,Star Holdings - Shares of Beneficial Interest,United States,Broad US equity universe
STI,"Solidion Technology, Inc. - Common Stock",United States,Broad US equity universe
STIM,"Neuronetics, Inc. - Common Stock",United States,Broad US equity universe
STK,Columbia Seligman Premium Technology Growth Fund Inc,United States,Broad US equity universe
STKE,Sol Strategies Inc. - Common Shares,United States,Broad US equity universe
STKS,"The ONE Group Hospitality, Inc. - Common Stock",United States,Broad US equity universe
STLA,Stellantis N.V. Common Shares,United States,Broad US equity universe
STLD,"Steel Dynamics, Inc. - Common Stock",United States,Broad US equity universe
STLN,"Starling Oncology, Inc. - Common Stock",United States,Broad US equity universe
STM,STMicroelectronics N.V. Common Stock,United States,Broad US equity universe
STN,Stantec Inc Common Stock,United States,Broad US equity universe
STNE,StoneCo Ltd. - Class A Common Share,United States,Broad US equity universe
STNG,Scorpio Tankers Inc. Common Shares,United States,Broad US equity universe
STOK,"Stoke Therapeutics, Inc. - Common Stock",United States,Broad US equity universe
STRA,"Strategic Education, Inc. - Common Stock",United States,Broad US equity universe
STRL,"Sterling Infrastructure, Inc. - Common Stock",United States,Broad US equity universe
STRO,"Sutro Biopharma, Inc. - Common Stock",United States,Broad US equity universe
STRR,"Star Equity Holdings, Inc. - Common Stock",United States,Broad US equity universe
STRT,STRATTEC SECURITY CORPORATION - Common Stock,United States,Broad US equity universe
STRW,"Strawberry Fields REIT, Inc. Common Stock",United States,Broad US equity universe
STRZ,Starz Entertainment Corp. - Common Shares,United States,Broad US equity universe
STT,State Street Corporation Common Stock,United States,Broad US equity universe
STTK,"Shattuck Labs, Inc. - Common Stock",United States,Broad US equity universe
STUB,"StubHub Holdings, Inc. Class A Common Stock",United States,Broad US equity universe
STVN,Stevanato Group S.p.A. Ordinary Shares,United States,Broad US equity universe
STWD,"STARWOOD PROPERTY TRUST, INC. Starwood Property Trust Inc.",United States,Broad US equity universe
STX,Seagate Technology Holdings PLC - Ordinary Shares (Ireland),United States,Broad US equity universe
STXS,"Stereotaxis, Inc. Common Stock",United States,Broad US equity universe
STZ,"Constellation Brands, Inc. Common Stock",United States,Broad US equity universe
SU,Suncor Energy  Inc. Common Stock,United States,Broad US equity universe
SUGP,SU Group Holdings Limited - Class A Ordinary Shares,United States,Broad US equity universe
SUI,"Sun Communities, Inc. Common Stock",United States,Broad US equity universe
SUIG,Sui Group Holdings Limited - Common Stock,United States,Broad US equity universe
SUJA,"Suja Life, Inc. - Class A Common Stock",United States,Broad US equity universe
SUMA,SUMA Acquisition Corporation - Class A Ordinary Shares,United States,Broad US equity universe
SUNB,"Sunbelt Rentals Holdings, Inc. Common Stock",United States,Broad US equity universe
SUNC,"SunocoCorp LLC Common Units, representing limited liability company interests",United States,Broad US equity universe
SUNE,"SUNation Energy, Inc. - Common Stock",United States,Broad US equity universe
SUNS,"Sunrise Realty Trust, Inc. - Common Stock",United States,Broad US equity universe
SUPN,"Supernus Pharmaceuticals, Inc. - Common Stock",United States,Broad US equity universe
SUPX,SuperX AI Technology Limited - Ordinary Shares,United States,Broad US equity universe
SURG,"SurgePays, Inc. - Common Stock",United States,Broad US equity universe
SUZB3.SA,Suzano,Brazil,Pulp & forestry
SVA,"Sinovac Biotech, Ltd. - Ordinary Shares (Antigua/Barbudo)",United States,Broad US equity universe
SVAQ,Silicon Valley Acquisition Corp. - Class A Ordinary Shares,United States,Broad US equity universe
SVC,Service Properties Trust - Common Shares of Beneficial Interest,United States,Broad US equity universe
SVCC,Stellar V Capital Corp. - Class A Ordinary Shares,United States,Broad US equity universe
SVCO,"Silvaco Group, Inc. - Common Stock",United States,Broad US equity universe
SVIV,Spring Valley Acquisition Corp. IV - Class A Ordinary Shares,United States,Broad US equity universe
SVM,Silvercorp Metals Inc. Common Shares,United States,Broad US equity universe
SVRA,"Savara, Inc. - Common Stock",United States,Broad US equity universe
SVRN,OceanPal Inc. - Common Stock,United States,Broad US equity universe
SVV,"Savers Value Village, Inc. Common Stock",United States,Broad US equity universe
SW,Smurfit WestRock plc Ordinary Shares,United States,Broad US equity universe
SWAG,"Stran & Company, Inc. - Common Stock",United States,Broad US equity universe
SWBI,"Smith & Wesson Brands, Inc. - Common Stock",United States,Broad US equity universe
SWIM,"Latham Group, Inc. - Common Stock",United States,Broad US equity universe
SWK,"Stanley Black & Decker, Inc. Common Stock",United States,Broad US equity universe
SWKS,"Skyworks Solutions, Inc. - Common Stock",United States,Broad US equity universe
SWMR,"Swarmer, Inc - common stock",United States,Broad US equity universe
SWVL,Swvl Holdings Corp - Ordinary Shares,United States,Broad US equity universe
SWX,"Southwest Gas Holdings, Inc. Common Stock (DE)",United States,Broad US equity universe
SWZ,Total Return Securities Fund Common Stock,United States,Broad US equity universe
SXC,"SunCoke Energy, Inc. Common Stock",United States,Broad US equity universe
SXI,Standex International Corporation Common Stock,United States,Broad US equity universe
SXT,Sensient Technologies Corporation Common Stock,United States,Broad US equity universe
SXTC,"China SXT Pharmaceuticals, Inc. - Class A Ordinary Shares",United States,Broad US equity universe
SXTP,"60 Degrees Pharmaceuticals, Inc. - Common Stock",United States,Broad US equity universe
SY,So-Young International Inc. - American Depository Shares,United States,Broad US equity universe
SYBT,"Stock Yards Bancorp, Inc. - Common Stock",United States,Broad US equity universe
SYF,Synchrony Financial Common Stock,United States,Broad US equity universe
SYK,Stryker Corporation Common Stock,United States,Broad US equity universe
SYM,Symbotic Inc. - Class A Common Stock,United States,Broad US equity universe
SYNA,Synaptics Incorporated - Common Stock,United States,Broad US equity universe
SYNX,Silynxcom Ltd. Ordinary Shares,United States,Broad US equity universe
SYPR,"Sypris Solutions, Inc. - Common Stock",United States,Broad US equity universe
SYRE,"Spyre Therapeutics, Inc. - Common Stock",United States,Broad US equity universe
SYY,Sysco Corporation Common Stock,United States,Broad US equity universe
SZZL,Sizzle Acquisition Corp. II - Class A ordinary shares,United States,Broad US equity universe
T,AT&T Inc.,United States,Broad US equity universe
TAC,TransAlta Corporation Ordinary Shares,United States,Broad US equity universe
TACH,Titan Acquisition Corp. - Class A Ordinary Shares,United States,Broad US equity universe
TACO,Berto Acquisition Corp. - Ordinary Shares,United States,Broad US equity universe
TACT,TransAct Technologies Incorporated - Common Stock,United States,Broad US equity universe
TALK,"Talkspace, Inc. - Common Stock",United States,Broad US equity universe
TALO,"Talos Energy, Inc. Common Stock",United States,Broad US equity universe
TANH,Tantech Holdings Ltd. - Class A Common Shares,United States,Broad US equity universe
TAOP,Taoping Inc. - Ordinary Shares,United States,Broad US equity universe
TAOX,Tao Synergies Inc. - Common Stock,United States,Broad US equity universe
TAP,Molson Coors Beverage Company Class B Common Stock,United States,Broad US equity universe
TAP-A,Molson Coors Beverage Company Class A Common Stock,United States,Broad US equity universe
TARA,"Protara Therapeutics, Inc.  - Common Stock",United States,Broad US equity universe
TARS,"Tarsus Pharmaceuticals, Inc. - Common Stock",United States,Broad US equity universe
TASK,"TaskUs, Inc. - Class A Common Stock",United States,Broad US equity universe
TATT,TAT Technologies Ltd. - Ordinary Shares,United States,Broad US equity universe
TAVI,Tavia Acquisition Corp. - Ordinary Shares,United States,Broad US equity universe
TAYD,"Taylor Devices, Inc. - Common Stock",United States,Broad US equity universe
TBBB,BBB Foods Inc. Class A Common Shares,United States,Broad US equity universe
TBBK,"The Bancorp, Inc. - Common Stock",United States,Broad US equity universe
TBCH,Turtle Beach Corporation - Common Stock,United States,Broad US equity universe
TBI,"TrueBlue, Inc. Common Stock",United States,Broad US equity universe
TBLA,Taboola.com Ltd. - Ordinary Shares,United States,Broad US equity universe
TBLD,Thornburg Income Builder Opportunities Trust - Closed End Fund,United States,Broad US equity universe
TBN,Tamboran Resources Corporation Common stock,United States,Broad US equity universe
TBPH,"Theravance Biopharma, Inc. - Ordinary Shares",United States,Broad US equity universe
TCBI,"Texas Capital Bancshares, Inc. - Common Stock",United States,Broad US equity universe
TCBK,TriCo Bancshares - Common Stock,United States,Broad US equity universe
TCBS,"Texas Community Bancshares, Inc. - Common Stock",United States,Broad US equity universe
TCBX,"Third Coast Bancshares, Inc. Common Stock",United States,Broad US equity universe
TCGX,TCGX Acquisition Corp. - Class A Ordinary Shares,United States,Broad US equity universe
TCI,"Transcontinental Realty Investors, Inc. Common Stock",United States,Broad US equity universe
TCMD,"Tactile Systems Technology, Inc. - Common Stock",United States,Broad US equity universe
TCPC,BlackRock TCP Capital Corp. - Closed End Fund,United States,Broad US equity universe
TCRT,"Alaunos Therapeutics, Inc. - Common Stock",United States,Broad US equity universe
TCRX,"TScan Therapeutics, Inc. - Common Stock",United States,Broad US equity universe
TCX,Tucows Inc. - Common Stock,United States,Broad US equity universe
TD,Toronto Dominion Bank (The) Common Stock,United States,Broad US equity universe
TDAC,Translational Development Acquisition Corp. - Ordinary Shares,United States,Broad US equity universe
TDAY,"USA TODAY Co., Inc. Common Stock",United States,Broad US equity universe
TDC,Teradata Corporation Common Stock,United States,Broad US equity universe
TDF,"Templeton Dragon Fund, Inc. Common Stock",United States,Broad US equity universe
TDG,Transdigm Group Incorporated Common Stock,United States,Broad US equity universe
TDIC,Dreamland Limited - Class A Ordinary Shares,United States,Broad US equity universe
TDOC,"Teladoc Health, Inc. Common Stock",United States,Broad US equity universe
TDS,"Telephone and Data Systems, Inc. Common Shares",United States,Broad US equity universe
TDTH,Trident Digital Tech Holdings Ltd - Class B Ordinary Shares,United States,Broad US equity universe
TDUP,ThredUp Inc. - Class A Common Stock,United States,Broad US equity universe
TDW,Tidewater Inc. Common Stock,United States,Broad US equity universe
TDWD,Tailwind 2.0 Acquisition Corp. - Class A Ordinary Shares,United States,Broad US equity universe
TDY,Teledyne Technologies Incorporated Common Stock,United States,Broad US equity universe
TE,T1 Energy Inc. Common Stock,United States,Broad US equity universe
TEAD,Teads Holding Co. - Common Stock,United States,Broad US equity universe
TEAM,Atlassian Corporation  - Class A Common Stock,United States,Broad US equity universe
TECH,Bio-Techne Corp - Common Stock,United States,Broad US equity universe
TECK,Teck Resources Ltd Ordinary Shares,United States,Broad US equity universe
TECX,"Tectonic Therapeutic, Inc. - Common Stock",United States,Broad US equity universe
TEI,"Templeton Emerging Markets Income Fund, Inc. Common Stock",United States,Broad US equity universe
TEL,TE Connectivity plc Ordinary Shares,United States,Broad US equity universe
TELA,"TELA Bio, Inc. - Common stock",United States,Broad US equity universe
TELO,"Telomir Pharmaceuticals, Inc. - Common Stock",United States,Broad US equity universe
TEM,"Tempus AI, Inc. - Class A Common Stock",United States,Broad US equity universe
TEN,Tsakos Energy Navigation Ltd Common Shares,United States,Broad US equity universe
TENB,"Tenable Holdings, Inc. - Common Stock",United States,Broad US equity universe
TENX,"Tenax Therapeutics, Inc. - Common Stock",United States,Broad US equity universe
TEO,Telecom Argentina SA,United States,Broad US equity universe
TER,"Teradyne, Inc. - Common Stock",United States,Broad US equity universe
TEX,Terex Corporation Common Stock,United States,Broad US equity universe
TFC,Truist Financial Corporation Common Stock,United States,Broad US equity universe
TFII,TFI International Inc. Common Shares,United States,Broad US equity universe
TFIN,"Triumph Financial, Inc. Common Stock",United States,Broad US equity universe
TFPM,Triple Flag Precious Metals Corp. Common Shares,United States,Broad US equity universe
TFSL,TFS Financial Corporation - Common Stock,United States,Broad US equity universe
TFX,Teleflex Incorporated Common Stock,United States,Broad US equity universe
TG,Tredegar Corporation Common Stock,United States,Broad US equity universe
TGB,Trekor Metals Limited Common Shares,United States,Broad US equity universe
TGE,The Generation Essentials Group Class A Ordinary Shares,United States,Broad US equity universe
TGEN,Tecogen Inc. Common Stock,United States,Broad US equity universe
TGHL,The GrowHub Limited - Class A Ordinary Shares,United States,Broad US equity universe
TGL,Treasure Global Inc. - Common Stock,United States,Broad US equity universe
TGLS,Tecnoglass Holdings Inc. Common Stock,United States,Broad US equity universe
TGS,Transportadora de Gas del Sur SA TGS Common Stock,United States,Broad US equity universe
TGT,Target Corporation Common Stock,United States,Broad US equity universe
TGTX,"TG Therapeutics, Inc. - Common Stock",United States,Broad US equity universe
TH,Target Hospitality Corp. - Common Stock,United States,Broad US equity universe
THC,Tenet Healthcare Corporation Common Stock,United States,Broad US equity universe
THCH,TH International Limited - Ordinary shares,United States,Broad US equity universe
THEO,BOA Acquisition Corp. II - Class A Ordinary Shares,United States,Broad US equity universe
THFF,First Financial Corporation  - Common Stock,United States,Broad US equity universe
THG,Hanover Insurance Group Inc,United States,Broad US equity universe
THH,TryHard Holdings Limited - Ordinary Shares,United States,Broad US equity universe
THM,"International Tower Hill Mines, Ltd. Ordinary Shares (Canada)",United States,Broad US equity universe
THO,"Thor Industries, Inc. Common Stock",United States,Broad US equity universe
THQ,abrdn Healthcare Opportunities Fund Shares of Beneficial Interest,United States,Broad US equity universe
THRM,Gentherm Inc - Common Stock,United States,Broad US equity universe
THRY,"Thryv Holdings, Inc. - Common Stock",United States,Broad US equity universe
THW,abrdn World Healthcare Fund Shares of Beneficial Interest,United States,Broad US equity universe
TIC,"TIC Solutions, Inc. Common Stock",United States,Broad US equity universe
TIGO,Millicom International Cellular S.A. - Common Stock,United States,Broad US equity universe
TII,Titan Mining Corporation Common Shares,United States,Broad US equity universe
TIL,"Instil Bio, Inc. - Common Stock",United States,Broad US equity universe
TILE,"Interface, Inc. - Common Stock",United States,Broad US equity universe
TIPT,Tiptree Inc. - Common Stock,United States,Broad US equity universe
TISI,"Team, Inc. Common Stock",United States,Broad US equity universe
TITN,Titan Machinery Inc. - Common Stock,United States,Broad US equity universe
TJGC,TJGC Group Limited - Class A Ordinary Shares,United States,Broad US equity universe
TJX,"TJX Companies, Inc. (The) Common Stock",United States,Broad US equity universe
TK,Teekay Corporation Ltd. Common Stock,United States,Broad US equity universe
TKC,Turkcell Iletisim Hizmetleri AS Common Stock,United States,Broad US equity universe
TKNO,"Alpha Teknova, Inc. - Common Stock",United States,Broad US equity universe
TKO,"TKO Group Holdings, Inc. Class A Common Stock",United States,Broad US equity universe
TKR,Timken Company (The) Common Stock,United States,Broad US equity universe
TLF,"Tandy Leather Factory, Inc. - common stock",United States,Broad US equity universe
TLIH,Ten-League International Holdings Limited - Ordinary Shares,United States,Broad US equity universe
TLK,"PT Telekomunikasi Indonesia, Tbk",United States,Broad US equity universe
TLN,Talen Energy Corporation - Common Stock,United States,Broad US equity universe
TLNC,Talon Capital Corp. - Class A Ordinary Shares,United States,Broad US equity universe
TLPH,"Talphera, Inc. - Common Stock",United States,Broad US equity universe
TLRY,"Tilray Brands, Inc. - Common Stock",United States,Broad US equity universe
TLS,Telos Corporation - Common Stock,United States,Broad US equity universe
TLSA,Tiziana Life Sciences Ltd - Common Shares,United States,Broad US equity universe
TLSI,"TriSalus Life Sciences, Inc. - Common Stock",United States,Broad US equity universe
TLYS,"Tilly's, Inc. Common Stock",United States,Broad US equity universe
TM,Toyota Motor Corporation Common Stock,United States,Broad US equity universe
TMC,TMC the metals company Inc. - Common Stock,United States,Broad US equity universe
TMCI,"Treace Medical Concepts, Inc. - Common Stock",United States,Broad US equity universe
TMCR,The Metals Royalty Company Inc. - Common Stock,United States,Broad US equity universe
TMDE,TMD Energy Limited Ordinary Shares,United States,Broad US equity universe
TMDX,"TransMedics Group, Inc. - Common Stock",United States,Broad US equity universe
TMO,Thermo Fisher Scientific Inc Common Stock,United States,Broad US equity universe
TMP,Tompkins Financial Corporation Common Stock,United States,Broad US equity universe
TMQ,Trilogy Metals Inc. Common Stock,United States,Broad US equity universe
TMS,Teamshares Inc. - Common Stock,United States,Broad US equity universe
TMTS,Spartacus Acquisition Corp. II - Class A Ordinary Shares,United States,Broad US equity universe
TMUS,"T-Mobile US, Inc. - Common Stock",United States,Broad US equity universe
TNC,Tennant Company Common Stock,United States,Broad US equity universe
TNDM,"Tandem Diabetes Care, Inc. - Common Stock",United States,Broad US equity universe
TNET,"TriNet Group, Inc. Common Stock",United States,Broad US equity universe
TNGX,"Tango Therapeutics, Inc. - Common Stock",United States,Broad US equity universe
TNK,Teekay Tankers Ltd.,United States,Broad US equity universe
TNL,Travel   Leisure Co. Common  Stock,United States,Broad US equity universe
TNMG,TNL Mediagene - Ordinary Shares,United States,Broad US equity universe
TNON,"Tenon Medical, Inc. - Common Stock",United States,Broad US equity universe
TNXP,Tonix Pharmaceuticals Holding Corp. - Common Stock,United States,Broad US equity universe
TNYA,"Tenaya Therapeutics, Inc. - Common Stock",United States,Broad US equity universe
TOL,"Toll Brothers, Inc. Common Stock",United States,Broad US equity universe
TOMZ,"TOMI Environmental Solutions, Inc. - Common Stock",United States,Broad US equity universe
TONT,Graf Global Corp. Class A ordinary shares,United States,Broad US equity universe
TONX,TON Strategy Company - Common Stock,United States,Broad US equity universe
TOON,"Kartoon Studios, Inc. Common Stock",United States,Broad US equity universe
TOP,TOP Financial Group Limited - Class A Ordinary Shares,United States,Broad US equity universe
TOPP,Toppoint Holdings Inc. Common Stock,United States,Broad US equity universe
TOPS,"TOP Ships, Inc. Common Stock",United States,Broad US equity universe
TORO,Toro Corp. - Common stock,United States,Broad US equity universe
TOST,"Toast, Inc. Class A Common Stock",United States,Broad US equity universe
TOVX,"Theriva Biologics, Inc. Common Stock",United States,Broad US equity universe
TOWN,Towne Bank - Common Stock,United States,Broad US equity universe
TOYO,"TOYO Co., Ltd - Ordinary Shares",United States,Broad US equity universe
TP,Ticketplus Ltd. Ordinary Shares,United States,Broad US equity universe
TPB,"Turning Point Brands, Inc. Common Stock",United States,Broad US equity universe
TPC,Tutor Perini Corporation Common Stock,United States,Broad US equity universe
TPCS,TechPrecision Corporation - Common stock,United States,Broad US equity universe
TPET,Trio Petroleum Corp. Common Stock,United States,Broad US equity universe
TPG,TPG Inc. - Class A Common Stock,United States,Broad US equity universe
TPL,Texas Pacific Land Corporation Common Stock,United States,Broad US equity universe
TPR,"Tapestry, Inc. Common Stock",United States,Broad US equity universe
TPST,"Tempest Therapeutics, Inc. - Common Stock",United States,Broad US equity universe
TPVG,TriplePoint Venture Growth BDC Corp. Common Stock,United States,Broad US equity universe
TR,"Tootsie Roll Industries, Inc. Common Stock",United States,Broad US equity universe
TRAD,APEX Tech Acquisition Inc. Ordinary Shares,United States,Broad US equity universe
TRAK,"ReposiTrak, Inc. Common Stock",United States,Broad US equity universe
TRAW,"Traws Pharma, Inc. - Common Stock",United States,Broad US equity universe
TRAX,"First Tracks Biotherapeutics, Inc. - Ordinary Shares",United States,Broad US equity universe
TRC,Tejon Ranch Co Common Stock,United States,Broad US equity universe
TRDA,"Entrada Therapeutics, Inc. - Common Stock",United States,Broad US equity universe
TREE,"LendingTree, Inc. - Common Stock",United States,Broad US equity universe
TREX,"Trex Company, Inc. Common Stock",United States,Broad US equity universe
TRGP,"Targa Resources, Inc. Common Stock",United States,Broad US equity universe
TRGS,TRG Latin America Acquisitions Corp. - Class A Ordinary Shares,United States,Broad US equity universe
TRI,Thomson Reuters Corp - Common Shares,United States,Broad US equity universe
TRIN,Trinity Capital Inc. Common Stock,United States,Broad US equity universe
TRIP,"TripAdvisor, Inc. - Common Stock",United States,Broad US equity universe
TRLV,Trulieve Cannabis Corp. Subordinate Voting Shares,United States,Broad US equity universe
TRMB,Trimble Inc. - Common Stock,United States,Broad US equity universe
TRMD,TORM plc - Class A Common Stock,United States,Broad US equity universe
TRMK,Trustmark Corporation - Common Stock,United States,Broad US equity universe
TRN,"Trinity Industries, Inc. Common Stock",United States,Broad US equity universe
TRNO,Terreno Realty Corporation Common Stock,United States,Broad US equity universe
TRNR,Interactive Strength Inc. - Common Stock,United States,Broad US equity universe
TRNS,"Transcat, Inc. - Common Stock",United States,Broad US equity universe
TRON,Tron Inc. - Common Stock,United States,Broad US equity universe
TROO,"TROOPS, Inc.  - Ordinary Shares",United States,Broad US equity universe
TROW,"T. Rowe Price Group, Inc. - Common Stock",United States,Broad US equity universe
TROX,Tronox Holdings plc Ordinary Shares (UK),United States,Broad US equity universe
TRP,TC Energy Corporation Common Stock,United States,Broad US equity universe
TRS,TriMas Corporation - Common Stock,United States,Broad US equity universe
TRSG,Tungray Technologies Inc - Class A Ordinary Shares,United States,Broad US equity universe
TRST,TrustCo Bank Corp NY - Common Stock,United States,Broad US equity universe
TRT,Trio-Tech International Common Stock,United States,Broad US equity universe
TRTX,"TPG RE Finance Trust, Inc. Common Stock",United States,Broad US equity universe
TRU,TransUnion Common Stock,United States,Broad US equity universe
TRUG,"TruGolf Holdings, Inc. - Class A Common Stock",United States,Broad US equity universe
TRUP,"Trupanion, Inc. - Common Stock",United States,Broad US equity universe
TRV,"The Travelers Companies, Inc. Common Stock",United States,Broad US equity universe
TRVI,"Trevi Therapeutics, Inc. - Common Stock",United States,Broad US equity universe
TRX,TRX Gold Corporation Common Stock,United States,Broad US equity universe
TSAT,Telesat Corporation - Class A Common Shares and Class B Variable Voting Shares,United States,Broad US equity universe
TSBK,"Timberland Bancorp, Inc. - Common Stock",United States,Broad US equity universe
TSCO,Tractor Supply Company - Common Stock,United States,Broad US equity universe
TSEM,Tower Semiconductor Ltd. - Ordinary Shares,United States,Broad US equity universe
TSHA,"Taysha Gene Therapies, Inc. - Common Stock",United States,Broad US equity universe
TSI,"TCW Strategic Income Fund, Inc. Common Stock",United States,Broad US equity universe
TSLA,"Tesla, Inc.  - Common Stock",United States,Broad US equity universe
TSLX,"Sixth Street Specialty Lending, Inc. Common Stock",United States,Broad US equity universe
TSM,Taiwan Semiconductor Manufacturing Company Ltd.,United States,Broad US equity universe
TSN,Tyson Foods,United States,Animal protein
TSQ,"Townsquare Media, Inc. Class A Common Stock",United States,Broad US equity universe
TSSI,"TSS, Inc. - Common Stock",United States,Broad US equity universe
TT,Trane Technologies plc,United States,Broad US equity universe
TTAM,Titan America SA Common Shares,United States,Broad US equity universe
TTAN,"ServiceTitan, Inc. - Class A Common Stock",United States,Broad US equity universe
TTC,Toro Company (The) Common Stock,United States,Broad US equity universe
TTD,"The Trade Desk, Inc. - Class A Common Stock",United States,Broad US equity universe
TTE,TotalEnergies SE Ordinary Shares,United States,Broad US equity universe
TTEC,"TTEC Holdings, Inc. - Common Stock",United States,Broad US equity universe
TTEK,"Tetra Tech, Inc. - Common Stock",United States,Broad US equity universe
TTGT,"TechTarget, Inc. - Common Stock",United States,Broad US equity universe
TTI,"Tetra Technologies, Inc. Common Stock",United States,Broad US equity universe
TTMI,"TTM Technologies, Inc. - Common Stock",United States,Broad US equity universe
TTRX,Turn Therapeutics Inc. - Common Stock,United States,Broad US equity universe
TTWO,"Take-Two Interactive Software, Inc. - Common Stock",United States,Broad US equity universe
TU,Telus Corporation Ordinary Shares,United States,Broad US equity universe
TU.BK,Thai Union Group,Thailand,Seafood processing
TULP,"Bloomia Holdings, Inc. - Common Stock",United States,Broad US equity universe
TUSK,"Mammoth Energy Services, Inc. - Common Stock",United States,Broad US equity universe
TV,Grupo Televisa S.A.B. Common Stock,United States,Broad US equity universe
TVA,Texas Ventures Acquisition III Corp - Class A Ordinary Share,United States,Broad US equity universe
TVAI,Thayer Ventures Acquisition Corporation II - Class A Ordinary Shares,United States,Broad US equity universe
TVC,Tennessee Valley Authority Common Stock,United States,Broad US equity universe
TVE,Tennessee Valley Authority,United States,Broad US equity universe
TVGN,Tevogen Inc. - Common Stock,United States,Broad US equity universe
TVIV,Texas Ventures Acquisition IV Corp - Class A Ordinary Shares,United States,Broad US equity universe
TVRD,"Tvardi Therapeutics, Inc. - Common Stock",United States,Broad US equity universe
TVTX,"Travere Therapeutics, Inc. - Common Stock",United States,Broad US equity universe
TW,Tradeweb Markets Inc. - Class A Common Stock,United States,Broad US equity universe
TWAV,"TaoWeave, Inc. - Common Stock",United States,Broad US equity universe
TWFG,"TWFG, Inc. - Common Stock",United States,Broad US equity universe
TWG,Top Wealth Group Holding Limited - Class A Ordinary Shares,United States,Broad US equity universe
TWI,"Titan International, Inc. (DE) Common Stock",United States,Broad US equity universe
TWIN,"Twin Disc, Incorporated - Common Stock",United States,Broad US equity universe
TWLO,Twilio Inc. Class A Common Stock,United States,Broad US equity universe
TWLV,Twelve Seas Investment Company III - Class A Ordinary Shares,United States,Broad US equity universe
TWN,"Taiwan Fund, Inc. (The) Common Stock",United States,Broad US equity universe
TWO,Two Harbors Investment Corp,United States,Broad US equity universe
TWST,Twist Bioscience Corporation - Common Stock,United States,Broad US equity universe
TXG,"10x Genomics, Inc. - Common Stock",United States,Broad US equity universe
TXMD,"TherapeuticsMD, Inc. - Common Stock",United States,Broad US equity universe
TXN,Texas Instruments Incorporated - Common Stock,United States,Broad US equity universe
TXNM,"TXNM Energy, Inc. Common Stock",United States,Broad US equity universe
TXRH,"Texas Roadhouse, Inc. - Common Stock",United States,Broad US equity universe
TXT,Textron Inc. Common Stock,United States,Broad US equity universe
TY,Tri Continental Corporation Common Stock,United States,Broad US equity universe
TYG,Tortoise Energy Infrastructure Corporation Common Stock,United States,Broad US equity universe
TYGO,"Tigo Energy, Inc. - Common Stock",United States,Broad US equity universe
TYL,"Tyler Technologies, Inc. Common Stock",United States,Broad US equity universe
TYRA,"Tyra Biosciences, Inc. - Common Stock",United States,Broad US equity universe
TZOO,Travelzoo - Common Stock,United States,Broad US equity universe
U,Unity Software Inc. Common Stock,United States,Broad US equity universe
UA,"Under Armour, Inc. Class C Common Stock",United States,Broad US equity universe
UAA,"Under Armour, Inc. Class A Common Stock",United States,Broad US equity universe
UAC,United Acquisition Corp. I Class A Ordinary Shares,United States,Broad US equity universe
UAL,"United Airlines Holdings, Inc. - Common Stock",United States,Broad US equity universe
UAMY,United States Antimony Corporation Common Stock,United States,Broad US equity universe
UAVS,"AgEagle Aerial Systems, Inc. Common Stock",United States,Broad US equity universe
UBCP,"United Bancorp, Inc. - Common Stock",United States,Broad US equity universe
UBER,"Uber Technologies, Inc. Common Stock",United States,Broad US equity universe
UBS,UBS Group AG Registered Ordinary Shares,United States,Broad US equity universe
UBSI,"United Bankshares, Inc. - Common Stock",United States,Broad US equity universe
UCAR,U Power Limited - Class A Ordinary Shares,United States,Broad US equity universe
UCB,"United Community Banks, Inc. Common Stock",United States,Broad US equity universe
UCFI,CN Healthy Food Tech Group Corp. - Common Stock,United States,Broad US equity universe
UCIB,"ETRACS UBS Bloomberg Constant Maturity Commodity Index (CMCI) Total Return ETN Series B due April 5, 2038",United States,Broad US equity universe
UCTT,"Ultra Clean Holdings, Inc. - Common Stock",United States,Broad US equity universe
UDR,"UDR, Inc. Common Stock",United States,Broad US equity universe
UE,Urban Edge Properties Common Shares of Beneficial Interest,United States,Broad US equity universe
UEC,Uranium Energy Corp. Common Stock,United States,Broad US equity universe
UEIC,Universal Electronics Inc. - Common Stock,United States,Broad US equity universe
UFCS,"United Fire Group, Inc - Common Stock",United States,Broad US equity universe
UFG,Uni-Fuels Holdings Limited - Class A Ordinary Shares,United States,Broad US equity universe
UFI,"Unifi, Inc. New Common Stock",United States,Broad US equity universe
UFPI,"UFP Industries, Inc. - Common Stock",United States,Broad US equity universe
UFPT,"UFP Technologies, Inc. - Common Stock",United States,Broad US equity universe
UG,"United-Guardian, Inc. - Common Stock",United States,Broad US equity universe
UGI,UGI Corporation Common Stock,United States,Broad US equity universe
UHAL,U-Haul Holding Company Common Stock,United States,Broad US equity universe
UHAL-B,U-Haul Holding Company Series N Non-Voting Common Stock ,United States,Broad US equity universe
UHS,"Universal Health Services, Inc. Common Stock",United States,Broad US equity universe
UHT,Universal Health Realty Income Trust Common Stock,United States,Broad US equity universe
UI,Ubiquiti Inc. Common Stock,United States,Broad US equity universe
UIS,Unisys Corporation New Common Stock,United States,Broad US equity universe
UK,Ucommune International Ltd  - Class A Ordinary Shares,United States,Broad US equity universe
ULBI,Ultralife Corporation - Common Stock,United States,Broad US equity universe
ULCC,"Frontier Group Holdings, Inc. - Common Stock",United States,Broad US equity universe
ULH,"Universal Logistics Holdings, Inc. - Common Stock",United States,Broad US equity universe
ULS,UL Solutions Inc. Class A Common Stock,United States,Broad US equity universe
ULTA,"Ulta Beauty, Inc. - Common Stock",United States,Broad US equity universe
UMAC,"Unusual Machines, Inc. Common Stock",United States,Broad US equity universe
UMBF,UMB Financial Corporation - Common Stock,United States,Broad US equity universe
UMC,United Microelectronics Corporation (NEW) Common Stock,United States,Broad US equity universe
UMH,"UMH Properties, Inc. Common Stock",United States,Broad US equity universe
UNB,"Union Bankshares, Inc. - Common Stock",United States,Broad US equity universe
UNCY,"Unicycive Therapeutics, Inc. - Common Stock",United States,Broad US equity universe
UNF,Unifirst Corporation Common Stock,United States,Broad US equity universe
UNFI,"United Natural Foods, Inc. Common Stock",United States,Broad US equity universe
UNH,UnitedHealth Group Incorporated Common Stock (DE),United States,Broad US equity universe
UNIT,Uniti Group Inc. - Common Stock,United States,Broad US equity universe
UNM,Unum Group Common Stock,United States,Broad US equity universe
UNP,Union Pacific Corporation Common Stock,United States,Broad US equity universe
UNTY,"Unity Bancorp, Inc. - Common Stock",United States,Broad US equity universe
UONE,"Urban One, Inc.  - Class A Common Stock",United States,Broad US equity universe
UONEK,"Urban One, Inc.  - Class D Common Stock",United States,Broad US equity universe
UP,Wheels Up Experience Inc. Class A Common Stock,United States,Broad US equity universe
UPB,"Upstream Bio, Inc. - Common Stock",United States,Broad US equity universe
UPBD,"Upbound Group, Inc. - Common Stock",United States,Broad US equity universe
UPC,Universe Pharmaceuticals Inc - Class A Ordinary Shares,United States,Broad US equity universe
UPL.NS,UPL,India,Crop protection
UPLD,"Upland Software, Inc. - Common Stock",United States,Broad US equity universe
UPS,"United Parcel Service, Inc. Common Stock",United States,Broad US equity universe
UPST,"Upstart Holdings, Inc. - Common stock",United States,Broad US equity universe
UPWK,Upwork Inc. - Common Stock,United States,Broad US equity universe
UPXI,"Upexi, Inc. - Common Stock",United States,Broad US equity universe
URBN,"Urban Outfitters, Inc. - Common Stock",United States,Broad US equity universe
URG,Ur Energy Inc Common Shares (Canada),United States,Broad US equity universe
URGN,UroGen Pharma Ltd. - Ordinary Shares,United States,Broad US equity universe
URI,"United Rentals, Inc. Common Stock",United States,Broad US equity universe
UROY,Uranium Royalty Corp. - Common Stock,United States,Broad US equity universe
USA,Liberty All-Star Equity Fund Common Stock,United States,Broad US equity universe
USAR,"USA Rare Earth, Inc. - Common Stock",United States,Broad US equity universe
USAS,"Americas Gold and Silver Corporation Common Shares, no par value",United States,Broad US equity universe
USAU,U.S. Gold Corp. - Common Stock,United States,Broad US equity universe
USB,U.S. Bancorp Common Stock,United States,Broad US equity universe
USBC,"USBC, Inc. Common Stock",United States,Broad US equity universe
USCB,"USCB Financial Holdings, Inc.  - Class A Common Stock",United States,Broad US equity universe
USDE,StablecoinX Inc. - Class A Common Stock,United States,Broad US equity universe
USEA,United Maritime Corporation - Common Stock,United States,Broad US equity universe
USFD,US Foods Holding Corp. Common Stock,United States,Broad US equity universe
USGO,U.S. GoldMining Inc. - Common stock,United States,Broad US equity universe
USIO,"Usio, Inc. - Common Stock",United States,Broad US equity universe
USLM,"United States Lime & Minerals, Inc. - Common Stock",United States,Broad US equity universe
USNA,"USANA Health Sciences, Inc. Common Stock",United States,Broad US equity universe
USPH,"U.S. Physical Therapy, Inc. Common Stock",United States,Broad US equity universe
UTF,"Cohen & Steers Infrastructure Fund, Inc Common Stock",United States,Broad US equity universe
UTG,Reaves Utility Income Fund Common Shares of Beneficial Interest,United States,Broad US equity universe
UTHR,United Therapeutics Corporation - Common Stock,United States,Broad US equity universe
UTI,Universal Technical Institute Inc Common Stock,United States,Broad US equity universe
UTL,UNITIL Corporation Common Stock,United States,Broad US equity universe
UTMD,"Utah Medical Products, Inc. - Common Stock",United States,Broad US equity universe
UTSI,UTStarcom Holdings Corp - Ordinary Shares,United States,Broad US equity universe
UTZ,Utz Brands Inc Class A Common Stock ,United States,Broad US equity universe
UUU,"Universal Safety Products, Inc. Common Stock",United States,Broad US equity universe
UUUU,Energy Fuels Inc Ordinary Shares (Canada),United States,Broad US equity universe
UVE,UNIVERSAL INSURANCE HOLDINGS INC Common Stock,United States,Broad US equity universe
UVSP,Univest Financial Corporation - Common Stock,United States,Broad US equity universe
UVV,Universal Corporation Common Stock,United States,Broad US equity universe
UWMC,UWM Holdings Corporation Class A Common Stock,United States,Broad US equity universe
UYSC,UY Scuti Acquisition Corp. - Ordinary Shares,United States,Broad US equity universe
UZX,Linkage Global Inc - Class A Ordinary Shares,United States,Broad US equity universe
V,Visa Inc.,United States,Broad US equity universe
VABK,Virginia National Bankshares Corporation - Common Stock,United States,Broad US equity universe
VAC,Marriott Vacations Worldwide Corporation Common Stock,United States,Broad US equity universe
VACI,Viking Acquisition Corp. I Class A Ordinary Shares,United States,Broad US equity universe
VAL,Valaris Limited Common Shares,United States,Broad US equity universe
VALU,"Value Line, Inc. - Common Stock",United States,Broad US equity universe
VANI,"Vivani Medical, Inc.  - Common Stock",United States,Broad US equity universe
VATE,INNOVATE Corp. Common Stock,United States,Broad US equity universe
VBIO,"Valion Bio, Inc. - Common stock",United States,Broad US equity universe
VBNK,VersaBank - Common Shares,United States,Broad US equity universe
VC,Visteon Corporation - Common Stock,United States,Broad US equity universe
VCEL,Vericel Corporation - Common Stock,United States,Broad US equity universe
VCIG,VCI Global Limited - Ordinary Share,United States,Broad US equity universe
VCTR,"Victory Capital Holdings, Inc. - Common Stock",United States,Broad US equity universe
VCV,Invesco California Value Municipal Income Trust Common Stock,United States,Broad US equity universe
VCX,"Fundrise Innovation Fund, LLC Common Shares of Limited Liability Company Interests",United States,Broad US equity universe
VCYT,"Veracyte, Inc. - Common Stock",United States,Broad US equity universe
VECA,Vernal Capital Acquisition Corp. Ordinary Shares,United States,Broad US equity universe
VECO,Veeco Instruments Inc. - Common Stock,United States,Broad US equity universe
VEEA,Veea Inc. - Common Stock,United States,Broad US equity universe
VEEE,Twin Vee PowerCats Co. - Common Stock,United States,Broad US equity universe
VEEV,Veeva Systems Inc. Class A Common Stock,United States,Broad US equity universe
VEL,"Velocity Financial, Inc. Common Stock",United States,Broad US equity universe
VELO,"Velo3D, Inc. - Common stock",United States,Broad US equity universe
VENU,Venu Holding Corporation Common Stock,United States,Broad US equity universe
VERA,"Vera Therapeutics, Inc. - Class A Common Stock",United States,Broad US equity universe
VERI,"Veritone, Inc. - Common Stock",United States,Broad US equity universe
VERU,Veru Inc. - Common Stock,United States,Broad US equity universe
VERX,"Vertex, Inc. - Class A Common Stock",United States,Broad US equity universe
VET,Vermilion Energy Inc. Common (Canada),United States,Broad US equity universe
VFC,V.F. Corporation Common Stock,United States,Broad US equity universe
VFF,"Village Farms International, Inc. - Common Shares",United States,Broad US equity universe
VFS,VinFast Auto Ltd. - Ordinary Shares,United States,Broad US equity universe
VG,"Venture Global, Inc. Class A common stock",United States,Broad US equity universe
VGAS,"Verde Clean Fuels, Inc. - Class A Common Stock",United States,Broad US equity universe
VGI,Virtus Global Multi-Sector Income Fund Common Shares of Beneficial Interest,United States,Broad US equity universe
VGM,Invesco Trust for Investment Grade Municipals Common Stock (DE),United States,Broad US equity universe
VGNT,Versigent PLC Ordinary Shares,United States,Broad US equity universe
VGZ,Vista Gold Corp Common Stock,United States,Broad US equity universe
VHC,VirnetX Holding Corp - Common Stock,United States,Broad US equity universe
VHCP,Vine Hill Capital Investment Corp. II - Class A Ordinary Shares,United States,Broad US equity universe
VHI,"Valhi, Inc. Common Stock",United States,Broad US equity universe
VHUB,"VenHub Global, Inc. - Common Stock",United States,Broad US equity universe
VIA,"Via Transportation, Inc. Class A Common Stock",United States,Broad US equity universe
VIAV,Viavi Solutions Inc. - Common Stock,United States,Broad US equity universe
VICI,VICI Properties Inc. Common Stock,United States,Broad US equity universe
VICR,Vicor Corporation - Common Stock,United States,Broad US equity universe
VIDA,VIDA Global Inc. Class A Common Stock,United States,Broad US equity universe
VII,Viking Acquisition Corp. II Class A Ordinary Shares,United States,Broad US equity universe
VIK,Viking Holdings Ltd Ordinary Shares,United States,Broad US equity universe
VINP,Vinci Compass Investments Ltd. - Class A Common Shares,United States,Broad US equity universe
VIP,Vulcan Infrastructure and Power Inc. - Class A Common Stock,United States,Broad US equity universe
VIR,"Vir Biotechnology, Inc. - Common Stock",United States,Broad US equity universe
VIRC,Virco Manufacturing Corporation - Common Stock,United States,Broad US equity universe
VIRT,"Virtu Financial, Inc. Class A Common Stock",United States,Broad US equity universe
VISN,"Vistance Networks, Inc.  - Common Stock",United States,Broad US equity universe
VITL,"Vital Farms, Inc. - Common Stock",United States,Broad US equity universe
VIVK,"Vivakor, Inc. - Common Stock",United States,Broad US equity universe
VIVO,VivoPower PLC - Class A Ordinary Shares,United States,Broad US equity universe
VIVS,"VivoSim Labs, Inc. - Common Stock",United States,Broad US equity universe
VKI,Invesco Advantage Municipal Income Trust II Common Shares of Beneficial Interest (DE),United States,Broad US equity universe
VKQ,Invesco Municipal Trust Common Stock,United States,Broad US equity universe
VKTX,"Viking Therapeutics, Inc. - Common Stock",United States,Broad US equity universe
VLGEA,"Village Super Market, Inc. - Class A Common Stock",United States,Broad US equity universe
VLN,Valens Semiconductor Ltd. Ordinary Shares,United States,Broad US equity universe
VLO,Valero Energy Corporation Common Stock,United States,Broad US equity universe
VLOS,Velos Acquisition I Corp. - Class A Ordinary shares,United States,Broad US equity universe
VLT,Invesco High Income Trust II,United States,Broad US equity universe
VLTO,Veralto Corp Common Stock ,United States,Broad US equity universe
VLY,Valley National Bancorp - Common Stock,United States,Broad US equity universe
VMAR,Vision Marine Technologies Inc. - Common Shares,United States,Broad US equity universe
VMC,Vulcan Materials Company (Holding Company) Common Stock,United States,Broad US equity universe
VMD,"Viemed Healthcare, Inc. - Common Shares",United States,Broad US equity universe
VMET,Versamet Royalties Corporation - Common Stock,United States,Broad US equity universe
VMI,"Valmont Industries, Inc. Common Stock",United States,Broad US equity universe
VMO,Invesco Municipal Opportunity Trust Common Stock,United States,Broad US equity universe
VNCE,Vince Holding Corp. - Common Stock,United States,Broad US equity universe
VNDA,Vanda Pharmaceuticals Inc. - Common Stock,United States,Broad US equity universe
VNME,Vendome Acquisition Corporation I - Class A Ordinary Shares,United States,Broad US equity universe
VNO,Vornado Realty Trust Common Stock,United States,Broad US equity universe
VNOM,"Viper Energy, Inc.  - Class A Common Stock",United States,Broad US equity universe
VNRX,VolitionRX Limited Common Stock,United States,Broad US equity universe
VNT,Vontier Corporation Common Stock ,United States,Broad US equity universe
VNTG,Vantage Corp Class A Ordinary Shares,United States,Broad US equity universe
VOGX,Vogenx Inc - Common Stock,United States,Broad US equity universe
VOR,Vor Biopharma Inc. - Common Stock,United States,Broad US equity universe
VOXR,Vox Royalty Corp. - common stock,United States,Broad US equity universe
VOYA,"Voya Financial, Inc. Common Stock",United States,Broad US equity universe
VOYG,"Voyager Technologies, Inc. Class A Common Stock",United States,Broad US equity universe
VPG,"Vishay Precision Group, Inc. Common Stock",United States,Broad US equity universe
VPV,Invesco Pennsylvania Value Municipal Income Trust Common Stock (DE),United States,Broad US equity universe
VRA,"Vera Bradley, Inc. - Common Stock",United States,Broad US equity universe
VRAX,Virax Biolabs Group Limited - Ordinary Shares,United States,Broad US equity universe
VRCA,Verrica Pharmaceuticals Inc. - Common Stock,United States,Broad US equity universe
VRDN,"Viridian Therapeutics, Inc.  - Common Stock",United States,Broad US equity universe
VREX,Varex Imaging Corporation - Common Stock,United States,Broad US equity universe
VRM,"Vroom, Inc. - Common Stock",United States,Broad US equity universe
VRME,"VerifyMe, Inc. - Common Stock",United States,Broad US equity universe
VRNS,"Varonis Systems, Inc. - Common Stock",United States,Broad US equity universe
VRRM,Verra Mobility Corporation - Class A Common Stock,United States,Broad US equity universe
VRSK,"Verisk Analytics, Inc. - Common Stock",United States,Broad US equity universe
VRSN,"VeriSign, Inc. - Common Stock",United States,Broad US equity universe
VRT,"Vertiv Holdings, LLC Class A Common Stock",United States,Broad US equity universe
VRTS,"Virtus Investment Partners, Inc. Common Stock",United States,Broad US equity universe
VRTX,Vertex Pharmaceuticals Incorporated - Common Stock,United States,Broad US equity universe
VRXA,Veraxa Biotech AG - Ordinary Shares,United States,Broad US equity universe
VS,Versus Systems Inc. - Common Stock,United States,Broad US equity universe
VSAT,"ViaSat, Inc. - Common Stock",United States,Broad US equity universe
VSEC,VSE Corporation - Common Stock,United States,Broad US equity universe
VSH,"Vishay Intertechnology, Inc. Common Stock",United States,Broad US equity universe
VSME,VS Media Holdings Limited - Class A Ordinary Shares,United States,Broad US equity universe
VSNT,"Versant Media Group, Inc. - Class A Common Stock",United States,Broad US equity universe
VST,Vistra Corp. Common Stock,United States,Broad US equity universe
VSTM,"Verastem, Inc. - Common Stock",United States,Broad US equity universe
VSTS,Vestis Corporation Common Stock,United States,Broad US equity universe
VSXY,Victorias Secret & Co. Common Stock ,United States,Broad US equity universe
VTAK,"Catheter Precision, Inc. Common Stock",United States,Broad US equity universe
VTEX,VTEX Class A Common Shares,United States,Broad US equity universe
VTGN,"Vistagen Therapeutics, Inc. - Common Stock",United States,Broad US equity universe
VTIX,Virtuix Holdings Inc. - Class A Common Stock,United States,Broad US equity universe
VTN,Invesco Trust for Investment Grade New York Municipals Common Stock,United States,Broad US equity universe
VTOL,"Bristow Group, Inc. Common Stock",United States,Broad US equity universe
VTR,"Ventas, Inc. Common Stock",United States,Broad US equity universe
VTRS,Viatris Inc. - Common Stock,United States,Broad US equity universe
VTS,"Vitesse Energy, Inc. Common Stock",United States,Broad US equity universe
VTSI,"VirTra, Inc. - Common Stock",United States,Broad US equity universe
VTVT,vTv Therapeutics Inc. - Class A Common Stock,United States,Broad US equity universe
VUZI,Vuzix Corporation  - Common Stock,United States,Broad US equity universe
VVOS,"Vivos Therapeutics, Inc. - Common Stock",United States,Broad US equity universe
VVR,Invesco Senior Income Trust Common Stock (DE),United States,Broad US equity universe
VVV,Valvoline Inc. Common Stock,United States,Broad US equity universe
VVX,"V2X, Inc. Common Stock",United States,Broad US equity universe
VWAV,"VisionWave Holdings, Inc. - Common Stock",United States,Broad US equity universe
VXX,iPath Series B S&P 500 VIX Short-Term Futures ETN,United States,Broad US equity universe
VXZ,iPath Series B S&P 500 VIX Mid-Term Futures ETN,United States,Broad US equity universe
VYGR,"Voyager Therapeutics, Inc. - Common Stock",United States,Broad US equity universe
VYX,NCR Voyix Corporation Common Stock,United States,Broad US equity universe
VZ,Verizon Communications Inc. Common Stock,United States,Broad US equity universe
VZLA,Vizsla Silver Corp. Common Shares,United States,Broad US equity universe
W,Wayfair Inc. Class A Common Stock,United States,Broad US equity universe
WAB,Westinghouse Air Brake Technologies Corporation Common Stock,United States,Broad US equity universe
WABC,Westamerica Bancorporation - Common Stock,United States,Broad US equity universe
WAFD,"WaFd, Inc. - Common Stock",United States,Broad US equity universe
WAFU,Wah Fu Education Group Limited - Ordinary Shares,United States,Broad US equity universe
WAL,Western Alliance Bancorporation Common Stock (DE),United States,Broad US equity universe
WALD,Waldencast plc - Class A Ordinary Share,United States,Broad US equity universe
WASH,"Washington Trust Bancorp, Inc. - Common Stock",United States,Broad US equity universe
WAT,Waters Corporation Common Stock,United States,Broad US equity universe
WATT,Energous Corporation - Common Stock,United States,Broad US equity universe
WAY,Waystar Holding Corp. - Common Stock,United States,Broad US equity universe
WBD,"Warner Bros. Discovery, Inc. - Series A Common Stock",United States,Broad US equity universe
WBI,WaterBridge Infrastructure LLC Class A Shares Representing Limited Liability Company Interests,United States,Broad US equity universe
WBS,Webster Financial Corporation Common Stock,United States,Broad US equity universe
WBTN,WEBTOON Entertainment Inc. - Common stock,United States,Broad US equity universe
WBUY,WEBUY GLOBAL LTD. - Class A Ordinary Shares,United States,Broad US equity universe
WBX,Wallbox N.V. Class A Ordinary Shares,United States,Broad US equity universe
WCC,"WESCO International, Inc. Common Stock",United States,Broad US equity universe
WCN,"Waste Connections, Inc. Common Shares",United States,Broad US equity universe
WCT,Wellchange Holdings Company Limited - Class A Ordinary shares,United States,Broad US equity universe
WD,"Walker & Dunlop, Inc Common Stock",United States,Broad US equity universe
WDAY,"Workday, Inc. - Class A Common Stock",United States,Broad US equity universe
WDC,Western Digital Corporation - Common Stock,United States,Broad US equity universe
WDFC,WD-40 Company - Common Stock,United States,Broad US equity universe
WDI,Western Asset Diversified Income Fund Common Shares of Beneficial Interest,United States,Broad US equity universe
WEAT,Teucrium Wheat Fund,United States,Wheat
WEAV,"Weave Communications, Inc. Common Stock",United States,Broad US equity universe
WEC,"WEC Energy Group, Inc. Common Stock",United States,Broad US equity universe
WELL,Welltower Inc. Common Stock,United States,Broad US equity universe
WEN,Wendy's Company (The) - Common Stock,United States,Broad US equity universe
WENC,West Enclave Merger Corp. Ordinary Shares,United States,Broad US equity universe
WENN,Wen Acquisition Corp - Class A Ordinary Shares,United States,Broad US equity universe
WERN,"Werner Enterprises, Inc. - Common Stock",United States,Broad US equity universe
WEST,Westrock Coffee Company - Common Stock,United States,Broad US equity universe
WETH,Wetouch Technology Inc. - Common Stock,United States,Broad US equity universe
WETO,Wetour Robotics Limited - Ordinary Shares,United States,Broad US equity universe
WEX,WEX Inc. common stock,United States,Broad US equity universe
WEYS,"Weyco Group, Inc. - Common Stock",United States,Broad US equity universe
WFC,Wells Fargo & Company Common Stock,United States,Broad US equity universe
WFCF,"Where Food Comes From, Inc. - Common Stock",United States,Broad US equity universe
WFF,WF Holding Limited - Ordinary Shares,United States,Broad US equity universe
WFG,West Fraser Timber Co. Ltd Common stock,United States,Broad US equity universe
WFRD,Weatherford International plc - Ordinary shares,United States,Broad US equity universe
WGO,"Winnebago Industries, Inc. Common Stock",United States,Broad US equity universe
WGS,GeneDx Holdings Corp. - Class A Common Stock,United States,Broad US equity universe
WH,"Wyndham Hotels & Resorts, Inc. Common Stock ",United States,Broad US equity universe
WHD,"Cactus, Inc. Class A Common Stock",United States,Broad US equity universe
WHF,"WhiteHorse Finance, Inc. - Closed End Fund",United States,Broad US equity universe
WHG,Westwood Holdings Group Inc Common Stock,United States,Broad US equity universe
WHK,WhiteHawk Minerals Corp Class A Common Stock,United States,Broad US equity universe
WHLR,"Wheeler Real Estate Investment Trust, Inc. - Common Stock",United States,Broad US equity universe
WHR,Whirlpool Corporation Common Stock,United States,Broad US equity universe
WHWK,"Whitehawk Therapeutics, Inc. - Common Stock",United States,Broad US equity universe
WIA,Western Asset Inflation-Linked Income Fund,United States,Broad US equity universe
WILC,"G. Willi-Food International,  Ltd. - Ordinary Shares",United States,Broad US equity universe
WIMI,WiMi Hologram Cloud Inc. - Class B Ordinary Shares,United States,Broad US equity universe
WINA,Winmark Corporation - Common Stock,United States,Broad US equity universe
WING,Wingstop Inc. - Common Stock,United States,Broad US equity universe
WIT,Wipro Limited Common Stock,United States,Broad US equity universe
WIW,Western Asset Inflation-Linked Opportunities & Income Fund,United States,Broad US equity universe
WIX,Wix.com Ltd. - Ordinary Shares,United States,Broad US equity universe
WK,Workiva Inc. Class A Common Stock,United States,Broad US equity universe
WKC,World Kinect Corporation Common Stock,United States,Broad US equity universe
WKHS,"Workhorse Group, Inc. - Common Stock",United States,Broad US equity universe
WKSP,"Worksport, Ltd. - Common Stock",United States,Broad US equity universe
WLCO,Wilco 63 Corporation - Class A Ordinary Shares,United States,Broad US equity universe
WLDN,"Willdan Group, Inc. - Common Stock",United States,Broad US equity universe
WLDS,Wearable Devices Ltd. - Ordinary Share,United States,Broad US equity universe
WLFC,Willis Lease Finance Corporation - Common Stock,United States,Broad US equity universe
WLII,Willow Lane Acquisition Corp. II - Class A Ordinary Shares,United States,Broad US equity universe
WLK,Westlake Corporation Common Stock,United States,Broad US equity universe
WLTH,Wealthfront Corporation - Common Stock,United States,Broad US equity universe
WLY,"John Wiley & Sons, Inc. Common Stock",United States,Broad US equity universe
WLYB,"John Wiley & Sons, Inc. Common Stock",United States,Broad US equity universe
WM,"Waste Management, Inc. Common Stock",United States,Broad US equity universe
WMB,"Williams Companies, Inc. (The) Common Stock",United States,Broad US equity universe
WMG,Warner Music Group Corp. - Class A Common Stock,United States,Broad US equity universe
WMK,"Weis Markets, Inc. Common Stock",United States,Broad US equity universe
WMS,"Advanced Drainage Systems, Inc. Common Stock",United States,Broad US equity universe
WMT,Walmart Inc. - Common Stock,United States,Broad US equity universe
WNC,Wabash National Corporation Common Stock,United States,Broad US equity universe
WNEB,"Western New England Bancorp, Inc. - Common Stock",United States,Broad US equity universe
WNW,Meiwu Technology Company Limited - Ordinary Shares,United States,Broad US equity universe
WOK,WORK Medical Technology Group LTD - Class A Ordinary Shares,United States,Broad US equity universe
WOLF,"Wolfspeed, Inc. Common Stock New",United States,Broad US equity universe
WOOF,"Petco Health and Wellness Company, Inc. - Class A Common Stock",United States,Broad US equity universe
WOR,"Worthington Enterprises, Inc. Common Shares",United States,Broad US equity universe
WPAC,White Pearl Acquisition Corp. Class A Ordinary Shares,United States,Broad US equity universe
WPC,W. P. Carey Inc. REIT,United States,Broad US equity universe
WPM,Wheaton Precious Metals Corp Common Shares (Canada),United States,Broad US equity universe
WPRT,Westport Fuel Systems Inc - Common Shares,United States,Broad US equity universe
WRAP,"Wrap Technologies, Inc. - Common Stock",United States,Broad US equity universe
WRB,W.R. Berkley Corporation Common Stock,United States,Broad US equity universe
WRBY,Warby Parker Inc. Class A Common Stock,United States,Broad US equity universe
WRLD,World Acceptance Corporation - Common Stock,United States,Broad US equity universe
WRN,Western Copper and Gold Corporation Common Stock,United States,Broad US equity universe
WS,"Worthington Steel, Inc. Common Shares",United States,Broad US equity universe
WSBC,"WesBanco, Inc. - Common Stock",United States,Broad US equity universe
WSBF,"Waterstone Financial, Inc. - Common Stock",United States,Broad US equity universe
WSBK,"Winchester Bancorp, Inc. - Common Stock",United States,Broad US equity universe
WSC,WillScot Holdings Corporation - Class A Common Stock,United States,Broad US equity universe
WSE,Wise Group plc - Class A Ordinary Shares,United States,Broad US equity universe
WSFS,WSFS Financial Corporation - Common Stock,United States,Broad US equity universe
WSHP,WeShop Holdings Limited - Class A Ordinary Shares,United States,Broad US equity universe
WSM,"Williams-Sonoma, Inc. Common Stock (DE)",United States,Broad US equity universe
WSO,"Watsco, Inc. Common Stock",United States,Broad US equity universe
WSO-B,"Watsco, Inc. Class B Common Stock",United States,Broad US equity universe
WST,"West Pharmaceutical Services, Inc. Common Stock",United States,Broad US equity universe
WSTN,Westin Acquisition Corp - Class A Ordinary Share,United States,Broad US equity universe
WT,"WisdomTree, Inc. Common Stock",United States,Broad US equity universe
WTBA,West Bancorporation - Common Stock,United States,Broad US equity universe
WTF,Waton Financial Limited - Ordinary Shares,United States,Broad US equity universe
WTFC,Wintrust Financial Corporation - Common Stock,United States,Broad US equity universe
WTG,Wintergreen Acquisition Corp. - Ordinary Shares,United States,Broad US equity universe
WTI,"W&T Offshore, Inc. Common Stock",United States,Broad US equity universe
WTM,"White Mountains Insurance Group, Ltd. Common Stock",United States,Broad US equity universe
WTRG,"Essential Utilities, Inc. Common Stock",United States,Broad US equity universe
WTS,"Watts Water Technologies, Inc. Class A Common Stock",United States,Broad US equity universe
WTTR,"Select Water Solutions, Inc. Class A common stock",United States,Broad US equity universe
WTW,Willis Towers Watson Public Limited Company - Ordinary Shares,United States,Broad US equity universe
WU,Western Union Company (The) Common Stock,United States,Broad US equity universe
WULF,TeraWulf Inc. - Common Stock,United States,Broad US equity universe
WVE,"Wave Life Sciences, Inc. - Common Stock",United States,Broad US equity universe
WVVI,"Willamette Valley Vineyards, Inc. - Common Stock",United States,Broad US equity universe
WW,"WW International, Inc.  - Common Stock",United States,Broad US equity universe
WWD,"Woodward, Inc. - Common Stock",United States,Broad US equity universe
WWR,"Westwater Resources, Inc. Common Stock",United States,Broad US equity universe
WWW,"Wolverine World Wide, Inc. Common Stock",United States,Broad US equity universe
WXM,WF International Limited - Ordinary Shares,United States,Broad US equity universe
WY,Weyerhaeuser Company Common Stock,United States,Broad US equity universe
WYFI,"WhiteFiber, Inc. - Ordinary Shares",United States,Broad US equity universe
WYNN,"Wynn Resorts, Limited - Common Stock",United States,Broad US equity universe
WYY,WidePoint Corporation Common Stock,United States,Broad US equity universe
XAIR,"Beyond Air, Inc. - Common Stock",United States,Broad US equity universe
XBIO,"Xenetic Biosciences, Inc. - Common Stock",United States,Broad US equity universe
XBIT,XBiotech Inc. - Common Stock,United States,Broad US equity universe
XBP,"XBP Global Holdings, Inc. - Common Stock",United States,Broad US equity universe
XCBE,X3 Acquisition Corp. Ltd. - Class A Ordinary Shares,United States,Broad US equity universe
XCH,XCHG Limited - ADS,United States,Broad US equity universe
XCUR,"Exicure, Inc. - Common Stock",United States,Broad US equity universe
XE,"X-Energy, Inc. - Class A Common Stock",United States,Broad US equity universe
XEL,Xcel Energy Inc. - Common Stock,United States,Broad US equity universe
XELB,"Xcel Brands, Inc - Common Stock",United States,Broad US equity universe
XELLL,"Xcel Energy Inc. - 6.25% Junior Subordinated Notes, Series due 2085",United States,Broad US equity universe
XENE,Xenon Pharmaceuticals Inc. - Common Shares,United States,Broad US equity universe
XERS,"Xeris Biopharma Holdings, Inc. - Common Stock",United States,Broad US equity universe
XFLH,XFLH Capital Corporation Ordinary Shares,United States,Broad US equity universe
XFLT,XAI Floating Rate & Alternative Income Trust Common Shares of Beneficial Interest,United States,Broad US equity universe
XFOR,"X4 Pharmaceuticals, Inc. - Common Stock",United States,Broad US equity universe
XGN,Exagen Inc. - Common Stock,United States,Broad US equity universe
XHLD,"TEN Holdings, Inc. - Common Stock",United States,Broad US equity universe
XHR,"Xenia Hotels & Resorts, Inc. Common Stock",United States,Broad US equity universe
XLO,"Xilio Therapeutics, Inc. - Common Stock",United States,Broad US equity universe
XMAX,"XMAX, Inc. - Common Stock",United States,Broad US equity universe
XMTR,"Xometry, Inc. - Class A Common Stock",United States,Broad US equity universe
XNCR,"Xencor, Inc. - Common Stock",United States,Broad US equity universe
XNDU,Xanadu Quantum Technologies Limited - Class B Subordinate Voting Shares,United States,Broad US equity universe
XOM,ExxonMobil Holdings Corporation Common Stock,United States,Broad US equity universe
XOS,"Xos, Inc. - Common Stock",United States,Broad US equity universe
XP,XP Inc. - Class A Common Stock,United States,Broad US equity universe
XPEL,"XPEL, Inc. - Common Stock",United States,Broad US equity universe
XPER,Xperi Inc. Common Stock ,United States,Broad US equity universe
XPL,Solitario Resources Corp. Common Stock,United States,Broad US equity universe
XPO,"XPO, Inc. Common Stock",United States,Broad US equity universe
XPOF,"Xponential Fitness, Inc. Class A Common Stock",United States,Broad US equity universe
XPON,Expion360 Inc. - Common Stock,United States,Broad US equity universe
XPRO,Expro Ltd Ordinary Shares,United States,Broad US equity universe
XRAY,DENTSPLY SIRONA Inc. - Common Stock,United States,Broad US equity universe
XRN,Chiron Real Estate Inc. Common Stock,United States,Broad US equity universe
XRPN,Armada Acquisition Corp. II - Class A Ordinary Shares,United States,Broad US equity universe
XRTX,XORTX Therapeutics Inc. - Common Shares,United States,Broad US equity universe
XRX,Xerox Holdings Corporation - Common Stock,United States,Broad US equity universe
XSLL,Xsolla SPAC 1 - Class A Ordinary Shares,United States,Broad US equity universe
XTIA,"XTI Aerospace, Inc. Common Stock  - Common Stock",United States,Broad US equity universe
XTNT,"Xtant Medical Holdings, Inc. Common Stock",United States,Broad US equity universe
XWEL,"XWELL, Inc. - Common Stock",United States,Broad US equity universe
XXI,"Twenty One Capital, Inc. Class A Common Stock",United States,Broad US equity universe
XXII,"22nd Century Group, Inc - Common Stock",United States,Broad US equity universe
XYL,Xylem Inc. Common Stock New,United States,Broad US equity universe
XYZ,"Block, Inc. Class A Common Stock,",United States,Broad US equity universe
XZO,"Exzeo Group, Inc. Common Stock",United States,Broad US equity universe
YAAS,Youxin Technology Ltd - Class A Ordinary shares,United States,Broad US equity universe
YARW,"Yarrow Bioscience, Inc. - Common Stock",United States,Broad US equity universe
YCBD,"cbdMD, Inc. Common Stock",United States,Broad US equity universe
YCY,AA Mission Acquisition Corp. II Class A Ordinary Shares,United States,Broad US equity universe
YDDL,One and One Green Technologies. INC - Class A Ordinary Shares,United States,Broad US equity universe
YDES,YD Bio Limited - Ordinary Shares,United States,Broad US equity universe
YDKG,Yueda Digital Holding - Class A Ordinary Share,United States,Broad US equity universe
YELP,Yelp Inc. Common Stock,United States,Broad US equity universe
YETI,"YETI Holdings, Inc. Common Stock",United States,Broad US equity universe
YEXT,"Yext, Inc. Common Stock",United States,Broad US equity universe
YHC,LQR House Inc. - Common Stock,United States,Broad US equity universe
YHGJ,Yunhong Green CTI Ltd. - Common Stock,United States,Broad US equity universe
YHNA,YHN Acquisition I Limited - Ordinary Shares,United States,Broad US equity universe
YIBO,Planet Image International Limited - Class A Ordinary Shares,United States,Broad US equity universe
YICC,Yorkville International Capital Corp. - Class A Ordinary Shares,United States,Broad US equity universe
YJ,Yunji Inc. - American Depository Shares,United States,Broad US equity universe
YMAT,"J-Star Holding Co., Ltd. - Class A Ordinary Shares",United States,Broad US equity universe
YORW,The York Water Company - Common Stock,United States,Broad US equity universe
YOU,"Clear Secure, Inc. Class A Common Stock",United States,Broad US equity universe
YSS,York Space Systems Inc. Common Stock,United States,Broad US equity universe
YSWY,"Yesway, Inc. - Class A Common Stock",United States,Broad US equity universe
YSXT,"YSX Tech. Co., Ltd  - Class A Ordinary Shares",United States,Broad US equity universe
YTRA,"Yatra Online, Inc. - Ordinary Shares",United States,Broad US equity universe
YUM,"Yum! Brands, Inc.",United States,Broad US equity universe
YUMC,"Yum China Holdings, Inc. Common Stock",United States,Broad US equity universe
YXT,YXT.COM GROUP HOLDING LIMITED - American Depository Shares,United States,Broad US equity universe
YYAI,AiRWA Inc. - Common Stock,United States,Broad US equity universe
YYGH,YY Group Holding Limited - Class A Ordinary Shares,United States,Broad US equity universe
Z,"Zillow Group, Inc. - Class C Capital Stock",United States,Broad US equity universe
ZBAO,Zhibao Technology Inc. - Class A Ordinary Shares,United States,Broad US equity universe
ZBH,"Zimmer Biomet Holdings, Inc. Common Stock",United States,Broad US equity universe
ZBIO,"Zenas BioPharma, Inc. - Common Stock",United States,Broad US equity universe
ZBRA,Zebra Technologies Corporation - Class A Common Stock,United States,Broad US equity universe
ZCMD,Zhongchao Inc. - Class A Ordinary Shares,United States,Broad US equity universe
ZD,"Ziff Davis, Inc. - Common Stock",United States,Broad US equity universe
ZDAI,"DirectBooking Technology Co., Ltd. - Class A Ordinary Shares",United States,Broad US equity universe
ZDGE,"Zedge, Inc. Class B Common Stock ",United States,Broad US equity universe
ZENA,"ZenaTech, Inc. - Common Stock",United States,Broad US equity universe
ZEO,Zeo Energy Corporation - Class A Common Stock,United States,Broad US equity universe
ZETA,Zeta Global Holdings Corp. Class A Common Stock,United States,Broad US equity universe
ZG,"Zillow Group, Inc. - Class A Common Stock",United States,Broad US equity universe
ZGN,Ermenegildo Zegna N.V. Ordinary Shares,United States,Broad US equity universe
ZIM,ZIM Integrated Shipping Services Ltd. Ordinary Shares,United States,Broad US equity universe
ZION,Zions Bancorporation N.A. - Common Stock,United States,Broad US equity universe
ZIP,"ZipRecruiter, Inc. Class A Common Stock",United States,Broad US equity universe
ZJK,"ZJK Industrial Co., Ltd. - Class A Ordinary Shares",United States,Broad US equity universe
ZJYL,JIN MEDICAL INTERNATIONAL LTD. - Class A Ordinary Shares,United States,Broad US equity universe
ZKIN,"ZK International Group Co., Ltd - Ordinary Share",United States,Broad US equity universe
ZKP,Lafayette Digital Acquisition Corp. I - Class A Ordinary Shares,United States,Broad US equity universe
ZM,"Zoom Communications, Inc. - Class A Common Stock",United States,Broad US equity universe
ZNB,Zeta Network Group - Class A Ordinary Shares,United States,Broad US equity universe
ZNTL,"Zentalis Pharmaceuticals, Inc. - common stock",United States,Broad US equity universe
ZONE,CleanCore Solutions Inc. Class B Common Stock,United States,Broad US equity universe
ZOOZ,ZOOZ Strategy Ltd. - Ordinary Shares,United States,Broad US equity universe
ZS,"Zscaler, Inc. - Common Stock",United States,Broad US equity universe
ZSQR,Z Squared Inc. - Common Stock,United States,Broad US equity universe
ZSTK,ZeroStack Corp. - Common Stock,United States,Broad US equity universe
ZTEK,Zentek Ltd. - common stock,United States,Broad US equity universe
ZTG,Zenta Group Company Limited - Class A Ordinary Shares,United States,Broad US equity universe
ZTR,Virtus Total Return Fund Inc.,United States,Broad US equity universe
ZTS,Zoetis Inc. Class A Common Stock,United States,Broad US equity universe
ZUMZ,Zumiez Inc. - Common Stock,United States,Broad US equity universe
ZURA,Zura Bio Limited - Class A Ordinary shares,United States,Broad US equity universe
ZVIA,Zevia PBC Class A Common Stock,United States,Broad US equity universe
ZVRA,"Zevra Therapeutics, Inc.  - Common Stock",United States,Broad US equity universe
ZWS,Zurn Elkay Water Solutions Corporation Common Stock,United States,Broad US equity universe
ZYBT,Zhengye Biotechnology Holding Limited - Class A Ordinary Shares,United States,Broad US equity universe
ZYME,Zymeworks Inc. - Common Stock,United States,Broad US equity universe
